server_seed,client_seed,nonce,raw_output,outcome,timestamp,mechanism_id
fb615023fb648785ebc938974462a8e059397f448f13292a45e400fb66a72e83,0x9cCC8e15c58bfEa77D820D1B784f9Ec931B76c3b,0,1d2e2cd01309c25fad183157f02afa9e85a5f1206689fe357d58dc7cc8a95a94,9.0,2026-06-03T16:00:07.195764+00:00,betswirl-chainlink-vrf-v2.5
fb615023fb648785ebc938974462a8e059397f448f13292a45e400fb66a72e83,0x9cCC8e15c58bfEa77D820D1B784f9Ec931B76c3b,1,fb5145105a154f0f1d9adaff7121d7d15b5a8b179695198b747c18fdc5b5f05f,60.0,2026-06-03T16:00:07.195863+00:00,betswirl-chainlink-vrf-v2.5
fb615023fb648785ebc938974462a8e059397f448f13292a45e400fb66a72e83,0x9cCC8e15c58bfEa77D820D1B784f9Ec931B76c3b,2,cfc5b9ceacec70919e9e2d7df03e6d31983039eb289599debf14139db4d2b94f,24.0,2026-06-03T16:00:07.195992+00:00,betswirl-chainlink-vrf-v2.5
fb615023fb648785ebc938974462a8e059397f448f13292a45e400fb66a72e83,0x9cCC8e15c58bfEa77D820D1B784f9Ec931B76c3b,3,28d4d776b862bfdaa769307bafe71d1c6dbd675e6676d8ab6bae0e9b82550f29,6.0,2026-06-03T16:00:07.196046+00:00,betswirl-chainlink-vrf-v2.5
fb615023fb648785ebc938974462a8e059397f448f13292a45e400fb66a72e83,0x9cCC8e15c58bfEa77D820D1B784f9Ec931B76c3b,4,94605930e5a454447d427d3fd0103c6ecfd07c63f3015f926a27ff214dae3d9a,47.0,2026-06-03T16:00:07.196079+00:00,betswirl-chainlink-vrf-v2.5
fb615023fb648785ebc938974462a8e059397f448f13292a45e400fb66a72e83,0x9cCC8e15c58bfEa77D820D1B784f9Ec931B76c3b,5,5ca07395aaebc257ba0f6ef9a5415f18dbc9832da678ee2296fdd139b1963ad3,36.0,2026-06-03T16:00:07.196106+00:00,betswirl-chainlink-vrf-v2.5
fb615023fb648785ebc938974462a8e059397f448f13292a45e400fb66a72e83,0x9cCC8e15c58bfEa77D820D1B784f9Ec931B76c3b,6,a9fd185390d804962afdd7e60ee96803cb3ad4a4faaa173c8f133b04d75ac483,40.0,2026-06-03T16:00:07.196132+00:00,betswirl-chainlink-vrf-v2.5
fb615023fb648785ebc938974462a8e059397f448f13292a45e400fb66a72e83,0x9cCC8e15c58bfEa77D820D1B784f9Ec931B76c3b,7,cdf71411e38288ac59b97d8b377dacaaafaf1e3f69addb69c69d7bac0e32302f,4.0,2026-06-03T16:00:07.196158+00:00,betswirl-chainlink-vrf-v2.5
fb615023fb648785ebc938974462a8e059397f448f13292a45e400fb66a72e83,0x9cCC8e15c58bfEa77D820D1B784f9Ec931B76c3b,8,df34161a1d118af7aaa5c88993a5eb4feeac47af2713f965a590a4d54c4db789,46.0,2026-06-03T16:00:07.196181+00:00,betswirl-chainlink-vrf-v2.5
fb615023fb648785ebc938974462a8e059397f448f13292a45e400fb66a72e83,0x9cCC8e15c58bfEa77D820D1B784f9Ec931B76c3b,9,3da681e6184bb54f21d10a464cf6c515b528bea38997fe9eeb96a138e0277bad,18.0,2026-06-03T16:00:07.196203+00:00,betswirl-chainlink-vrf-v2.5
fb615023fb648785ebc938974462a8e059397f448f13292a45e400fb66a72e83,0x9cCC8e15c58bfEa77D820D1B784f9Ec931B76c3b,10,4d4511fc9c33e6b51c80e0a5c8ac1372cc3e18afc862880f650dbf197209a531,10.0,2026-06-03T16:00:07.196225+00:00,betswirl-chainlink-vrf-v2.5
fb615023fb648785ebc938974462a8e059397f448f13292a45e400fb66a72e83,0x9cCC8e15c58bfEa77D820D1B784f9Ec931B76c3b,11,92b899f4fffbee3d3000fc1fca5cb3fae7d2115e598811597362c9c22e2897e8,17.0,2026-06-03T16:00:07.196247+00:00,betswirl-chainlink-vrf-v2.5
fb615023fb648785ebc938974462a8e059397f448f13292a45e400fb66a72e83,0x9cCC8e15c58bfEa77D820D1B784f9Ec931B76c3b,12,ab413e6b79b534d6f90e2c8c861cfe5dcf9dba0cf7c75e99b5b9c96fe8eb43a7,64.0,2026-06-03T16:00:07.196269+00:00,betswirl-chainlink-vrf-v2.5
fb615023fb648785ebc938974462a8e059397f448f13292a45e400fb66a72e83,0x9cCC8e15c58bfEa77D820D1B784f9Ec931B76c3b,13,c4a081420914710578882301984bfb9291b9883e4b22eaa3411d25c9b7ed3e03,96.0,2026-06-03T16:00:07.196289+00:00,betswirl-chainlink-vrf-v2.5
fb615023fb648785ebc938974462a8e059397f448f13292a45e400fb66a72e83,0x9cCC8e15c58bfEa77D820D1B784f9Ec931B76c3b,14,2723547f21767e2da20906dda98393bddddd5799fe95b98576917bfb3529040c,97.0,2026-06-03T16:00:07.196310+00:00,betswirl-chainlink-vrf-v2.5
fb615023fb648785ebc938974462a8e059397f448f13292a45e400fb66a72e83,0x9cCC8e15c58bfEa77D820D1B784f9Ec931B76c3b,15,e8909564865842d0d87e8a551ac46a501c4d87a3de7679d5028aac8502439939,66.0,2026-06-03T16:00:07.196331+00:00,betswirl-chainlink-vrf-v2.5
fb615023fb648785ebc938974462a8e059397f448f13292a45e400fb66a72e83,0x9cCC8e15c58bfEa77D820D1B784f9Ec931B76c3b,16,d3595b5662c2a412216b898f3980874a710cccbeb4a4e4ded2123912e96be4fb,76.0,2026-06-03T16:00:07.196351+00:00,betswirl-chainlink-vrf-v2.5
fb615023fb648785ebc938974462a8e059397f448f13292a45e400fb66a72e83,0x9cCC8e15c58bfEa77D820D1B784f9Ec931B76c3b,17,52c38b8005826919f29ef2217413d279f73774c95711dd4f79ca17713db0fbde,83.0,2026-06-03T16:00:07.196372+00:00,betswirl-chainlink-vrf-v2.5
fb615023fb648785ebc938974462a8e059397f448f13292a45e400fb66a72e83,0x9cCC8e15c58bfEa77D820D1B784f9Ec931B76c3b,18,8f16cdc3296d9fc1f5551cdf747f4ac28e3da0366d0c6f67b9e3a4a48507bbf8,17.0,2026-06-03T16:00:07.196400+00:00,betswirl-chainlink-vrf-v2.5
fb615023fb648785ebc938974462a8e059397f448f13292a45e400fb66a72e83,0x9cCC8e15c58bfEa77D820D1B784f9Ec931B76c3b,19,5547d87280fd1e41dd0c574f4e69dc2b3160695ec6c57b1b8e62e20ab823e3b6,91.0,2026-06-03T16:00:07.196487+00:00,betswirl-chainlink-vrf-v2.5
fb615023fb648785ebc938974462a8e059397f448f13292a45e400fb66a72e83,0x9cCC8e15c58bfEa77D820D1B784f9Ec931B76c3b,20,65ff37b616be85c93ebf49d85621b78d73db3e93b5b64a4d7a5866cf21d992f4,61.0,2026-06-03T16:00:07.196546+00:00,betswirl-chainlink-vrf-v2.5
fb615023fb648785ebc938974462a8e059397f448f13292a45e400fb66a72e83,0x9cCC8e15c58bfEa77D820D1B784f9Ec931B76c3b,21,cefe824669c6b53b73909234f8888ee6c468a8d8a358d4be85e4a84b37ccfe61,78.0,2026-06-03T16:00:07.196583+00:00,betswirl-chainlink-vrf-v2.5
fb615023fb648785ebc938974462a8e059397f448f13292a45e400fb66a72e83,0x9cCC8e15c58bfEa77D820D1B784f9Ec931B76c3b,22,89e445cadb18c06245b81a23d23747cebc17c484fe0865ed142e92f5490c3814,33.0,2026-06-03T16:00:07.196611+00:00,betswirl-chainlink-vrf-v2.5
fb615023fb648785ebc938974462a8e059397f448f13292a45e400fb66a72e83,0x9cCC8e15c58bfEa77D820D1B784f9Ec931B76c3b,23,eb7c08e66503185452de690a2d275ddfa17bc6000a2e54fb6d5077a683d150ca,83.0,2026-06-03T16:00:07.196635+00:00,betswirl-chainlink-vrf-v2.5
fb615023fb648785ebc938974462a8e059397f448f13292a45e400fb66a72e83,0x9cCC8e15c58bfEa77D820D1B784f9Ec931B76c3b,24,8d4fe6d7cfe119de5a5fd2c4a86f27e060ea4df5ada7020aad954f3ea52997f3,40.0,2026-06-03T16:00:07.196658+00:00,betswirl-chainlink-vrf-v2.5
fb615023fb648785ebc938974462a8e059397f448f13292a45e400fb66a72e83,0x9cCC8e15c58bfEa77D820D1B784f9Ec931B76c3b,25,842a74baa6826cbee3b90dcc5be632d49e241932044a3d098d5fa01702270893,20.0,2026-06-03T16:00:07.196682+00:00,betswirl-chainlink-vrf-v2.5
fb615023fb648785ebc938974462a8e059397f448f13292a45e400fb66a72e83,0x9cCC8e15c58bfEa77D820D1B784f9Ec931B76c3b,26,9ff77b1d36e97a04ee35c725d5c4522ffc10d6bf3617d9ee7663691a40860de9,14.0,2026-06-03T16:00:07.196705+00:00,betswirl-chainlink-vrf-v2.5
fb615023fb648785ebc938974462a8e059397f448f13292a45e400fb66a72e83,0x9cCC8e15c58bfEa77D820D1B784f9Ec931B76c3b,27,210d9b547ac623dc4a135726437f8ebfc12b5a5e2f2b3e50010c85d1e9e16fee,35.0,2026-06-03T16:00:07.196729+00:00,betswirl-chainlink-vrf-v2.5
fb615023fb648785ebc938974462a8e059397f448f13292a45e400fb66a72e83,0x9cCC8e15c58bfEa77D820D1B784f9Ec931B76c3b,28,59fc1f3b6e4038df4ff34de8005a55495ca43cf0e4ba449fd7782251c038e965,78.0,2026-06-03T16:00:07.196751+00:00,betswirl-chainlink-vrf-v2.5
fb615023fb648785ebc938974462a8e059397f448f13292a45e400fb66a72e83,0x9cCC8e15c58bfEa77D820D1B784f9Ec931B76c3b,29,95bf4b568e6f6fc205a5cf0b541d6a8cfc6ba5131a2bd3b76b49cb8afd6e225e,35.0,2026-06-03T16:00:07.196772+00:00,betswirl-chainlink-vrf-v2.5
fb615023fb648785ebc938974462a8e059397f448f13292a45e400fb66a72e83,0x9cCC8e15c58bfEa77D820D1B784f9Ec931B76c3b,30,fde0947d6b85b7fc2ae309afcc656cc46da18adfb3328f24431be773cb836002,79.0,2026-06-03T16:00:07.196794+00:00,betswirl-chainlink-vrf-v2.5
fb615023fb648785ebc938974462a8e059397f448f13292a45e400fb66a72e83,0x9cCC8e15c58bfEa77D820D1B784f9Ec931B76c3b,31,ea5d1e5d81ed7ffbbec5256a9815711b8545b83253db9710bf0f4b86dfefcb09,22.0,2026-06-03T16:00:07.196815+00:00,betswirl-chainlink-vrf-v2.5
fb615023fb648785ebc938974462a8e059397f448f13292a45e400fb66a72e83,0x9cCC8e15c58bfEa77D820D1B784f9Ec931B76c3b,32,44c6fa1c0e3a8e7f0f6f775b97652c95c3c516679a6a1e30d0067bc772143b8c,81.0,2026-06-03T16:00:07.196840+00:00,betswirl-chainlink-vrf-v2.5
fb615023fb648785ebc938974462a8e059397f448f13292a45e400fb66a72e83,0x9cCC8e15c58bfEa77D820D1B784f9Ec931B76c3b,33,2caec2a3d0265f21171e044506ee49bdefc8473dfd93667baf318e07101a56ee,87.0,2026-06-03T16:00:07.196862+00:00,betswirl-chainlink-vrf-v2.5
fb615023fb648785ebc938974462a8e059397f448f13292a45e400fb66a72e83,0x9cCC8e15c58bfEa77D820D1B784f9Ec931B76c3b,34,a5077ad16f64dd9dc75e68a764f3e905912b010484684e72d4d607befcc6bb7f,96.0,2026-06-03T16:00:07.196889+00:00,betswirl-chainlink-vrf-v2.5
fb615023fb648785ebc938974462a8e059397f448f13292a45e400fb66a72e83,0x9cCC8e15c58bfEa77D820D1B784f9Ec931B76c3b,35,ad52766c7f2c0b99d6de67cd82b2fbabc768d31a5797eef437a4dd0091e29e53,8.0,2026-06-03T16:00:07.196910+00:00,betswirl-chainlink-vrf-v2.5
fb615023fb648785ebc938974462a8e059397f448f13292a45e400fb66a72e83,0x9cCC8e15c58bfEa77D820D1B784f9Ec931B76c3b,36,4619c0af6afd9975ab3f6668d4ed95e307c5ed0e2e917c926447b85e63689758,69.0,2026-06-03T16:00:07.196934+00:00,betswirl-chainlink-vrf-v2.5
fb615023fb648785ebc938974462a8e059397f448f13292a45e400fb66a72e83,0x9cCC8e15c58bfEa77D820D1B784f9Ec931B76c3b,37,510e7b9fed3f2406bed64af277bb233a5a4ce980e33763b9393955ad2ec4fcec,9.0,2026-06-03T16:00:07.196955+00:00,betswirl-chainlink-vrf-v2.5
fb615023fb648785ebc938974462a8e059397f448f13292a45e400fb66a72e83,0x9cCC8e15c58bfEa77D820D1B784f9Ec931B76c3b,38,b371a29821b451ffbbff88189a80c254524e8a33971cae577b7d6e4255347b66,23.0,2026-06-03T16:00:07.196978+00:00,betswirl-chainlink-vrf-v2.5
fb615023fb648785ebc938974462a8e059397f448f13292a45e400fb66a72e83,0x9cCC8e15c58bfEa77D820D1B784f9Ec931B76c3b,39,5f1b473df55aa19ef13a77507f849ba34b228912b56f9933c8894e364fd9c39c,45.0,2026-06-03T16:00:07.197001+00:00,betswirl-chainlink-vrf-v2.5
fb615023fb648785ebc938974462a8e059397f448f13292a45e400fb66a72e83,0x9cCC8e15c58bfEa77D820D1B784f9Ec931B76c3b,40,8601ad5b7e5a3215bbfd56ae7a683902f215f9aa2b9ad0319143a7a7ef4bb4d0,1.0,2026-06-03T16:00:07.197033+00:00,betswirl-chainlink-vrf-v2.5
fb615023fb648785ebc938974462a8e059397f448f13292a45e400fb66a72e83,0x9cCC8e15c58bfEa77D820D1B784f9Ec931B76c3b,41,e04d5773f9e4d48d87abe65a9d72a06d7aef35fdcc20f48374cf45e7a377f199,42.0,2026-06-03T16:00:07.197226+00:00,betswirl-chainlink-vrf-v2.5
fb615023fb648785ebc938974462a8e059397f448f13292a45e400fb66a72e83,0x9cCC8e15c58bfEa77D820D1B784f9Ec931B76c3b,42,d9ada8588e56174821c8b638950603b6a7f89a62569d0c744c9e7e7dbf68c429,26.0,2026-06-03T16:00:07.197372+00:00,betswirl-chainlink-vrf-v2.5
fb615023fb648785ebc938974462a8e059397f448f13292a45e400fb66a72e83,0x9cCC8e15c58bfEa77D820D1B784f9Ec931B76c3b,43,5714a26c61ff447abd6bb3f6e118c95554876ac82cecc36b7ad9185d506d05df,76.0,2026-06-03T16:00:07.197489+00:00,betswirl-chainlink-vrf-v2.5
fb615023fb648785ebc938974462a8e059397f448f13292a45e400fb66a72e83,0x9cCC8e15c58bfEa77D820D1B784f9Ec931B76c3b,44,dc7bb066326c1e6d63b49505f3bbc51cdc3135b7481d5d89f59d7e36d6dbe6d0,41.0,2026-06-03T16:00:07.197591+00:00,betswirl-chainlink-vrf-v2.5
fb615023fb648785ebc938974462a8e059397f448f13292a45e400fb66a72e83,0x9cCC8e15c58bfEa77D820D1B784f9Ec931B76c3b,45,6889fc6589407c8258e5f646a743b1c93e2c6f5e3eebaf3cc4f28f85afeade94,81.0,2026-06-03T16:00:07.197704+00:00,betswirl-chainlink-vrf-v2.5
fb615023fb648785ebc938974462a8e059397f448f13292a45e400fb66a72e83,0x9cCC8e15c58bfEa77D820D1B784f9Ec931B76c3b,46,811b0489dab8d725aa7b9069571c75e1afc88d117a2355b3d1498c1ad68527c6,27.0,2026-06-03T16:00:07.197774+00:00,betswirl-chainlink-vrf-v2.5
fb615023fb648785ebc938974462a8e059397f448f13292a45e400fb66a72e83,0x9cCC8e15c58bfEa77D820D1B784f9Ec931B76c3b,47,92ec48ea514f1f42b375ee01716fd96be8dd74488c1c40d0eea04f9835ad2d29,6.0,2026-06-03T16:00:07.197842+00:00,betswirl-chainlink-vrf-v2.5
fb615023fb648785ebc938974462a8e059397f448f13292a45e400fb66a72e83,0x9cCC8e15c58bfEa77D820D1B784f9Ec931B76c3b,48,e353de263ca4da6a272752e76a01317cb28cc9402286dcdde0e5826dbc278dc5,74.0,2026-06-03T16:00:07.197892+00:00,betswirl-chainlink-vrf-v2.5
fb615023fb648785ebc938974462a8e059397f448f13292a45e400fb66a72e83,0x9cCC8e15c58bfEa77D820D1B784f9Ec931B76c3b,49,4cfc0a06fbce8c40e370f4b7f1df6a7eb251c7eae6fce2743ad12b3224d4afcc,1.0,2026-06-03T16:00:07.197934+00:00,betswirl-chainlink-vrf-v2.5
fb615023fb648785ebc938974462a8e059397f448f13292a45e400fb66a72e83,0x9cCC8e15c58bfEa77D820D1B784f9Ec931B76c3b,50,4f1514a864acde57fea0dfda77eb008184d73046fd97d54b43d8d6204f0a8f49,74.0,2026-06-03T16:00:07.197972+00:00,betswirl-chainlink-vrf-v2.5
fb615023fb648785ebc938974462a8e059397f448f13292a45e400fb66a72e83,0x9cCC8e15c58bfEa77D820D1B784f9Ec931B76c3b,51,16c995f2317e887d329b581034035be49403c76abd146cd2f9e0d3271cc057a5,2.0,2026-06-03T16:00:07.198008+00:00,betswirl-chainlink-vrf-v2.5
fb615023fb648785ebc938974462a8e059397f448f13292a45e400fb66a72e83,0x9cCC8e15c58bfEa77D820D1B784f9Ec931B76c3b,52,1e9cdc958e47dbbc5eb4f7a0baae433437f57b61f3fb422722add611679277f9,90.0,2026-06-03T16:00:07.198046+00:00,betswirl-chainlink-vrf-v2.5
fb615023fb648785ebc938974462a8e059397f448f13292a45e400fb66a72e83,0x9cCC8e15c58bfEa77D820D1B784f9Ec931B76c3b,53,4a17c2de53ddd938823a633f891ac8b14eea1b5bc6d3f960bdc2143f947b0f1e,47.0,2026-06-03T16:00:07.198092+00:00,betswirl-chainlink-vrf-v2.5
fb615023fb648785ebc938974462a8e059397f448f13292a45e400fb66a72e83,0x9cCC8e15c58bfEa77D820D1B784f9Ec931B76c3b,54,e9b83059042a826690c686f96af2e57387e8c0a1179bb07419fb012a8722256b,72.0,2026-06-03T16:00:07.198131+00:00,betswirl-chainlink-vrf-v2.5
fb615023fb648785ebc938974462a8e059397f448f13292a45e400fb66a72e83,0x9cCC8e15c58bfEa77D820D1B784f9Ec931B76c3b,55,2e18556c297fc6ebebb01101ab673fb49e8b910303c2fc53796c4a5802e483a8,53.0,2026-06-03T16:00:07.198167+00:00,betswirl-chainlink-vrf-v2.5
fb615023fb648785ebc938974462a8e059397f448f13292a45e400fb66a72e83,0x9cCC8e15c58bfEa77D820D1B784f9Ec931B76c3b,56,7de0830b1f96966efdcad2ad5b39a1f8957ae9d70dde51131b179576e12b1c9e,83.0,2026-06-03T16:00:07.198203+00:00,betswirl-chainlink-vrf-v2.5
fb615023fb648785ebc938974462a8e059397f448f13292a45e400fb66a72e83,0x9cCC8e15c58bfEa77D820D1B784f9Ec931B76c3b,57,83c8aea1073965c50fbd21b7cad1e802e6154c63b814a563356fa543269615b1,30.0,2026-06-03T16:00:07.198240+00:00,betswirl-chainlink-vrf-v2.5
fb615023fb648785ebc938974462a8e059397f448f13292a45e400fb66a72e83,0x9cCC8e15c58bfEa77D820D1B784f9Ec931B76c3b,58,e71d2519fbd6f4c5cd1775c027d66e07dd57f0499d9372e91ce365c6d98452e9,46.0,2026-06-03T16:00:07.198278+00:00,betswirl-chainlink-vrf-v2.5
fb615023fb648785ebc938974462a8e059397f448f13292a45e400fb66a72e83,0x9cCC8e15c58bfEa77D820D1B784f9Ec931B76c3b,59,84ef32269e5af63141929feb61c35546f352ce60b7117047618986cee0ab1418,93.0,2026-06-03T16:00:07.198314+00:00,betswirl-chainlink-vrf-v2.5
fb615023fb648785ebc938974462a8e059397f448f13292a45e400fb66a72e83,0x9cCC8e15c58bfEa77D820D1B784f9Ec931B76c3b,60,12a434cd615178147805cd3f5cb909a4b67d984e0fe8cf500342271d2401dbad,78.0,2026-06-03T16:00:07.198349+00:00,betswirl-chainlink-vrf-v2.5
fb615023fb648785ebc938974462a8e059397f448f13292a45e400fb66a72e83,0x9cCC8e15c58bfEa77D820D1B784f9Ec931B76c3b,61,8dfc8baff925e4da91656f7f54b64069e81cc1082b4d5e596ec32ca54c5a9df8,33.0,2026-06-03T16:00:07.198387+00:00,betswirl-chainlink-vrf-v2.5
fb615023fb648785ebc938974462a8e059397f448f13292a45e400fb66a72e83,0x9cCC8e15c58bfEa77D820D1B784f9Ec931B76c3b,62,cf10dd0d0bdba8e25774a0874ed2d7fcf536ec23a803f2702ff96b3594ce38c0,13.0,2026-06-03T16:00:07.198427+00:00,betswirl-chainlink-vrf-v2.5
fb615023fb648785ebc938974462a8e059397f448f13292a45e400fb66a72e83,0x9cCC8e15c58bfEa77D820D1B784f9Ec931B76c3b,63,10e85076940081153828b7d8959da684990f66795762b0e51f1cde37c99b2f6f,40.0,2026-06-03T16:00:07.198460+00:00,betswirl-chainlink-vrf-v2.5
fb615023fb648785ebc938974462a8e059397f448f13292a45e400fb66a72e83,0x9cCC8e15c58bfEa77D820D1B784f9Ec931B76c3b,64,cd74f8432e93e023310f6b64e79b5ae6a20d0a2c3eacac02511d345af89835d3,84.0,2026-06-03T16:00:07.198490+00:00,betswirl-chainlink-vrf-v2.5
fb615023fb648785ebc938974462a8e059397f448f13292a45e400fb66a72e83,0x9cCC8e15c58bfEa77D820D1B784f9Ec931B76c3b,65,d52b12cd9654f6f37d912d59ab926ce1dabf5e84f51014e5a6add7b763975bbc,33.0,2026-06-03T16:00:07.198515+00:00,betswirl-chainlink-vrf-v2.5
fb615023fb648785ebc938974462a8e059397f448f13292a45e400fb66a72e83,0x9cCC8e15c58bfEa77D820D1B784f9Ec931B76c3b,66,11d97f3ab13fd7d49ae9ee1245f4d87e58941081a34ab7fa348524cb726cfd27,44.0,2026-06-03T16:00:07.198537+00:00,betswirl-chainlink-vrf-v2.5
fb615023fb648785ebc938974462a8e059397f448f13292a45e400fb66a72e83,0x9cCC8e15c58bfEa77D820D1B784f9Ec931B76c3b,67,b6b35099bf3a4d9acc15d443b32388c0594d29b864fd6af0b40841bb27b1640b,68.0,2026-06-03T16:00:07.198558+00:00,betswirl-chainlink-vrf-v2.5
fb615023fb648785ebc938974462a8e059397f448f13292a45e400fb66a72e83,0x9cCC8e15c58bfEa77D820D1B784f9Ec931B76c3b,68,7f0b8c73f1e11f1a4bb34465c5992a647117addaf3174403144881d0fb04bc18,37.0,2026-06-03T16:00:07.198579+00:00,betswirl-chainlink-vrf-v2.5
fb615023fb648785ebc938974462a8e059397f448f13292a45e400fb66a72e83,0x9cCC8e15c58bfEa77D820D1B784f9Ec931B76c3b,69,f22f6b55bc20ba4b5d049497f28f7d24cede77427e1405b316b0fc0dc7dff20d,78.0,2026-06-03T16:00:07.198599+00:00,betswirl-chainlink-vrf-v2.5
fb615023fb648785ebc938974462a8e059397f448f13292a45e400fb66a72e83,0x9cCC8e15c58bfEa77D820D1B784f9Ec931B76c3b,70,3d5dba0381e6e21fcdb42d05bb103a3b1a62bf81d83c1442719d35a78c90ac33,68.0,2026-06-03T16:00:07.198619+00:00,betswirl-chainlink-vrf-v2.5
fb615023fb648785ebc938974462a8e059397f448f13292a45e400fb66a72e83,0x9cCC8e15c58bfEa77D820D1B784f9Ec931B76c3b,71,6b400949f4aa68d212d04538319109daaf68a4501d19580ec7d5f28ea9ac4dc4,13.0,2026-06-03T16:00:07.198640+00:00,betswirl-chainlink-vrf-v2.5
fb615023fb648785ebc938974462a8e059397f448f13292a45e400fb66a72e83,0x9cCC8e15c58bfEa77D820D1B784f9Ec931B76c3b,72,10977e8a57c5983eb45a1773b969bc3c9e858b7275ba3a84b80ed6632e3658f9,66.0,2026-06-03T16:00:07.198660+00:00,betswirl-chainlink-vrf-v2.5
fb615023fb648785ebc938974462a8e059397f448f13292a45e400fb66a72e83,0x9cCC8e15c58bfEa77D820D1B784f9Ec931B76c3b,73,2c5b7b416417c3d5e2612fdcf856ca0171f33fdaef637556ad2b4bf04f3c0095,94.0,2026-06-03T16:00:07.198680+00:00,betswirl-chainlink-vrf-v2.5
fb615023fb648785ebc938974462a8e059397f448f13292a45e400fb66a72e83,0x9cCC8e15c58bfEa77D820D1B784f9Ec931B76c3b,74,545e2abf1709e13c2e3d0cbde562107ad733143fc62f258a4186cc35bcd1113d,82.0,2026-06-03T16:00:07.198700+00:00,betswirl-chainlink-vrf-v2.5
fb615023fb648785ebc938974462a8e059397f448f13292a45e400fb66a72e83,0x9cCC8e15c58bfEa77D820D1B784f9Ec931B76c3b,75,ce6ff8b73fe68ead15cd653c6f6bfdde004dfec57ea65b6728804f4c7c830442,99.0,2026-06-03T16:00:07.198720+00:00,betswirl-chainlink-vrf-v2.5
fb615023fb648785ebc938974462a8e059397f448f13292a45e400fb66a72e83,0x9cCC8e15c58bfEa77D820D1B784f9Ec931B76c3b,76,ae679e241198a6a8a89cd5049fc1a600f7cb883a5a060a6667c8ca85151c6deb,72.0,2026-06-03T16:00:07.198740+00:00,betswirl-chainlink-vrf-v2.5
fb615023fb648785ebc938974462a8e059397f448f13292a45e400fb66a72e83,0x9cCC8e15c58bfEa77D820D1B784f9Ec931B76c3b,77,f7eea043ced5e68d1e329444fdd0286075f2ddd52335defe785515d11a3a6945,66.0,2026-06-03T16:00:07.198763+00:00,betswirl-chainlink-vrf-v2.5
fb615023fb648785ebc938974462a8e059397f448f13292a45e400fb66a72e83,0x9cCC8e15c58bfEa77D820D1B784f9Ec931B76c3b,78,ba8895e61339a69ed7ed69327623385fbf437959e7d428487b648e21d80fea80,17.0,2026-06-03T16:00:07.198784+00:00,betswirl-chainlink-vrf-v2.5
fb615023fb648785ebc938974462a8e059397f448f13292a45e400fb66a72e83,0x9cCC8e15c58bfEa77D820D1B784f9Ec931B76c3b,79,b95c629bfa81ea1683ed0c466803915dbb3b9aee33148574abd4bc86588436b3,92.0,2026-06-03T16:00:07.198881+00:00,betswirl-chainlink-vrf-v2.5
fb615023fb648785ebc938974462a8e059397f448f13292a45e400fb66a72e83,0x9cCC8e15c58bfEa77D820D1B784f9Ec931B76c3b,80,7b23a41644125cd2d7a29077baa89e24f74f41382b5f8de30d778aae25331778,49.0,2026-06-03T16:00:07.198924+00:00,betswirl-chainlink-vrf-v2.5
fb615023fb648785ebc938974462a8e059397f448f13292a45e400fb66a72e83,0x9cCC8e15c58bfEa77D820D1B784f9Ec931B76c3b,81,25ad74e71ff5935cb434a4eb8f0da2b41d91f5abce86f891542ae509856538ce,35.0,2026-06-03T16:00:07.198953+00:00,betswirl-chainlink-vrf-v2.5
fb615023fb648785ebc938974462a8e059397f448f13292a45e400fb66a72e83,0x9cCC8e15c58bfEa77D820D1B784f9Ec931B76c3b,82,3c1e5819de833f2153da42f05b4e7281440f9c9f0872fdbb775a54ad4bd6633a,39.0,2026-06-03T16:00:07.198976+00:00,betswirl-chainlink-vrf-v2.5
fb615023fb648785ebc938974462a8e059397f448f13292a45e400fb66a72e83,0x9cCC8e15c58bfEa77D820D1B784f9Ec931B76c3b,83,c2e0b7e5c8cf4ebb03ae525c311e2ebd5e1a0c5fc2253e37f92ac0a64c5eaf40,81.0,2026-06-03T16:00:07.198998+00:00,betswirl-chainlink-vrf-v2.5
fb615023fb648785ebc938974462a8e059397f448f13292a45e400fb66a72e83,0x9cCC8e15c58bfEa77D820D1B784f9Ec931B76c3b,84,3636e2436320cd6481c5797d82160d3a2163bd281a8d86010714cb519637bb0c,81.0,2026-06-03T16:00:07.199019+00:00,betswirl-chainlink-vrf-v2.5
fb615023fb648785ebc938974462a8e059397f448f13292a45e400fb66a72e83,0x9cCC8e15c58bfEa77D820D1B784f9Ec931B76c3b,85,03a42abe06bd3cf0f82e6939d5fc57c006547ffeba6971d4ec6ae9654f87ceb9,18.0,2026-06-03T16:00:07.199039+00:00,betswirl-chainlink-vrf-v2.5
fb615023fb648785ebc938974462a8e059397f448f13292a45e400fb66a72e83,0x9cCC8e15c58bfEa77D820D1B784f9Ec931B76c3b,86,bf22e6b826f629aa123b9cbd11e85318165d3221a211eae15b49b60bab21a474,65.0,2026-06-03T16:00:07.199063+00:00,betswirl-chainlink-vrf-v2.5
fb615023fb648785ebc938974462a8e059397f448f13292a45e400fb66a72e83,0x9cCC8e15c58bfEa77D820D1B784f9Ec931B76c3b,87,338fc4afbf6f30b90698bdb868d6a4709ea37b92c8b3b8b57e9e52799f134f51,70.0,2026-06-03T16:00:07.199086+00:00,betswirl-chainlink-vrf-v2.5
fb615023fb648785ebc938974462a8e059397f448f13292a45e400fb66a72e83,0x9cCC8e15c58bfEa77D820D1B784f9Ec931B76c3b,88,a463bab87a719d5b42e5337b1498e7651ecbf035ad90f1224d5e5e6bf3fde5b2,3.0,2026-06-03T16:00:07.199107+00:00,betswirl-chainlink-vrf-v2.5
fb615023fb648785ebc938974462a8e059397f448f13292a45e400fb66a72e83,0x9cCC8e15c58bfEa77D820D1B784f9Ec931B76c3b,89,8b4d49f42aa339142fd3c3167335c9a94a72b217d86b59a0029a24000f108c7b,56.0,2026-06-03T16:00:07.199129+00:00,betswirl-chainlink-vrf-v2.5
fb615023fb648785ebc938974462a8e059397f448f13292a45e400fb66a72e83,0x9cCC8e15c58bfEa77D820D1B784f9Ec931B76c3b,90,65b83c1acb0084d58744a4254ce20cf1d18be9d6015f1fb9233d875b7f1f0906,51.0,2026-06-03T16:00:07.199152+00:00,betswirl-chainlink-vrf-v2.5
fb615023fb648785ebc938974462a8e059397f448f13292a45e400fb66a72e83,0x9cCC8e15c58bfEa77D820D1B784f9Ec931B76c3b,91,ace507eb0326a4b9af2b13be9fb8e876481e953d84016eb2eb193487f82c780d,14.0,2026-06-03T16:00:07.199173+00:00,betswirl-chainlink-vrf-v2.5
fb615023fb648785ebc938974462a8e059397f448f13292a45e400fb66a72e83,0x9cCC8e15c58bfEa77D820D1B784f9Ec931B76c3b,92,cf6b094b426b8735163861e456748d6837b58988b37deb50c1f46a89be3347f3,68.0,2026-06-03T16:00:07.199193+00:00,betswirl-chainlink-vrf-v2.5
fb615023fb648785ebc938974462a8e059397f448f13292a45e400fb66a72e83,0x9cCC8e15c58bfEa77D820D1B784f9Ec931B76c3b,93,d143be8bd5db5a956d947a30552f0c25f59d07c5c30ec36aa13b08922788e63a,83.0,2026-06-03T16:00:07.199215+00:00,betswirl-chainlink-vrf-v2.5
fb615023fb648785ebc938974462a8e059397f448f13292a45e400fb66a72e83,0x9cCC8e15c58bfEa77D820D1B784f9Ec931B76c3b,94,896432cb469af02c6d9be865fc12aea2a637ddb5ba151529690d7281f264cefa,83.0,2026-06-03T16:00:07.199237+00:00,betswirl-chainlink-vrf-v2.5
fb615023fb648785ebc938974462a8e059397f448f13292a45e400fb66a72e83,0x9cCC8e15c58bfEa77D820D1B784f9Ec931B76c3b,95,c95f825477e0927f87efdf76cd94267a99849c152d5acd5ed534ea3daf329143,88.0,2026-06-03T16:00:07.199263+00:00,betswirl-chainlink-vrf-v2.5
fb615023fb648785ebc938974462a8e059397f448f13292a45e400fb66a72e83,0x9cCC8e15c58bfEa77D820D1B784f9Ec931B76c3b,96,2ef32ba17143416d5793a0dbaf60fe50a01eef02aca9ac09bd23a87cd9e0edf9,82.0,2026-06-03T16:00:07.199287+00:00,betswirl-chainlink-vrf-v2.5
fb615023fb648785ebc938974462a8e059397f448f13292a45e400fb66a72e83,0x9cCC8e15c58bfEa77D820D1B784f9Ec931B76c3b,97,aebc6350c9061f46381df0d95dc423f6abba7e09b15294f54f863caf2cb3832f,40.0,2026-06-03T16:00:07.199313+00:00,betswirl-chainlink-vrf-v2.5
fb615023fb648785ebc938974462a8e059397f448f13292a45e400fb66a72e83,0x9cCC8e15c58bfEa77D820D1B784f9Ec931B76c3b,98,8eabda9c9ff945cb5184dfa2a6177d7bd1307763d13093bf6dd19e3805300f3b,12.0,2026-06-03T16:00:07.199335+00:00,betswirl-chainlink-vrf-v2.5
fb615023fb648785ebc938974462a8e059397f448f13292a45e400fb66a72e83,0x9cCC8e15c58bfEa77D820D1B784f9Ec931B76c3b,99,a0193b826b99b5b03793ffe3920cbcc8946335eaec14ee27e1a2865533adc84c,25.0,2026-06-03T16:00:07.199356+00:00,betswirl-chainlink-vrf-v2.5
fb615023fb648785ebc938974462a8e059397f448f13292a45e400fb66a72e83,0x9cCC8e15c58bfEa77D820D1B784f9Ec931B76c3b,100,5250c46bd3148512d509b6b710d3055939d56160371498f18fa518a59ba88724,73.0,2026-06-03T16:00:07.199377+00:00,betswirl-chainlink-vrf-v2.5
fb615023fb648785ebc938974462a8e059397f448f13292a45e400fb66a72e83,0x9cCC8e15c58bfEa77D820D1B784f9Ec931B76c3b,101,55a75413d2429c4fa0af8b2fdb65d4080d2da37b2a9d4862e97c7c7a7f8f5105,50.0,2026-06-03T16:00:07.199402+00:00,betswirl-chainlink-vrf-v2.5
fb615023fb648785ebc938974462a8e059397f448f13292a45e400fb66a72e83,0x9cCC8e15c58bfEa77D820D1B784f9Ec931B76c3b,102,a3c75c57922316e6f5c8bb1a41f44e64aac07e1795efe33a3e7e3df7a7f84922,47.0,2026-06-03T16:00:07.199432+00:00,betswirl-chainlink-vrf-v2.5
fb615023fb648785ebc938974462a8e059397f448f13292a45e400fb66a72e83,0x9cCC8e15c58bfEa77D820D1B784f9Ec931B76c3b,103,3da3fbb88155410fe8bca7372dec802ad325e0981ee162f8dba126c631841911,46.0,2026-06-03T16:00:07.199464+00:00,betswirl-chainlink-vrf-v2.5
fb615023fb648785ebc938974462a8e059397f448f13292a45e400fb66a72e83,0x9cCC8e15c58bfEa77D820D1B784f9Ec931B76c3b,104,540f2a6aec877022479b98a4337c8a16d17a09935e29bbe3fbc41b25d5815d03,52.0,2026-06-03T16:00:07.199505+00:00,betswirl-chainlink-vrf-v2.5
fb615023fb648785ebc938974462a8e059397f448f13292a45e400fb66a72e83,0x9cCC8e15c58bfEa77D820D1B784f9Ec931B76c3b,105,ca82970818d278b4d6979b2d09d4c744f08058505164f1ea481b04847e38356d,50.0,2026-06-03T16:00:07.199541+00:00,betswirl-chainlink-vrf-v2.5
fb615023fb648785ebc938974462a8e059397f448f13292a45e400fb66a72e83,0x9cCC8e15c58bfEa77D820D1B784f9Ec931B76c3b,106,e41ea9c63635149df42b22d2d6ceb6d0873dab6e25e42197b2edefe1b743185f,20.0,2026-06-03T16:00:07.199577+00:00,betswirl-chainlink-vrf-v2.5
fb615023fb648785ebc938974462a8e059397f448f13292a45e400fb66a72e83,0x9cCC8e15c58bfEa77D820D1B784f9Ec931B76c3b,107,482243c6d0ceef0a5de5b9506406112682d5e00116b300558e4baa8ac8b345fc,57.0,2026-06-03T16:00:07.199602+00:00,betswirl-chainlink-vrf-v2.5
fb615023fb648785ebc938974462a8e059397f448f13292a45e400fb66a72e83,0x9cCC8e15c58bfEa77D820D1B784f9Ec931B76c3b,108,9f278e64f37b6cd2fc198341bdac3a5c01bb9779f3c9a4db4b9a755f66dcd3bd,74.0,2026-06-03T16:00:07.199623+00:00,betswirl-chainlink-vrf-v2.5
fb615023fb648785ebc938974462a8e059397f448f13292a45e400fb66a72e83,0x9cCC8e15c58bfEa77D820D1B784f9Ec931B76c3b,109,6675bf486f1a0e666782f91412a8ec34494cab0886798121d2ae576588b48c8c,45.0,2026-06-03T16:00:07.199644+00:00,betswirl-chainlink-vrf-v2.5
fb615023fb648785ebc938974462a8e059397f448f13292a45e400fb66a72e83,0x9cCC8e15c58bfEa77D820D1B784f9Ec931B76c3b,110,2ab00c3446327ffb10ed91199292ae0a3784de8a8ba1978d8915340645179e55,10.0,2026-06-03T16:00:07.199665+00:00,betswirl-chainlink-vrf-v2.5
fb615023fb648785ebc938974462a8e059397f448f13292a45e400fb66a72e83,0x9cCC8e15c58bfEa77D820D1B784f9Ec931B76c3b,111,73b20d28112085131f11161c22d8127471cbbb1e866065c3a37a013da9461510,37.0,2026-06-03T16:00:07.199687+00:00,betswirl-chainlink-vrf-v2.5
fb615023fb648785ebc938974462a8e059397f448f13292a45e400fb66a72e83,0x9cCC8e15c58bfEa77D820D1B784f9Ec931B76c3b,112,8c58c4913e71c38b04422bb486b8428e1c9c8aaad7327e88cd4c453a2dd1aa80,37.0,2026-06-03T16:00:07.199708+00:00,betswirl-chainlink-vrf-v2.5
fb615023fb648785ebc938974462a8e059397f448f13292a45e400fb66a72e83,0x9cCC8e15c58bfEa77D820D1B784f9Ec931B76c3b,113,b42bf2cbd01581a5255da7cb42e8c3b257b756a1b2e90dec0a5d2badc778fc2e,51.0,2026-06-03T16:00:07.199729+00:00,betswirl-chainlink-vrf-v2.5
fb615023fb648785ebc938974462a8e059397f448f13292a45e400fb66a72e83,0x9cCC8e15c58bfEa77D820D1B784f9Ec931B76c3b,114,6f45d27bd091ba995bfa805112f76791e3823d881667f509cbf1366ed788ed44,81.0,2026-06-03T16:00:07.199749+00:00,betswirl-chainlink-vrf-v2.5
fb615023fb648785ebc938974462a8e059397f448f13292a45e400fb66a72e83,0x9cCC8e15c58bfEa77D820D1B784f9Ec931B76c3b,115,e6e11835a62df73b61f16e19a18d5f5c2cbcae4838ec2285d22480d1ba343af4,77.0,2026-06-03T16:00:07.199769+00:00,betswirl-chainlink-vrf-v2.5
fb615023fb648785ebc938974462a8e059397f448f13292a45e400fb66a72e83,0x9cCC8e15c58bfEa77D820D1B784f9Ec931B76c3b,116,3da5d89a388203721044771bbf8441f2a820b248a1001e33e078b583c397a382,7.0,2026-06-03T16:00:07.199789+00:00,betswirl-chainlink-vrf-v2.5
fb615023fb648785ebc938974462a8e059397f448f13292a45e400fb66a72e83,0x9cCC8e15c58bfEa77D820D1B784f9Ec931B76c3b,117,5f706e5861ad00138ba22f56da92275076f4906193d0c1ffce6de8e635cf53cc,97.0,2026-06-03T16:00:07.199890+00:00,betswirl-chainlink-vrf-v2.5
fb615023fb648785ebc938974462a8e059397f448f13292a45e400fb66a72e83,0x9cCC8e15c58bfEa77D820D1B784f9Ec931B76c3b,118,e8bf594c12ae54d71beb6ef21116f4b757ae8b4f6aea1915202e779ac63cb215,58.0,2026-06-03T16:00:07.199935+00:00,betswirl-chainlink-vrf-v2.5
fb615023fb648785ebc938974462a8e059397f448f13292a45e400fb66a72e83,0x9cCC8e15c58bfEa77D820D1B784f9Ec931B76c3b,119,dfb3dc745b33b9305f86a39453a2516a3f1dc290a9f480a11ab26c07ad327b72,87.0,2026-06-03T16:00:07.199959+00:00,betswirl-chainlink-vrf-v2.5
fb615023fb648785ebc938974462a8e059397f448f13292a45e400fb66a72e83,0x9cCC8e15c58bfEa77D820D1B784f9Ec931B76c3b,120,d8908eb5adafc5984d64e2ffc0d65dabdf2158dfc99678040ab8dd525ed542f5,46.0,2026-06-03T16:00:07.199981+00:00,betswirl-chainlink-vrf-v2.5
fb615023fb648785ebc938974462a8e059397f448f13292a45e400fb66a72e83,0x9cCC8e15c58bfEa77D820D1B784f9Ec931B76c3b,121,5d0add056591c97f8bb8fcdeb68281940e31d4291c809bb3c5f0f9933f65c2b0,33.0,2026-06-03T16:00:07.200003+00:00,betswirl-chainlink-vrf-v2.5
fb615023fb648785ebc938974462a8e059397f448f13292a45e400fb66a72e83,0x9cCC8e15c58bfEa77D820D1B784f9Ec931B76c3b,122,5749b456355a0ea57725cd298c254cb885e49372675f31f93634ca4516935ab7,60.0,2026-06-03T16:00:07.200027+00:00,betswirl-chainlink-vrf-v2.5
fb615023fb648785ebc938974462a8e059397f448f13292a45e400fb66a72e83,0x9cCC8e15c58bfEa77D820D1B784f9Ec931B76c3b,123,b5f38b81aaf5a8aa1106018008e0d87c190ea804e87689ce37026e2844d68533,52.0,2026-06-03T16:00:07.200051+00:00,betswirl-chainlink-vrf-v2.5
fb615023fb648785ebc938974462a8e059397f448f13292a45e400fb66a72e83,0x9cCC8e15c58bfEa77D820D1B784f9Ec931B76c3b,124,4e3533fd4096b3dbec324d27fa421bcfb96a270216bd3887c3616f79cd1166f7,64.0,2026-06-03T16:00:07.200072+00:00,betswirl-chainlink-vrf-v2.5
fb615023fb648785ebc938974462a8e059397f448f13292a45e400fb66a72e83,0x9cCC8e15c58bfEa77D820D1B784f9Ec931B76c3b,125,0f2653bbf0b969e4a4bce365075e2838784a4d66dc58aac61680c678d832368b,60.0,2026-06-03T16:00:07.200092+00:00,betswirl-chainlink-vrf-v2.5
fb615023fb648785ebc938974462a8e059397f448f13292a45e400fb66a72e83,0x9cCC8e15c58bfEa77D820D1B784f9Ec931B76c3b,126,b2f02f5b17d9668c48bacfb1d008ebc3ab8155137355ac5c554e6e1329e851ab,52.0,2026-06-03T16:00:07.200113+00:00,betswirl-chainlink-vrf-v2.5
fb615023fb648785ebc938974462a8e059397f448f13292a45e400fb66a72e83,0x9cCC8e15c58bfEa77D820D1B784f9Ec931B76c3b,127,fdaac7f00ab4d63e018f1d5dff88909553e90164cc922d36485f80b676a1b153,16.0,2026-06-03T16:00:07.200135+00:00,betswirl-chainlink-vrf-v2.5
fb615023fb648785ebc938974462a8e059397f448f13292a45e400fb66a72e83,0x9cCC8e15c58bfEa77D820D1B784f9Ec931B76c3b,128,604f87fc24ad3c767444ab7f1a7dacf47b95b16a520b39464826f0482ee91f90,25.0,2026-06-03T16:00:07.200156+00:00,betswirl-chainlink-vrf-v2.5
fb615023fb648785ebc938974462a8e059397f448f13292a45e400fb66a72e83,0x9cCC8e15c58bfEa77D820D1B784f9Ec931B76c3b,129,2428b64486a9bf3953be5ec9c29c0ba5da02f1c3966e12caea88ccd6f64bb642,95.0,2026-06-03T16:00:07.200178+00:00,betswirl-chainlink-vrf-v2.5
fb615023fb648785ebc938974462a8e059397f448f13292a45e400fb66a72e83,0x9cCC8e15c58bfEa77D820D1B784f9Ec931B76c3b,130,89831c8f7bfd7ceb4a52e355fff4ef0319c379cd6f74d929126bb4293a1e76a6,43.0,2026-06-03T16:00:07.200199+00:00,betswirl-chainlink-vrf-v2.5
fb615023fb648785ebc938974462a8e059397f448f13292a45e400fb66a72e83,0x9cCC8e15c58bfEa77D820D1B784f9Ec931B76c3b,131,6851ad7d9d2c6c1f452c693c8550df96f8c3e2120787a519350698d666666cb2,87.0,2026-06-03T16:00:07.200219+00:00,betswirl-chainlink-vrf-v2.5
fb615023fb648785ebc938974462a8e059397f448f13292a45e400fb66a72e83,0x9cCC8e15c58bfEa77D820D1B784f9Ec931B76c3b,132,f53a3837c5efe702d21a3e2c4663c77473794ac2ebaff1ad0d9ba4003a1d1bb9,54.0,2026-06-03T16:00:07.200241+00:00,betswirl-chainlink-vrf-v2.5
fb615023fb648785ebc938974462a8e059397f448f13292a45e400fb66a72e83,0x9cCC8e15c58bfEa77D820D1B784f9Ec931B76c3b,133,b0d3eb08a02c9028e19bfdb191ce6b7ff17ed92993a0c0eb83352865133cae55,26.0,2026-06-03T16:00:07.200261+00:00,betswirl-chainlink-vrf-v2.5
fb615023fb648785ebc938974462a8e059397f448f13292a45e400fb66a72e83,0x9cCC8e15c58bfEa77D820D1B784f9Ec931B76c3b,134,14054d8e73c7b5fef009f8829202158923d1412f8e8266cd03d90c6e4928c11f,36.0,2026-06-03T16:00:07.200283+00:00,betswirl-chainlink-vrf-v2.5
fb615023fb648785ebc938974462a8e059397f448f13292a45e400fb66a72e83,0x9cCC8e15c58bfEa77D820D1B784f9Ec931B76c3b,135,39b4fc519ca6f1cbdda5c51e41deeea484737d261bfe4c4f8c793e54e6564f97,68.0,2026-06-03T16:00:07.200303+00:00,betswirl-chainlink-vrf-v2.5
fb615023fb648785ebc938974462a8e059397f448f13292a45e400fb66a72e83,0x9cCC8e15c58bfEa77D820D1B784f9Ec931B76c3b,136,6c1ddb4884e414e8304185fd06fddad48797288273b5d5ee842efb1065eb0a9a,27.0,2026-06-03T16:00:07.200324+00:00,betswirl-chainlink-vrf-v2.5
fb615023fb648785ebc938974462a8e059397f448f13292a45e400fb66a72e83,0x9cCC8e15c58bfEa77D820D1B784f9Ec931B76c3b,137,c048624bc578090149832d453a191ad93ab7901c71b4403f697bc98e9e560932,31.0,2026-06-03T16:00:07.200345+00:00,betswirl-chainlink-vrf-v2.5
fb615023fb648785ebc938974462a8e059397f448f13292a45e400fb66a72e83,0x9cCC8e15c58bfEa77D820D1B784f9Ec931B76c3b,138,7cee76dc1001d892a9befcb9cb33fbc374eae933d44d57825234765d4954839a,63.0,2026-06-03T16:00:07.200365+00:00,betswirl-chainlink-vrf-v2.5
fb615023fb648785ebc938974462a8e059397f448f13292a45e400fb66a72e83,0x9cCC8e15c58bfEa77D820D1B784f9Ec931B76c3b,139,1ad8d441cf796680e59b669f55d2bd76f8f764fb6dd0316798aefcffbf81cc08,45.0,2026-06-03T16:00:07.200386+00:00,betswirl-chainlink-vrf-v2.5
fb615023fb648785ebc938974462a8e059397f448f13292a45e400fb66a72e83,0x9cCC8e15c58bfEa77D820D1B784f9Ec931B76c3b,140,1d82f6817e0c73766626433f669ca2d50bd51493ab652ec3c95570964b86950a,19.0,2026-06-03T16:00:07.200407+00:00,betswirl-chainlink-vrf-v2.5
fb615023fb648785ebc938974462a8e059397f448f13292a45e400fb66a72e83,0x9cCC8e15c58bfEa77D820D1B784f9Ec931B76c3b,141,39b94e2f6f71f1ce1309a3c2e92c6765cf1acd4d2c34c062f238c3d5965254ca,15.0,2026-06-03T16:00:07.200427+00:00,betswirl-chainlink-vrf-v2.5
fb615023fb648785ebc938974462a8e059397f448f13292a45e400fb66a72e83,0x9cCC8e15c58bfEa77D820D1B784f9Ec931B76c3b,142,9ee74b4659c53dd5386f4fe365e6665a3b6aceb8c466091929efbe78148c055b,24.0,2026-06-03T16:00:07.200447+00:00,betswirl-chainlink-vrf-v2.5
fb615023fb648785ebc938974462a8e059397f448f13292a45e400fb66a72e83,0x9cCC8e15c58bfEa77D820D1B784f9Ec931B76c3b,143,70bfc2e7a37bbb68f7dc3799c3686e88fae055779f00f2fda159c46ba1db5ae5,10.0,2026-06-03T16:00:07.200466+00:00,betswirl-chainlink-vrf-v2.5
fb615023fb648785ebc938974462a8e059397f448f13292a45e400fb66a72e83,0x9cCC8e15c58bfEa77D820D1B784f9Ec931B76c3b,144,a661a356c9ebc4727d72c2ca9ee5a15dd6c61b550c92e97dc4a19d9722c4029c,53.0,2026-06-03T16:00:07.200486+00:00,betswirl-chainlink-vrf-v2.5
fb615023fb648785ebc938974462a8e059397f448f13292a45e400fb66a72e83,0x9cCC8e15c58bfEa77D820D1B784f9Ec931B76c3b,145,c994beda773fa936137251d667af5486557a1caca14bf49146829ff1fefc2f14,77.0,2026-06-03T16:00:07.200506+00:00,betswirl-chainlink-vrf-v2.5
fb615023fb648785ebc938974462a8e059397f448f13292a45e400fb66a72e83,0x9cCC8e15c58bfEa77D820D1B784f9Ec931B76c3b,146,d247ac919e309169a0680088cac9f452bcf3f800700ddfc26a55f598fbcca3f4,65.0,2026-06-03T16:00:07.200526+00:00,betswirl-chainlink-vrf-v2.5
fb615023fb648785ebc938974462a8e059397f448f13292a45e400fb66a72e83,0x9cCC8e15c58bfEa77D820D1B784f9Ec931B76c3b,147,89c9a2b988704e40dbf40598dda1a78c5c19c7776b656cfd2ef8ec5674794191,42.0,2026-06-03T16:00:07.200555+00:00,betswirl-chainlink-vrf-v2.5
fb615023fb648785ebc938974462a8e059397f448f13292a45e400fb66a72e83,0x9cCC8e15c58bfEa77D820D1B784f9Ec931B76c3b,148,e3443be0553c4af264f8b417807d006e84a7726080adcdecb5dac2de650118b4,81.0,2026-06-03T16:00:07.200578+00:00,betswirl-chainlink-vrf-v2.5
fb615023fb648785ebc938974462a8e059397f448f13292a45e400fb66a72e83,0x9cCC8e15c58bfEa77D820D1B784f9Ec931B76c3b,149,03a4d7a89b680c3c72e7e48e0d04e9b5f2df1454f3f895676d116bba9ecbdd3e,63.0,2026-06-03T16:00:07.200600+00:00,betswirl-chainlink-vrf-v2.5
fb615023fb648785ebc938974462a8e059397f448f13292a45e400fb66a72e83,0x9cCC8e15c58bfEa77D820D1B784f9Ec931B76c3b,150,e5179ecd4c7c8d4b353e856cc8ba5512653b079f7299d2613f6e29b8023809c3,52.0,2026-06-03T16:00:07.200620+00:00,betswirl-chainlink-vrf-v2.5
fb615023fb648785ebc938974462a8e059397f448f13292a45e400fb66a72e83,0x9cCC8e15c58bfEa77D820D1B784f9Ec931B76c3b,151,54338b14592fcba4589d9fb5d92d076d28e0ae19de0b5fc15b41c7e9ef6b77c4,29.0,2026-06-03T16:00:07.200640+00:00,betswirl-chainlink-vrf-v2.5
fb615023fb648785ebc938974462a8e059397f448f13292a45e400fb66a72e83,0x9cCC8e15c58bfEa77D820D1B784f9Ec931B76c3b,152,bb43802b6d20f9f6ea8bcf656e9f45c8fc753f83ba6c91ff3b1711b64b1f6f21,74.0,2026-06-03T16:00:07.200660+00:00,betswirl-chainlink-vrf-v2.5
fb615023fb648785ebc938974462a8e059397f448f13292a45e400fb66a72e83,0x9cCC8e15c58bfEa77D820D1B784f9Ec931B76c3b,153,d6c7bf862a7184f4031ca18840fd998b72b32fbfa9418f2d9ca004f9d7febc2c,45.0,2026-06-03T16:00:07.200680+00:00,betswirl-chainlink-vrf-v2.5
fb615023fb648785ebc938974462a8e059397f448f13292a45e400fb66a72e83,0x9cCC8e15c58bfEa77D820D1B784f9Ec931B76c3b,154,ea652d0940defbd5fa0ca4bcbdccda6036d7d8d38ad4d0dac75c268e9ffe4657,64.0,2026-06-03T16:00:07.200700+00:00,betswirl-chainlink-vrf-v2.5
fb615023fb648785ebc938974462a8e059397f448f13292a45e400fb66a72e83,0x9cCC8e15c58bfEa77D820D1B784f9Ec931B76c3b,155,8bd92a5604ca5a64251dac324392a571f5d5dcc9f385fdc7e79ed7ece6850cc2,91.0,2026-06-03T16:00:07.200723+00:00,betswirl-chainlink-vrf-v2.5
fb615023fb648785ebc938974462a8e059397f448f13292a45e400fb66a72e83,0x9cCC8e15c58bfEa77D820D1B784f9Ec931B76c3b,156,b1757cb59a9ed0d27f239897d6b8d3d58dd291dfdcf5fe25288f9c1d1bee3530,1.0,2026-06-03T16:00:07.200746+00:00,betswirl-chainlink-vrf-v2.5
fb615023fb648785ebc938974462a8e059397f448f13292a45e400fb66a72e83,0x9cCC8e15c58bfEa77D820D1B784f9Ec931B76c3b,157,3a7bf73d028debbe37cea4acce9bc3bd743f57c36b4b327bae3fa1ea9bb3e112,35.0,2026-06-03T16:00:07.200767+00:00,betswirl-chainlink-vrf-v2.5
fb615023fb648785ebc938974462a8e059397f448f13292a45e400fb66a72e83,0x9cCC8e15c58bfEa77D820D1B784f9Ec931B76c3b,158,cd7bd6a5de0b8989855cbe768cc5a77dbb79a4382dc8fe4b9332ff2286346734,81.0,2026-06-03T16:00:07.200787+00:00,betswirl-chainlink-vrf-v2.5
fb615023fb648785ebc938974462a8e059397f448f13292a45e400fb66a72e83,0x9cCC8e15c58bfEa77D820D1B784f9Ec931B76c3b,159,3a32344ba54d3d95757f8d4dd53cbb759ff4058966e304664b9cf961bc8b4d6d,22.0,2026-06-03T16:00:07.200810+00:00,betswirl-chainlink-vrf-v2.5
fb615023fb648785ebc938974462a8e059397f448f13292a45e400fb66a72e83,0x9cCC8e15c58bfEa77D820D1B784f9Ec931B76c3b,160,7fef5d7ac4e56a27563dea222c7ace12bd1108a99858d81aab61dff9b42dd037,100.0,2026-06-03T16:00:07.200830+00:00,betswirl-chainlink-vrf-v2.5
fb615023fb648785ebc938974462a8e059397f448f13292a45e400fb66a72e83,0x9cCC8e15c58bfEa77D820D1B784f9Ec931B76c3b,161,5f3d1cfacd15351741eb9dfd500b54cbb2fa01006d2606f5d92428b3d7d566bd,98.0,2026-06-03T16:00:07.200850+00:00,betswirl-chainlink-vrf-v2.5
fb615023fb648785ebc938974462a8e059397f448f13292a45e400fb66a72e83,0x9cCC8e15c58bfEa77D820D1B784f9Ec931B76c3b,162,2da93fdfd20274a2700bc5dc805620457baf7968b1645b0ded530d4b5edc092d,66.0,2026-06-03T16:00:07.200870+00:00,betswirl-chainlink-vrf-v2.5
fb615023fb648785ebc938974462a8e059397f448f13292a45e400fb66a72e83,0x9cCC8e15c58bfEa77D820D1B784f9Ec931B76c3b,163,743ee2c2e965215b13e71b6d9c746bc62c717ffeeca8e7db6c06627ee009593e,39.0,2026-06-03T16:00:07.200890+00:00,betswirl-chainlink-vrf-v2.5
fb615023fb648785ebc938974462a8e059397f448f13292a45e400fb66a72e83,0x9cCC8e15c58bfEa77D820D1B784f9Ec931B76c3b,164,168df5816e7baadf47969b29f444b89fd9c05af5abad83d55e0ee9b88017f210,57.0,2026-06-03T16:00:07.200909+00:00,betswirl-chainlink-vrf-v2.5
fb615023fb648785ebc938974462a8e059397f448f13292a45e400fb66a72e83,0x9cCC8e15c58bfEa77D820D1B784f9Ec931B76c3b,165,7f4108b808be7ed1d67f61965101c9724d84f3555179f7952e75150e1443d010,17.0,2026-06-03T16:00:07.200929+00:00,betswirl-chainlink-vrf-v2.5
fb615023fb648785ebc938974462a8e059397f448f13292a45e400fb66a72e83,0x9cCC8e15c58bfEa77D820D1B784f9Ec931B76c3b,166,720d71c3cf37839f03303a00049d8a4573d550e1410ad69f7d2bc0d189ed972f,92.0,2026-06-03T16:00:07.200949+00:00,betswirl-chainlink-vrf-v2.5
fb615023fb648785ebc938974462a8e059397f448f13292a45e400fb66a72e83,0x9cCC8e15c58bfEa77D820D1B784f9Ec931B76c3b,167,eb2fac2287b0ba6c444c37d9ad81ae66476f192f95aa672076eddb5ec873c536,75.0,2026-06-03T16:00:07.200968+00:00,betswirl-chainlink-vrf-v2.5
fb615023fb648785ebc938974462a8e059397f448f13292a45e400fb66a72e83,0x9cCC8e15c58bfEa77D820D1B784f9Ec931B76c3b,168,92ac47e159be3ba805aeac4e1ad75dcdab96535e8912525dc433a3c84e52538a,83.0,2026-06-03T16:00:07.200988+00:00,betswirl-chainlink-vrf-v2.5
fb615023fb648785ebc938974462a8e059397f448f13292a45e400fb66a72e83,0x9cCC8e15c58bfEa77D820D1B784f9Ec931B76c3b,169,67cd7dcf0aaa727c3958f965127acfda575e658ff2a1b0a1d3f516fd65b9de3c,53.0,2026-06-03T16:00:07.201008+00:00,betswirl-chainlink-vrf-v2.5
fb615023fb648785ebc938974462a8e059397f448f13292a45e400fb66a72e83,0x9cCC8e15c58bfEa77D820D1B784f9Ec931B76c3b,170,50b1dc465e29b66bfd4a549135e9f3367e8f004a420f77f993dc04135c6a6320,97.0,2026-06-03T16:00:07.201030+00:00,betswirl-chainlink-vrf-v2.5
fb615023fb648785ebc938974462a8e059397f448f13292a45e400fb66a72e83,0x9cCC8e15c58bfEa77D820D1B784f9Ec931B76c3b,171,05ce9adac3323042d2db93903e583c1582f263adf9830529a8d730df39428a82,79.0,2026-06-03T16:00:07.201051+00:00,betswirl-chainlink-vrf-v2.5
fb615023fb648785ebc938974462a8e059397f448f13292a45e400fb66a72e83,0x9cCC8e15c58bfEa77D820D1B784f9Ec931B76c3b,172,5bada6d850eedabb881fc73b0fff86ea5a1d95f4aa256da8124172dca6347a89,78.0,2026-06-03T16:00:07.201072+00:00,betswirl-chainlink-vrf-v2.5
fb615023fb648785ebc938974462a8e059397f448f13292a45e400fb66a72e83,0x9cCC8e15c58bfEa77D820D1B784f9Ec931B76c3b,173,74a484db7c837812d100394a10e4fb701e7ec6063ec03dd386addd83ad04c833,40.0,2026-06-03T16:00:07.201094+00:00,betswirl-chainlink-vrf-v2.5
fb615023fb648785ebc938974462a8e059397f448f13292a45e400fb66a72e83,0x9cCC8e15c58bfEa77D820D1B784f9Ec931B76c3b,174,1c80f5a15ad449393c1fc591b7276842a190ee6435e0b86758729eafe9affe99,22.0,2026-06-03T16:00:07.201114+00:00,betswirl-chainlink-vrf-v2.5
fb615023fb648785ebc938974462a8e059397f448f13292a45e400fb66a72e83,0x9cCC8e15c58bfEa77D820D1B784f9Ec931B76c3b,175,2628bdffb358d35cbeedc9c89a81d1b3c8d13e0d69d4784a0ccee0b89b536707,76.0,2026-06-03T16:00:07.201135+00:00,betswirl-chainlink-vrf-v2.5
fb615023fb648785ebc938974462a8e059397f448f13292a45e400fb66a72e83,0x9cCC8e15c58bfEa77D820D1B784f9Ec931B76c3b,176,462b6dd54c0d73d374d7ea4706248677935ec4874b35d38eea6922b6cdad6101,6.0,2026-06-03T16:00:07.201155+00:00,betswirl-chainlink-vrf-v2.5
fb615023fb648785ebc938974462a8e059397f448f13292a45e400fb66a72e83,0x9cCC8e15c58bfEa77D820D1B784f9Ec931B76c3b,177,59709a961b955c1ce59cb8e9ce5107a9ec5785a3c1c9b822a131faf89d55480a,95.0,2026-06-03T16:00:07.201175+00:00,betswirl-chainlink-vrf-v2.5
fb615023fb648785ebc938974462a8e059397f448f13292a45e400fb66a72e83,0x9cCC8e15c58bfEa77D820D1B784f9Ec931B76c3b,178,b8ee0f11e03bdff6199a3dd52f51baa665068ca6af93d7e3c012c0a4aa96afd9,90.0,2026-06-03T16:00:07.201197+00:00,betswirl-chainlink-vrf-v2.5
fb615023fb648785ebc938974462a8e059397f448f13292a45e400fb66a72e83,0x9cCC8e15c58bfEa77D820D1B784f9Ec931B76c3b,179,692fe3692dab35b75d5155ae17a2a5a3a46f68d008b966e9145d643aceff13e8,41.0,2026-06-03T16:00:07.201217+00:00,betswirl-chainlink-vrf-v2.5
fb615023fb648785ebc938974462a8e059397f448f13292a45e400fb66a72e83,0x9cCC8e15c58bfEa77D820D1B784f9Ec931B76c3b,180,abd756cf51e165f249c87db74eab300369fcdcefae3e33acf735dc538b5938e9,50.0,2026-06-03T16:00:07.201237+00:00,betswirl-chainlink-vrf-v2.5
fb615023fb648785ebc938974462a8e059397f448f13292a45e400fb66a72e83,0x9cCC8e15c58bfEa77D820D1B784f9Ec931B76c3b,181,786cf1ab1444df7b2f4d5e79b0ad0f832d446ae955d51a40879162bd740fa4e5,90.0,2026-06-03T16:00:07.201256+00:00,betswirl-chainlink-vrf-v2.5
fb615023fb648785ebc938974462a8e059397f448f13292a45e400fb66a72e83,0x9cCC8e15c58bfEa77D820D1B784f9Ec931B76c3b,182,4bed0560c6d85ad363906cd9704daffa211a14b499260f8e05fb12ca30944b02,7.0,2026-06-03T16:00:07.201276+00:00,betswirl-chainlink-vrf-v2.5
fb615023fb648785ebc938974462a8e059397f448f13292a45e400fb66a72e83,0x9cCC8e15c58bfEa77D820D1B784f9Ec931B76c3b,183,4e04e76fa9e4af6db957dea8900771af92943b9a1fca3fb57fdafee28c6e55c6,99.0,2026-06-03T16:00:07.201296+00:00,betswirl-chainlink-vrf-v2.5
fb615023fb648785ebc938974462a8e059397f448f13292a45e400fb66a72e83,0x9cCC8e15c58bfEa77D820D1B784f9Ec931B76c3b,184,9e0e708e0e3d5b47c14006de0d9a98505c4be64c39324a013e8296ca9c5a6134,97.0,2026-06-03T16:00:07.201316+00:00,betswirl-chainlink-vrf-v2.5
fb615023fb648785ebc938974462a8e059397f448f13292a45e400fb66a72e83,0x9cCC8e15c58bfEa77D820D1B784f9Ec931B76c3b,185,9cbf67e467c783b083c8ac537b94ab7f3ce9b04bf6f262feff96f2e03e5269bf,48.0,2026-06-03T16:00:07.201335+00:00,betswirl-chainlink-vrf-v2.5
fb615023fb648785ebc938974462a8e059397f448f13292a45e400fb66a72e83,0x9cCC8e15c58bfEa77D820D1B784f9Ec931B76c3b,186,4b97f20ff1b90ada069cfd3c976a3ee38a4681fffeddf9a25bbbbdcbecff2ac1,18.0,2026-06-03T16:00:07.201355+00:00,betswirl-chainlink-vrf-v2.5
fb615023fb648785ebc938974462a8e059397f448f13292a45e400fb66a72e83,0x9cCC8e15c58bfEa77D820D1B784f9Ec931B76c3b,187,499ad011e6f8b8106c49bdce5e9466ddc3d29257bed94ffe2487e8c9defe3d5f,76.0,2026-06-03T16:00:07.201375+00:00,betswirl-chainlink-vrf-v2.5
fb615023fb648785ebc938974462a8e059397f448f13292a45e400fb66a72e83,0x9cCC8e15c58bfEa77D820D1B784f9Ec931B76c3b,188,99df3a030a72e2a7f1abfe1a1e5e884dffc5c442fee60b45dde718b34b1e9120,89.0,2026-06-03T16:00:07.201395+00:00,betswirl-chainlink-vrf-v2.5
fb615023fb648785ebc938974462a8e059397f448f13292a45e400fb66a72e83,0x9cCC8e15c58bfEa77D820D1B784f9Ec931B76c3b,189,42b83bfc7760240ce74730519b66581447feb6dc25c7391fad7a1fc56f4cafd7,52.0,2026-06-03T16:00:07.201415+00:00,betswirl-chainlink-vrf-v2.5
fb615023fb648785ebc938974462a8e059397f448f13292a45e400fb66a72e83,0x9cCC8e15c58bfEa77D820D1B784f9Ec931B76c3b,190,09a596aa4d5df2fae19d9703b7c1cb787883db1f2740c8d01ef662f1bc7d7616,27.0,2026-06-03T16:00:07.201434+00:00,betswirl-chainlink-vrf-v2.5
fb615023fb648785ebc938974462a8e059397f448f13292a45e400fb66a72e83,0x9cCC8e15c58bfEa77D820D1B784f9Ec931B76c3b,191,486d03fe907fb555200c7d8e4e8b873f587eddd2dd97acdbc024999a53386bbb,28.0,2026-06-03T16:00:07.201458+00:00,betswirl-chainlink-vrf-v2.5
fb615023fb648785ebc938974462a8e059397f448f13292a45e400fb66a72e83,0x9cCC8e15c58bfEa77D820D1B784f9Ec931B76c3b,192,c2ab56fffc3d5962c91905a6fb66cd782d052f6f5606e55f7141691fc96e7c95,54.0,2026-06-03T16:00:07.201478+00:00,betswirl-chainlink-vrf-v2.5
fb615023fb648785ebc938974462a8e059397f448f13292a45e400fb66a72e83,0x9cCC8e15c58bfEa77D820D1B784f9Ec931B76c3b,193,9dea796e861945241b9d4c32eaf4224feb2855708eef231162848869866ba486,23.0,2026-06-03T16:00:07.201501+00:00,betswirl-chainlink-vrf-v2.5
fb615023fb648785ebc938974462a8e059397f448f13292a45e400fb66a72e83,0x9cCC8e15c58bfEa77D820D1B784f9Ec931B76c3b,194,d35b067132b2fa353ad3d46424e4c384f6f5e51c1e887c6c62141af8624c0b0c,85.0,2026-06-03T16:00:07.201523+00:00,betswirl-chainlink-vrf-v2.5
fb615023fb648785ebc938974462a8e059397f448f13292a45e400fb66a72e83,0x9cCC8e15c58bfEa77D820D1B784f9Ec931B76c3b,195,168fc8cafbcc69b1fd92e602d4220c2de1623c8b363c935f0352b68d7cd27e53,88.0,2026-06-03T16:00:07.201545+00:00,betswirl-chainlink-vrf-v2.5
fb615023fb648785ebc938974462a8e059397f448f13292a45e400fb66a72e83,0x9cCC8e15c58bfEa77D820D1B784f9Ec931B76c3b,196,a2835390dfb64016a3807e24124cbe550c4f990565221a55ddd41568f76e566d,14.0,2026-06-03T16:00:07.201566+00:00,betswirl-chainlink-vrf-v2.5
fb615023fb648785ebc938974462a8e059397f448f13292a45e400fb66a72e83,0x9cCC8e15c58bfEa77D820D1B784f9Ec931B76c3b,197,f16a551ef0c3add4c3a44a17f05df9205e57047cde22ae9609e18c4ee837c111,66.0,2026-06-03T16:00:07.201588+00:00,betswirl-chainlink-vrf-v2.5
fb615023fb648785ebc938974462a8e059397f448f13292a45e400fb66a72e83,0x9cCC8e15c58bfEa77D820D1B784f9Ec931B76c3b,198,52c9fa045442eb19b96757b6c634db4cee81b04b2af8211bbaff634c679431dc,89.0,2026-06-03T16:00:07.201610+00:00,betswirl-chainlink-vrf-v2.5
fb615023fb648785ebc938974462a8e059397f448f13292a45e400fb66a72e83,0x9cCC8e15c58bfEa77D820D1B784f9Ec931B76c3b,199,1202cb5a2a3894beaa66f42fb59f2a5d4df05deb3984fe905e9e5e3b034d59ba,75.0,2026-06-03T16:00:07.201631+00:00,betswirl-chainlink-vrf-v2.5
fb615023fb648785ebc938974462a8e059397f448f13292a45e400fb66a72e83,0x9cCC8e15c58bfEa77D820D1B784f9Ec931B76c3b,200,4692529fb27e9982ae72f98e58fdddb2383b0031a194bd9ff1dfe21c990b0060,53.0,2026-06-03T16:00:07.201650+00:00,betswirl-chainlink-vrf-v2.5
fb615023fb648785ebc938974462a8e059397f448f13292a45e400fb66a72e83,0x9cCC8e15c58bfEa77D820D1B784f9Ec931B76c3b,201,c6446cc446c49b4811e527af4f8755d83989c036f311548690b5958eedb3b31c,21.0,2026-06-03T16:00:07.201672+00:00,betswirl-chainlink-vrf-v2.5
fb615023fb648785ebc938974462a8e059397f448f13292a45e400fb66a72e83,0x9cCC8e15c58bfEa77D820D1B784f9Ec931B76c3b,202,15597720580a5585bb3167dd33e586416d6e64b9f7cf595e7294b3488c9b8cbb,48.0,2026-06-03T16:00:07.201693+00:00,betswirl-chainlink-vrf-v2.5
fb615023fb648785ebc938974462a8e059397f448f13292a45e400fb66a72e83,0x9cCC8e15c58bfEa77D820D1B784f9Ec931B76c3b,203,50aa1fd5dd42d6e93d202c870f147315078114a4c7d364b26dd7656494fc2133,44.0,2026-06-03T16:00:07.201713+00:00,betswirl-chainlink-vrf-v2.5
fb615023fb648785ebc938974462a8e059397f448f13292a45e400fb66a72e83,0x9cCC8e15c58bfEa77D820D1B784f9Ec931B76c3b,204,447b50dfda11b954c43cb9cb6570b8b325454c37c8d3c0e55823eb007e8e02b3,20.0,2026-06-03T16:00:07.201733+00:00,betswirl-chainlink-vrf-v2.5
fb615023fb648785ebc938974462a8e059397f448f13292a45e400fb66a72e83,0x9cCC8e15c58bfEa77D820D1B784f9Ec931B76c3b,205,3fff700b7e5b8d1945215a49fd70a46df9b4f0b3e8041f66aa8aaee7bbc55438,37.0,2026-06-03T16:00:07.201753+00:00,betswirl-chainlink-vrf-v2.5
fb615023fb648785ebc938974462a8e059397f448f13292a45e400fb66a72e83,0x9cCC8e15c58bfEa77D820D1B784f9Ec931B76c3b,206,1589adeaf9bad124691f3ad8d6ad3c9eb603786ab7f9d4519198b14f8bd831fd,82.0,2026-06-03T16:00:07.201774+00:00,betswirl-chainlink-vrf-v2.5
fb615023fb648785ebc938974462a8e059397f448f13292a45e400fb66a72e83,0x9cCC8e15c58bfEa77D820D1B784f9Ec931B76c3b,207,e480cbb7b7df10ff4b1267a1c442ddb3f4c868f8d89c582688f3e23f936b2fff,52.0,2026-06-03T16:00:07.201795+00:00,betswirl-chainlink-vrf-v2.5
fb615023fb648785ebc938974462a8e059397f448f13292a45e400fb66a72e83,0x9cCC8e15c58bfEa77D820D1B784f9Ec931B76c3b,208,4d30cb8b3f68a79dafcbf91320270b695fc1d4f9d3dbf8712c5a04d1d1147311,90.0,2026-06-03T16:00:07.201814+00:00,betswirl-chainlink-vrf-v2.5
fb615023fb648785ebc938974462a8e059397f448f13292a45e400fb66a72e83,0x9cCC8e15c58bfEa77D820D1B784f9Ec931B76c3b,209,411c4fedc5a2d6c77728c90576750b1d70dda50aa69d4250185f4c6e98d33c8e,99.0,2026-06-03T16:00:07.201834+00:00,betswirl-chainlink-vrf-v2.5
fb615023fb648785ebc938974462a8e059397f448f13292a45e400fb66a72e83,0x9cCC8e15c58bfEa77D820D1B784f9Ec931B76c3b,210,6a321945a4acddeadcec0002c39f7bf40d374da2aadbbb957fac0d5a003a1685,78.0,2026-06-03T16:00:07.201854+00:00,betswirl-chainlink-vrf-v2.5
fb615023fb648785ebc938974462a8e059397f448f13292a45e400fb66a72e83,0x9cCC8e15c58bfEa77D820D1B784f9Ec931B76c3b,211,09670fc942a2e09f1a06fc5274781888578e3afb4022b6d3a9f03255ebb7a9c3,52.0,2026-06-03T16:00:07.201874+00:00,betswirl-chainlink-vrf-v2.5
fb615023fb648785ebc938974462a8e059397f448f13292a45e400fb66a72e83,0x9cCC8e15c58bfEa77D820D1B784f9Ec931B76c3b,212,b338f09dee58a241f22fd0937414384fc15199a8c6b5d970887c447136f84a3f,24.0,2026-06-03T16:00:07.201895+00:00,betswirl-chainlink-vrf-v2.5
fb615023fb648785ebc938974462a8e059397f448f13292a45e400fb66a72e83,0x9cCC8e15c58bfEa77D820D1B784f9Ec931B76c3b,213,8bb1e949eb3fb413142980d7d4072a8d87c16d16cfaf3a5da6a58ddd0ad33a91,10.0,2026-06-03T16:00:07.201915+00:00,betswirl-chainlink-vrf-v2.5
fb615023fb648785ebc938974462a8e059397f448f13292a45e400fb66a72e83,0x9cCC8e15c58bfEa77D820D1B784f9Ec931B76c3b,214,302a91982fcdf756c5ec4f198e6f7be813e98c92c56c27001bfa432fe84ecc5c,37.0,2026-06-03T16:00:07.201936+00:00,betswirl-chainlink-vrf-v2.5
fb615023fb648785ebc938974462a8e059397f448f13292a45e400fb66a72e83,0x9cCC8e15c58bfEa77D820D1B784f9Ec931B76c3b,215,0eb8913cb4fa2da17aeb09650249ea2bd95749ab3f0786a8b7ce7de805f146f3,84.0,2026-06-03T16:00:07.201960+00:00,betswirl-chainlink-vrf-v2.5
fb615023fb648785ebc938974462a8e059397f448f13292a45e400fb66a72e83,0x9cCC8e15c58bfEa77D820D1B784f9Ec931B76c3b,216,111574206f64bf0abcf02999d81092d6d64b400ca2fa65a26ee7a175fcf120c4,13.0,2026-06-03T16:00:07.202024+00:00,betswirl-chainlink-vrf-v2.5
fb615023fb648785ebc938974462a8e059397f448f13292a45e400fb66a72e83,0x9cCC8e15c58bfEa77D820D1B784f9Ec931B76c3b,217,38d1294afbc6ecdbdaef34a804c3fc646a38d9af94117b79e13f3a23100349a1,10.0,2026-06-03T16:00:07.202067+00:00,betswirl-chainlink-vrf-v2.5
fb615023fb648785ebc938974462a8e059397f448f13292a45e400fb66a72e83,0x9cCC8e15c58bfEa77D820D1B784f9Ec931B76c3b,218,bd0e36d72be125b99ad6e7874a93083f19a1f240dc22799c7fc7088847b89801,30.0,2026-06-03T16:00:07.202101+00:00,betswirl-chainlink-vrf-v2.5
fb615023fb648785ebc938974462a8e059397f448f13292a45e400fb66a72e83,0x9cCC8e15c58bfEa77D820D1B784f9Ec931B76c3b,219,30acf201a072d2c8b59f68d0b730a058613b4b3c788e97e77a55146668b64f8f,36.0,2026-06-03T16:00:07.202136+00:00,betswirl-chainlink-vrf-v2.5
fb615023fb648785ebc938974462a8e059397f448f13292a45e400fb66a72e83,0x9cCC8e15c58bfEa77D820D1B784f9Ec931B76c3b,220,6fc96b2c4574dda715dffb08ba7b583750f5536191495ba989ce47b8a9d5b4f2,27.0,2026-06-03T16:00:07.202175+00:00,betswirl-chainlink-vrf-v2.5
fb615023fb648785ebc938974462a8e059397f448f13292a45e400fb66a72e83,0x9cCC8e15c58bfEa77D820D1B784f9Ec931B76c3b,221,6cd98a29b0a65838eafc43851d66bed30411962ee991155223a54c37da58d4bd,50.0,2026-06-03T16:00:07.202200+00:00,betswirl-chainlink-vrf-v2.5
fb615023fb648785ebc938974462a8e059397f448f13292a45e400fb66a72e83,0x9cCC8e15c58bfEa77D820D1B784f9Ec931B76c3b,222,4bdc95d0f78d3d173934981ecae39bd198f685781721182cdb8ec5e2c614a4b6,47.0,2026-06-03T16:00:07.202227+00:00,betswirl-chainlink-vrf-v2.5
fb615023fb648785ebc938974462a8e059397f448f13292a45e400fb66a72e83,0x9cCC8e15c58bfEa77D820D1B784f9Ec931B76c3b,223,9374187a6d2df0bd40d9f48375ddaeaad2c9c3acb82e24d64a907831b831d7ae,63.0,2026-06-03T16:00:07.202249+00:00,betswirl-chainlink-vrf-v2.5
fb615023fb648785ebc938974462a8e059397f448f13292a45e400fb66a72e83,0x9cCC8e15c58bfEa77D820D1B784f9Ec931B76c3b,224,3d8bb81e78760e6c6bbd7f2792aed7afd0f816c7623c14ce6e01a7f899157436,83.0,2026-06-03T16:00:07.202274+00:00,betswirl-chainlink-vrf-v2.5
fb615023fb648785ebc938974462a8e059397f448f13292a45e400fb66a72e83,0x9cCC8e15c58bfEa77D820D1B784f9Ec931B76c3b,225,e3f30165a267d750eee761cdc7b2f6120911851b1c5ac0de2298d8b6b775ea1e,71.0,2026-06-03T16:00:07.202298+00:00,betswirl-chainlink-vrf-v2.5
fb615023fb648785ebc938974462a8e059397f448f13292a45e400fb66a72e83,0x9cCC8e15c58bfEa77D820D1B784f9Ec931B76c3b,226,b9d3a0d47ddb13135dbe5e06b97fb03a1a8b16482f91c3b9bd78ed86045af8d0,1.0,2026-06-03T16:00:07.202319+00:00,betswirl-chainlink-vrf-v2.5
fb615023fb648785ebc938974462a8e059397f448f13292a45e400fb66a72e83,0x9cCC8e15c58bfEa77D820D1B784f9Ec931B76c3b,227,93efe7bff3261a41263ade7ebf5116fd37707b97e6ed090542a80f446c9afdb6,63.0,2026-06-03T16:00:07.202340+00:00,betswirl-chainlink-vrf-v2.5
fb615023fb648785ebc938974462a8e059397f448f13292a45e400fb66a72e83,0x9cCC8e15c58bfEa77D820D1B784f9Ec931B76c3b,228,b560a42f25bd83a1e4802562c8203512cc93d09dbee1ecfd38cf32a4af295fb6,31.0,2026-06-03T16:00:07.202363+00:00,betswirl-chainlink-vrf-v2.5
fb615023fb648785ebc938974462a8e059397f448f13292a45e400fb66a72e83,0x9cCC8e15c58bfEa77D820D1B784f9Ec931B76c3b,229,65114384ea0188e00b6a8cc517ffec54afedf013a9869e9b6ee2bd38ba6b5304,13.0,2026-06-03T16:00:07.202385+00:00,betswirl-chainlink-vrf-v2.5
fb615023fb648785ebc938974462a8e059397f448f13292a45e400fb66a72e83,0x9cCC8e15c58bfEa77D820D1B784f9Ec931B76c3b,230,636418a56d54599771cf4938a9b23975dbb96004d967739bdc6a7e7202204e06,75.0,2026-06-03T16:00:07.202407+00:00,betswirl-chainlink-vrf-v2.5
fb615023fb648785ebc938974462a8e059397f448f13292a45e400fb66a72e83,0x9cCC8e15c58bfEa77D820D1B784f9Ec931B76c3b,231,0aff6b4010791696252f3e5bea63fb98a9582476417b56af78ec2809fd8aecff,16.0,2026-06-03T16:00:07.202432+00:00,betswirl-chainlink-vrf-v2.5
fb615023fb648785ebc938974462a8e059397f448f13292a45e400fb66a72e83,0x9cCC8e15c58bfEa77D820D1B784f9Ec931B76c3b,232,1a8b65992c0bc61a084acab1fa1dd472675cf8fbe34fac089bfe5bbe165b9798,61.0,2026-06-03T16:00:07.202455+00:00,betswirl-chainlink-vrf-v2.5
fb615023fb648785ebc938974462a8e059397f448f13292a45e400fb66a72e83,0x9cCC8e15c58bfEa77D820D1B784f9Ec931B76c3b,233,352980fa989b311e19a607c950fe2ecef361007ac5c04ad2f1884e662d6c57c1,54.0,2026-06-03T16:00:07.202479+00:00,betswirl-chainlink-vrf-v2.5
fb615023fb648785ebc938974462a8e059397f448f13292a45e400fb66a72e83,0x9cCC8e15c58bfEa77D820D1B784f9Ec931B76c3b,234,c143a8bc55a08e2b42cbba8dad901c88328a9355a9922ef11072e530b1f3190f,68.0,2026-06-03T16:00:07.202502+00:00,betswirl-chainlink-vrf-v2.5
fb615023fb648785ebc938974462a8e059397f448f13292a45e400fb66a72e83,0x9cCC8e15c58bfEa77D820D1B784f9Ec931B76c3b,235,19c032937481537d8a4801f9c51850adbf8fc1a73df6500fdab93e56367a58fb,84.0,2026-06-03T16:00:07.202524+00:00,betswirl-chainlink-vrf-v2.5
fb615023fb648785ebc938974462a8e059397f448f13292a45e400fb66a72e83,0x9cCC8e15c58bfEa77D820D1B784f9Ec931B76c3b,236,d933d1bbf16683d17c10531f4b6d70493cbfbceb39ef748c091ae027e806fb33,100.0,2026-06-03T16:00:07.202546+00:00,betswirl-chainlink-vrf-v2.5
fb615023fb648785ebc938974462a8e059397f448f13292a45e400fb66a72e83,0x9cCC8e15c58bfEa77D820D1B784f9Ec931B76c3b,237,67976d3d91d3aa09927f6e8fc40d15b9094982d9891cdc5ef52082053bf4dc6a,15.0,2026-06-03T16:00:07.202575+00:00,betswirl-chainlink-vrf-v2.5
fb615023fb648785ebc938974462a8e059397f448f13292a45e400fb66a72e83,0x9cCC8e15c58bfEa77D820D1B784f9Ec931B76c3b,238,e6de4969b01482e6b2ceb89930f2ca6666d77778fdb700679c2def05e1dd56fd,62.0,2026-06-03T16:00:07.202596+00:00,betswirl-chainlink-vrf-v2.5
fb615023fb648785ebc938974462a8e059397f448f13292a45e400fb66a72e83,0x9cCC8e15c58bfEa77D820D1B784f9Ec931B76c3b,239,e3c87fe9354d18a9808a20753b739ee6e5f77ffea5c8600bb4d5210b95ee4ddb,52.0,2026-06-03T16:00:07.202618+00:00,betswirl-chainlink-vrf-v2.5
fb615023fb648785ebc938974462a8e059397f448f13292a45e400fb66a72e83,0x9cCC8e15c58bfEa77D820D1B784f9Ec931B76c3b,240,50dbccdb06e9655105000b3001705602c19ba811be551f501b67697d6398a24e,99.0,2026-06-03T16:00:07.202639+00:00,betswirl-chainlink-vrf-v2.5
fb615023fb648785ebc938974462a8e059397f448f13292a45e400fb66a72e83,0x9cCC8e15c58bfEa77D820D1B784f9Ec931B76c3b,241,915545294087428cd44e23af1a6b733ae1b563d730d17839a363a2cefca572de,19.0,2026-06-03T16:00:07.202660+00:00,betswirl-chainlink-vrf-v2.5
fb615023fb648785ebc938974462a8e059397f448f13292a45e400fb66a72e83,0x9cCC8e15c58bfEa77D820D1B784f9Ec931B76c3b,242,f0080f5c94c000f9fc0157cb059c99d4073b1dee8c5774ae218665e72a59d3ce,11.0,2026-06-03T16:00:07.202682+00:00,betswirl-chainlink-vrf-v2.5
fb615023fb648785ebc938974462a8e059397f448f13292a45e400fb66a72e83,0x9cCC8e15c58bfEa77D820D1B784f9Ec931B76c3b,243,9c2b6ce442dad005cac797f8802de4839fc76530220de2ed36a3245aaf11e687,32.0,2026-06-03T16:00:07.202704+00:00,betswirl-chainlink-vrf-v2.5
fb615023fb648785ebc938974462a8e059397f448f13292a45e400fb66a72e83,0x9cCC8e15c58bfEa77D820D1B784f9Ec931B76c3b,244,bae9c8efffcad0c180b4d78595fa00ebe139561ad974b235aa64de57d1ad0e3f,68.0,2026-06-03T16:00:07.202726+00:00,betswirl-chainlink-vrf-v2.5
fb615023fb648785ebc938974462a8e059397f448f13292a45e400fb66a72e83,0x9cCC8e15c58bfEa77D820D1B784f9Ec931B76c3b,245,78229ad7a723c1b03edcced499f8085a2b50b27eda068f83060726b1508905ba,95.0,2026-06-03T16:00:07.202747+00:00,betswirl-chainlink-vrf-v2.5
fb615023fb648785ebc938974462a8e059397f448f13292a45e400fb66a72e83,0x9cCC8e15c58bfEa77D820D1B784f9Ec931B76c3b,246,d8ccd6c53ec904f1d22364594647df8d89b1fdd0eb738d44bc53a9a648d06e4f,28.0,2026-06-03T16:00:07.202768+00:00,betswirl-chainlink-vrf-v2.5
fb615023fb648785ebc938974462a8e059397f448f13292a45e400fb66a72e83,0x9cCC8e15c58bfEa77D820D1B784f9Ec931B76c3b,247,e04a3f261d081666be516accfb77cd08547ef3be7ce3928c099acea92f865997,4.0,2026-06-03T16:00:07.202789+00:00,betswirl-chainlink-vrf-v2.5
fb615023fb648785ebc938974462a8e059397f448f13292a45e400fb66a72e83,0x9cCC8e15c58bfEa77D820D1B784f9Ec931B76c3b,248,e246b442fecb914eac37499e755b83a594a6cac1b5ae281c66c1a09771562834,49.0,2026-06-03T16:00:07.202811+00:00,betswirl-chainlink-vrf-v2.5
fb615023fb648785ebc938974462a8e059397f448f13292a45e400fb66a72e83,0x9cCC8e15c58bfEa77D820D1B784f9Ec931B76c3b,249,6adeae856918aab3003041d0e4737064eececc7c8de287fba6866cd05ffd1fa6,31.0,2026-06-03T16:00:07.202833+00:00,betswirl-chainlink-vrf-v2.5
fb615023fb648785ebc938974462a8e059397f448f13292a45e400fb66a72e83,0x9cCC8e15c58bfEa77D820D1B784f9Ec931B76c3b,250,dfc9b266ca9488ea5d90f40247c6a543bfb6542f6ec9d5ced053ab63d0b3b3b0,21.0,2026-06-03T16:00:07.202855+00:00,betswirl-chainlink-vrf-v2.5
fb615023fb648785ebc938974462a8e059397f448f13292a45e400fb66a72e83,0x9cCC8e15c58bfEa77D820D1B784f9Ec931B76c3b,251,3343b0ab590ab47a81c8129e9b6b79c953e3cb6a14edc37f48a4b4256106f21c,25.0,2026-06-03T16:00:07.202875+00:00,betswirl-chainlink-vrf-v2.5
fb615023fb648785ebc938974462a8e059397f448f13292a45e400fb66a72e83,0x9cCC8e15c58bfEa77D820D1B784f9Ec931B76c3b,252,05eefdc5a7606d7fab3e32da6196aac88204535192c7e67fdf27d6434351dcdf,100.0,2026-06-03T16:00:07.202896+00:00,betswirl-chainlink-vrf-v2.5
fb615023fb648785ebc938974462a8e059397f448f13292a45e400fb66a72e83,0x9cCC8e15c58bfEa77D820D1B784f9Ec931B76c3b,253,c29fee163a061eb7c49d02d0c669ecc6baeda903e14d230102376c20c92eff2a,55.0,2026-06-03T16:00:07.202917+00:00,betswirl-chainlink-vrf-v2.5
fb615023fb648785ebc938974462a8e059397f448f13292a45e400fb66a72e83,0x9cCC8e15c58bfEa77D820D1B784f9Ec931B76c3b,254,4e888ddc38af5efa3a9c90cc8a2bc4bb525fea01b1de04b3dfb3a19e421e2c4b,92.0,2026-06-03T16:00:07.202939+00:00,betswirl-chainlink-vrf-v2.5
fb615023fb648785ebc938974462a8e059397f448f13292a45e400fb66a72e83,0x9cCC8e15c58bfEa77D820D1B784f9Ec931B76c3b,255,099eaea7d4e98c3f51b7e61861a678a6a9457892a3bd3e18291167c07cc22ca9,90.0,2026-06-03T16:00:07.202959+00:00,betswirl-chainlink-vrf-v2.5
fb615023fb648785ebc938974462a8e059397f448f13292a45e400fb66a72e83,0x9cCC8e15c58bfEa77D820D1B784f9Ec931B76c3b,256,55e0f0cdb14bf3e2a5ee7ff966c53d674a2b2557a7d41bf891a2a14d4276018b,12.0,2026-06-03T16:00:07.202979+00:00,betswirl-chainlink-vrf-v2.5
fb615023fb648785ebc938974462a8e059397f448f13292a45e400fb66a72e83,0x9cCC8e15c58bfEa77D820D1B784f9Ec931B76c3b,257,31966631b3c0ba42c0ffba25c78eb309c9fb53c7a65fa83fa21d0e8d6dff357e,83.0,2026-06-03T16:00:07.203000+00:00,betswirl-chainlink-vrf-v2.5
fb615023fb648785ebc938974462a8e059397f448f13292a45e400fb66a72e83,0x9cCC8e15c58bfEa77D820D1B784f9Ec931B76c3b,258,76f2b884ba9b5c1daf03d430a69c0e4d69868de5921875b54caf8ef4c48cbcd9,50.0,2026-06-03T16:00:07.203032+00:00,betswirl-chainlink-vrf-v2.5
fb615023fb648785ebc938974462a8e059397f448f13292a45e400fb66a72e83,0x9cCC8e15c58bfEa77D820D1B784f9Ec931B76c3b,259,061711a2dffdee9887a8e468762fcc8f477bc57d5e10575a884be23333c9401a,55.0,2026-06-03T16:00:07.203061+00:00,betswirl-chainlink-vrf-v2.5
fb615023fb648785ebc938974462a8e059397f448f13292a45e400fb66a72e83,0x9cCC8e15c58bfEa77D820D1B784f9Ec931B76c3b,260,29dd62b204d54d801a71e396a52657d3797961fb7204645b8207a173d4957dcf,8.0,2026-06-03T16:00:07.203084+00:00,betswirl-chainlink-vrf-v2.5
fb615023fb648785ebc938974462a8e059397f448f13292a45e400fb66a72e83,0x9cCC8e15c58bfEa77D820D1B784f9Ec931B76c3b,261,bc577c8da19fb6d5a4e7e90de0a0849b7bde645802e88c218d4caa5aeabcaa58,5.0,2026-06-03T16:00:07.203107+00:00,betswirl-chainlink-vrf-v2.5
fb615023fb648785ebc938974462a8e059397f448f13292a45e400fb66a72e83,0x9cCC8e15c58bfEa77D820D1B784f9Ec931B76c3b,262,56fd9d83256aa2fae42302dd247df95bbac1cdc9b8b0855e9737cb928b4fdd3c,21.0,2026-06-03T16:00:07.203128+00:00,betswirl-chainlink-vrf-v2.5
fb615023fb648785ebc938974462a8e059397f448f13292a45e400fb66a72e83,0x9cCC8e15c58bfEa77D820D1B784f9Ec931B76c3b,263,5fbc6ca476e8f263d0db7bbf97619f6abd1285a4c1b6834330b53c3c0fa7a2b3,60.0,2026-06-03T16:00:07.203151+00:00,betswirl-chainlink-vrf-v2.5
fb615023fb648785ebc938974462a8e059397f448f13292a45e400fb66a72e83,0x9cCC8e15c58bfEa77D820D1B784f9Ec931B76c3b,264,a2b9b90c9e9ea9c4e19f5e3b4f6b6389208d4e97b9d433e0be5b5bbb4f1f81af,72.0,2026-06-03T16:00:07.203173+00:00,betswirl-chainlink-vrf-v2.5
fb615023fb648785ebc938974462a8e059397f448f13292a45e400fb66a72e83,0x9cCC8e15c58bfEa77D820D1B784f9Ec931B76c3b,265,0d5c4636662543a4dc663df8272f6481400fd918e7b78f00cfa98b4735731175,26.0,2026-06-03T16:00:07.203194+00:00,betswirl-chainlink-vrf-v2.5
fb615023fb648785ebc938974462a8e059397f448f13292a45e400fb66a72e83,0x9cCC8e15c58bfEa77D820D1B784f9Ec931B76c3b,266,0c07a6b67b1f30f9dc0d046e8f1d35961cf46114d2448bb5c9dcc070506f5603,28.0,2026-06-03T16:00:07.203219+00:00,betswirl-chainlink-vrf-v2.5
fb615023fb648785ebc938974462a8e059397f448f13292a45e400fb66a72e83,0x9cCC8e15c58bfEa77D820D1B784f9Ec931B76c3b,267,b21be5f71f923c87c6777c7a8ac25d03a8f8f0aa07681b01073d49311e45128b,76.0,2026-06-03T16:00:07.203240+00:00,betswirl-chainlink-vrf-v2.5
fb615023fb648785ebc938974462a8e059397f448f13292a45e400fb66a72e83,0x9cCC8e15c58bfEa77D820D1B784f9Ec931B76c3b,268,0da0a02ce5f28ed274785af7b34e2039846d9c1332cfd28613bad8a0858957d9,2.0,2026-06-03T16:00:07.203261+00:00,betswirl-chainlink-vrf-v2.5
fb615023fb648785ebc938974462a8e059397f448f13292a45e400fb66a72e83,0x9cCC8e15c58bfEa77D820D1B784f9Ec931B76c3b,269,fff54c85253adf864bf88ab3ea54e50078f5a7f3bfd6d9de3b94731de2bf33fe,71.0,2026-06-03T16:00:07.203326+00:00,betswirl-chainlink-vrf-v2.5
fb615023fb648785ebc938974462a8e059397f448f13292a45e400fb66a72e83,0x9cCC8e15c58bfEa77D820D1B784f9Ec931B76c3b,270,e022af9be30fad92b7c81c50c7fcc95fd34482700cdc34f566c30a0d67a0213a,47.0,2026-06-03T16:00:07.203358+00:00,betswirl-chainlink-vrf-v2.5
fb615023fb648785ebc938974462a8e059397f448f13292a45e400fb66a72e83,0x9cCC8e15c58bfEa77D820D1B784f9Ec931B76c3b,271,d564d287322f8b1a32d2e7d38afa3373197b899619a570aeab3320d8e14aab84,25.0,2026-06-03T16:00:07.203381+00:00,betswirl-chainlink-vrf-v2.5
fb615023fb648785ebc938974462a8e059397f448f13292a45e400fb66a72e83,0x9cCC8e15c58bfEa77D820D1B784f9Ec931B76c3b,272,cc178524e0b546c27266ca109c4e024b9a4855a9349da53c801277eafe4171df,64.0,2026-06-03T16:00:07.203416+00:00,betswirl-chainlink-vrf-v2.5
fb615023fb648785ebc938974462a8e059397f448f13292a45e400fb66a72e83,0x9cCC8e15c58bfEa77D820D1B784f9Ec931B76c3b,273,66906279b394668b991fb167afc9994d66a95d9db92f326d644d2a97648a5b8f,68.0,2026-06-03T16:00:07.203474+00:00,betswirl-chainlink-vrf-v2.5
fb615023fb648785ebc938974462a8e059397f448f13292a45e400fb66a72e83,0x9cCC8e15c58bfEa77D820D1B784f9Ec931B76c3b,274,e64ae1012e0d7fa2de00bb65e23f9b17d263c46061f91d0b2fcff6f29dfb0620,81.0,2026-06-03T16:00:07.203509+00:00,betswirl-chainlink-vrf-v2.5
fb615023fb648785ebc938974462a8e059397f448f13292a45e400fb66a72e83,0x9cCC8e15c58bfEa77D820D1B784f9Ec931B76c3b,275,d0777e95621d01e38cd32f6fca9a8f2e4b122dc3e302a9ad30957d5a9f315b19,42.0,2026-06-03T16:00:07.203533+00:00,betswirl-chainlink-vrf-v2.5
fb615023fb648785ebc938974462a8e059397f448f13292a45e400fb66a72e83,0x9cCC8e15c58bfEa77D820D1B784f9Ec931B76c3b,276,74b32a80f860bd398a009d95aa35c2f46760b0f4dcc3dd33e196155908b25888,17.0,2026-06-03T16:00:07.203556+00:00,betswirl-chainlink-vrf-v2.5
fb615023fb648785ebc938974462a8e059397f448f13292a45e400fb66a72e83,0x9cCC8e15c58bfEa77D820D1B784f9Ec931B76c3b,277,1a6822eff18840128073a0d60e268c75c9fa5fb2eb4c5294da142c189b14ecca,3.0,2026-06-03T16:00:07.203579+00:00,betswirl-chainlink-vrf-v2.5
fb615023fb648785ebc938974462a8e059397f448f13292a45e400fb66a72e83,0x9cCC8e15c58bfEa77D820D1B784f9Ec931B76c3b,278,3bcfe40f3b5a80c61a2e9311c515edb63d2c42391306a1610621f3367cf95d28,41.0,2026-06-03T16:00:07.203600+00:00,betswirl-chainlink-vrf-v2.5
fb615023fb648785ebc938974462a8e059397f448f13292a45e400fb66a72e83,0x9cCC8e15c58bfEa77D820D1B784f9Ec931B76c3b,279,b6366fb0e32927408885e3ea2f5cec5ee9c8eca07db463d5e97922838868cadd,62.0,2026-06-03T16:00:07.203623+00:00,betswirl-chainlink-vrf-v2.5
fb615023fb648785ebc938974462a8e059397f448f13292a45e400fb66a72e83,0x9cCC8e15c58bfEa77D820D1B784f9Ec931B76c3b,280,84798d7a64c9c8e81fc8c0ddbc1ded0e75f96982841e3fd17d4e6d4f79e74364,37.0,2026-06-03T16:00:07.203645+00:00,betswirl-chainlink-vrf-v2.5
fb615023fb648785ebc938974462a8e059397f448f13292a45e400fb66a72e83,0x9cCC8e15c58bfEa77D820D1B784f9Ec931B76c3b,281,c85d468b87b33d7b06b85bd19ec06d6cc19bcc0ea7dcf9b5309bace54f833166,31.0,2026-06-03T16:00:07.203666+00:00,betswirl-chainlink-vrf-v2.5
fb615023fb648785ebc938974462a8e059397f448f13292a45e400fb66a72e83,0x9cCC8e15c58bfEa77D820D1B784f9Ec931B76c3b,282,a5c5344b0797c8db6e6c75fb06f3aefeaafc51965408744a8fb330af72399a8c,65.0,2026-06-03T16:00:07.203686+00:00,betswirl-chainlink-vrf-v2.5
fb615023fb648785ebc938974462a8e059397f448f13292a45e400fb66a72e83,0x9cCC8e15c58bfEa77D820D1B784f9Ec931B76c3b,283,a963ecd81202f0e43d2a4883aafea51851e50b735384a90e872956684bba8525,74.0,2026-06-03T16:00:07.203706+00:00,betswirl-chainlink-vrf-v2.5
fb615023fb648785ebc938974462a8e059397f448f13292a45e400fb66a72e83,0x9cCC8e15c58bfEa77D820D1B784f9Ec931B76c3b,284,e54422d1177d18112edbfad2f8f0c3d6f8398ee724f696c07def164aaa419964,97.0,2026-06-03T16:00:07.203727+00:00,betswirl-chainlink-vrf-v2.5
fb615023fb648785ebc938974462a8e059397f448f13292a45e400fb66a72e83,0x9cCC8e15c58bfEa77D820D1B784f9Ec931B76c3b,285,6ff2fd8606776c595dd1612fe79a6c31e112d3c6e6e0fd880b3167adddbd6022,87.0,2026-06-03T16:00:07.203747+00:00,betswirl-chainlink-vrf-v2.5
fb615023fb648785ebc938974462a8e059397f448f13292a45e400fb66a72e83,0x9cCC8e15c58bfEa77D820D1B784f9Ec931B76c3b,286,848335ee5185239a15f8c0000bd0f2b7ea43c35b812ff7da03262c8829964299,62.0,2026-06-03T16:00:07.203769+00:00,betswirl-chainlink-vrf-v2.5
fb615023fb648785ebc938974462a8e059397f448f13292a45e400fb66a72e83,0x9cCC8e15c58bfEa77D820D1B784f9Ec931B76c3b,287,6fddeb46cb0184ac0ef65e0f1685eb4878c2d7aebc1ce833849c89fae2ff8ef1,98.0,2026-06-03T16:00:07.203790+00:00,betswirl-chainlink-vrf-v2.5
fb615023fb648785ebc938974462a8e059397f448f13292a45e400fb66a72e83,0x9cCC8e15c58bfEa77D820D1B784f9Ec931B76c3b,288,e0e94d3bb6395c6265bc6203ecd0eae9e25a46e9bd32bdf2efdebfbf9d27031c,13.0,2026-06-03T16:00:07.203810+00:00,betswirl-chainlink-vrf-v2.5
fb615023fb648785ebc938974462a8e059397f448f13292a45e400fb66a72e83,0x9cCC8e15c58bfEa77D820D1B784f9Ec931B76c3b,289,cf4d3064a0e0d8b09f9d580cd0b937614089c1092d38a701c02ae6c250661094,61.0,2026-06-03T16:00:07.203831+00:00,betswirl-chainlink-vrf-v2.5
fb615023fb648785ebc938974462a8e059397f448f13292a45e400fb66a72e83,0x9cCC8e15c58bfEa77D820D1B784f9Ec931B76c3b,290,da679f771b91fe2dfc1049a31586908d2dd9a132aba5ad726cce2e80f99426a0,29.0,2026-06-03T16:00:07.203851+00:00,betswirl-chainlink-vrf-v2.5
fb615023fb648785ebc938974462a8e059397f448f13292a45e400fb66a72e83,0x9cCC8e15c58bfEa77D820D1B784f9Ec931B76c3b,291,17f8515ae50c32f8aa8b5f9cfaa8e24a3d1ba9335ac643258b18bc648770d2f6,59.0,2026-06-03T16:00:07.203871+00:00,betswirl-chainlink-vrf-v2.5
fb615023fb648785ebc938974462a8e059397f448f13292a45e400fb66a72e83,0x9cCC8e15c58bfEa77D820D1B784f9Ec931B76c3b,292,7297115054b290c5337639c354b512aea451dc798259147d63752a40cab82157,72.0,2026-06-03T16:00:07.203916+00:00,betswirl-chainlink-vrf-v2.5
fb615023fb648785ebc938974462a8e059397f448f13292a45e400fb66a72e83,0x9cCC8e15c58bfEa77D820D1B784f9Ec931B76c3b,293,bad0ab2e3f4c8ba02fbf28776d82df9ca4a4062500772973cea67cfd5c8b506f,92.0,2026-06-03T16:00:07.203982+00:00,betswirl-chainlink-vrf-v2.5
fb615023fb648785ebc938974462a8e059397f448f13292a45e400fb66a72e83,0x9cCC8e15c58bfEa77D820D1B784f9Ec931B76c3b,294,ec5c32a7fa95c2490eb9d21b8d93b365be8e3704663c7be784b1d50af82319f1,14.0,2026-06-03T16:00:07.204013+00:00,betswirl-chainlink-vrf-v2.5
fb615023fb648785ebc938974462a8e059397f448f13292a45e400fb66a72e83,0x9cCC8e15c58bfEa77D820D1B784f9Ec931B76c3b,295,90580c663450cc570e9a50e047555647edd11d5a3e70823db978218114011743,68.0,2026-06-03T16:00:07.204037+00:00,betswirl-chainlink-vrf-v2.5
fb615023fb648785ebc938974462a8e059397f448f13292a45e400fb66a72e83,0x9cCC8e15c58bfEa77D820D1B784f9Ec931B76c3b,296,78a06fa3c6c2e1e632fdf848a767824a5cce4648650f424417a05496b2fba04c,81.0,2026-06-03T16:00:07.204060+00:00,betswirl-chainlink-vrf-v2.5
fb615023fb648785ebc938974462a8e059397f448f13292a45e400fb66a72e83,0x9cCC8e15c58bfEa77D820D1B784f9Ec931B76c3b,297,50b503a3f6a01a6b4faae473953c23010feb75e5f0d15707274c03e2ce32e789,26.0,2026-06-03T16:00:07.204083+00:00,betswirl-chainlink-vrf-v2.5
fb615023fb648785ebc938974462a8e059397f448f13292a45e400fb66a72e83,0x9cCC8e15c58bfEa77D820D1B784f9Ec931B76c3b,298,4986cc18748373c022538df439ec0ccce22bf349fa1e8f2506043d7a53b2b40f,40.0,2026-06-03T16:00:07.204104+00:00,betswirl-chainlink-vrf-v2.5
fb615023fb648785ebc938974462a8e059397f448f13292a45e400fb66a72e83,0x9cCC8e15c58bfEa77D820D1B784f9Ec931B76c3b,299,ae43e65be9a54e2d49248049939c2aeae60d96e77059eeb81f73a2f2a1988cae,87.0,2026-06-03T16:00:07.204125+00:00,betswirl-chainlink-vrf-v2.5
0b9ba5dabe3accf3a75a79528d5208f847624e92fa7476670ec15e210101927f,0x9cCC8e15c58bfEa77D820D1B784f9Ec931B76c3b,0,06ec8ad50b00c70d5ff270bafb0a043b5c2d0e2df20b5481b3b3f540ae604946,43.0,2026-06-03T16:01:17.773702+00:00,betswirl-chainlink-vrf-v2.5
0b9ba5dabe3accf3a75a79528d5208f847624e92fa7476670ec15e210101927f,0x9cCC8e15c58bfEa77D820D1B784f9Ec931B76c3b,1,9aaedc0bdefc7da10452d243bc23d83b0e741167cfba56edcc82e47447188adb,52.0,2026-06-03T16:01:17.773785+00:00,betswirl-chainlink-vrf-v2.5
0b9ba5dabe3accf3a75a79528d5208f847624e92fa7476670ec15e210101927f,0x9cCC8e15c58bfEa77D820D1B784f9Ec931B76c3b,2,ada4ba9d7389be8bed367c45b8cb2b33cc84c1e9b543e254a0044092d5eef004,61.0,2026-06-03T16:01:17.773832+00:00,betswirl-chainlink-vrf-v2.5
0b9ba5dabe3accf3a75a79528d5208f847624e92fa7476670ec15e210101927f,0x9cCC8e15c58bfEa77D820D1B784f9Ec931B76c3b,3,1aecad7a4927cd802c075cf371e706f497628afa78ef44f2b4c73c52fe7fdab3,88.0,2026-06-03T16:01:17.773873+00:00,betswirl-chainlink-vrf-v2.5
0b9ba5dabe3accf3a75a79528d5208f847624e92fa7476670ec15e210101927f,0x9cCC8e15c58bfEa77D820D1B784f9Ec931B76c3b,4,a6057810029a7b690263592d015f0b86bb418781cec66e9e45918a6e637cb83f,88.0,2026-06-03T16:01:17.773897+00:00,betswirl-chainlink-vrf-v2.5
0b9ba5dabe3accf3a75a79528d5208f847624e92fa7476670ec15e210101927f,0x9cCC8e15c58bfEa77D820D1B784f9Ec931B76c3b,5,fc5c1d3e7c49b78555346b6e12d1d84e1603977b3df3304a3384a734b8a3618e,87.0,2026-06-03T16:01:17.773918+00:00,betswirl-chainlink-vrf-v2.5
0b9ba5dabe3accf3a75a79528d5208f847624e92fa7476670ec15e210101927f,0x9cCC8e15c58bfEa77D820D1B784f9Ec931B76c3b,6,e898439a976a629168c0ed446ac4acd3e874a3588d8b76cb8b184cc4928f1b23,68.0,2026-06-03T16:01:17.773939+00:00,betswirl-chainlink-vrf-v2.5
0b9ba5dabe3accf3a75a79528d5208f847624e92fa7476670ec15e210101927f,0x9cCC8e15c58bfEa77D820D1B784f9Ec931B76c3b,7,44f162d0a4e439f28b3badc38acbc60c7c406047ddf07e353e9ee011b24baa4a,47.0,2026-06-03T16:01:17.773960+00:00,betswirl-chainlink-vrf-v2.5
0b9ba5dabe3accf3a75a79528d5208f847624e92fa7476670ec15e210101927f,0x9cCC8e15c58bfEa77D820D1B784f9Ec931B76c3b,8,4fca7b363824d5bb62bfd5d823dbb10ad73a359957259b5678ae1c3d1a0e2222,15.0,2026-06-03T16:01:17.773979+00:00,betswirl-chainlink-vrf-v2.5
0b9ba5dabe3accf3a75a79528d5208f847624e92fa7476670ec15e210101927f,0x9cCC8e15c58bfEa77D820D1B784f9Ec931B76c3b,9,87581ea2957142e29a7dd079521643082a1ce0455490ea04d371f7d662cb354c,1.0,2026-06-03T16:01:17.774003+00:00,betswirl-chainlink-vrf-v2.5
0b9ba5dabe3accf3a75a79528d5208f847624e92fa7476670ec15e210101927f,0x9cCC8e15c58bfEa77D820D1B784f9Ec931B76c3b,10,7d68d6af4e60da9829fb0e0d4cb2ae7721646ac0f343f8a7158e69f948957d94,81.0,2026-06-03T16:01:17.774024+00:00,betswirl-chainlink-vrf-v2.5
0b9ba5dabe3accf3a75a79528d5208f847624e92fa7476670ec15e210101927f,0x9cCC8e15c58bfEa77D820D1B784f9Ec931B76c3b,11,fa405fc0a55f24a8b5d1f9cbc83c41b350442ccddad60e572139a657531d3b85,54.0,2026-06-03T16:01:17.774044+00:00,betswirl-chainlink-vrf-v2.5
0b9ba5dabe3accf3a75a79528d5208f847624e92fa7476670ec15e210101927f,0x9cCC8e15c58bfEa77D820D1B784f9Ec931B76c3b,12,9d7a23068cc98798b29d2d411e9971e34dacb07d82d674660be6081d8b75e537,12.0,2026-06-03T16:01:17.774069+00:00,betswirl-chainlink-vrf-v2.5
0b9ba5dabe3accf3a75a79528d5208f847624e92fa7476670ec15e210101927f,0x9cCC8e15c58bfEa77D820D1B784f9Ec931B76c3b,13,18c302439b87a5d51b8d7ab2287bf08d4998e257630488a7eeb999fb2ef01fdc,17.0,2026-06-03T16:01:17.774095+00:00,betswirl-chainlink-vrf-v2.5
0b9ba5dabe3accf3a75a79528d5208f847624e92fa7476670ec15e210101927f,0x9cCC8e15c58bfEa77D820D1B784f9Ec931B76c3b,14,0beca549707e39aa120d4971139265c78fd1cf182bc28c98c2930dd33c328858,29.0,2026-06-03T16:01:17.774118+00:00,betswirl-chainlink-vrf-v2.5
0b9ba5dabe3accf3a75a79528d5208f847624e92fa7476670ec15e210101927f,0x9cCC8e15c58bfEa77D820D1B784f9Ec931B76c3b,15,d8e84cae32cc852864a69007f5be28ac30f45998de73b09ea7e79f924583bb4e,67.0,2026-06-03T16:01:17.774138+00:00,betswirl-chainlink-vrf-v2.5
0b9ba5dabe3accf3a75a79528d5208f847624e92fa7476670ec15e210101927f,0x9cCC8e15c58bfEa77D820D1B784f9Ec931B76c3b,16,0c03f3a7f2687720e9bd8ca4443924d4ae9049e3bda40e6440bf00ae8e85e52d,10.0,2026-06-03T16:01:17.774158+00:00,betswirl-chainlink-vrf-v2.5
0b9ba5dabe3accf3a75a79528d5208f847624e92fa7476670ec15e210101927f,0x9cCC8e15c58bfEa77D820D1B784f9Ec931B76c3b,17,5f720cf7a6bd009096fc5fa0c4c51f0b56c53b7e8e078a829a9f1668e575501c,53.0,2026-06-03T16:01:17.774224+00:00,betswirl-chainlink-vrf-v2.5
0b9ba5dabe3accf3a75a79528d5208f847624e92fa7476670ec15e210101927f,0x9cCC8e15c58bfEa77D820D1B784f9Ec931B76c3b,18,5a9e76735687948ea2ac6964ebd3c285dd6a0398abf8f19b31adec5fec30ed50,81.0,2026-06-03T16:01:17.774281+00:00,betswirl-chainlink-vrf-v2.5
0b9ba5dabe3accf3a75a79528d5208f847624e92fa7476670ec15e210101927f,0x9cCC8e15c58bfEa77D820D1B784f9Ec931B76c3b,19,b9cc7e69c8e65154e8aac5b6090e1eca5426a8a9ac5541a37eda0ec96a120ae4,97.0,2026-06-03T16:01:17.774314+00:00,betswirl-chainlink-vrf-v2.5
0b9ba5dabe3accf3a75a79528d5208f847624e92fa7476670ec15e210101927f,0x9cCC8e15c58bfEa77D820D1B784f9Ec931B76c3b,20,9ee2f0f9f01c0692de4747f6600f1ec17c93daa5d5ec2e481e2c99e451dc4f86,83.0,2026-06-03T16:01:17.774340+00:00,betswirl-chainlink-vrf-v2.5
0b9ba5dabe3accf3a75a79528d5208f847624e92fa7476670ec15e210101927f,0x9cCC8e15c58bfEa77D820D1B784f9Ec931B76c3b,21,1a491b60bfaab0ce1e021834ddaed88d85228d110dc07bd4fbbf8f397a04da13,56.0,2026-06-03T16:01:17.774362+00:00,betswirl-chainlink-vrf-v2.5
0b9ba5dabe3accf3a75a79528d5208f847624e92fa7476670ec15e210101927f,0x9cCC8e15c58bfEa77D820D1B784f9Ec931B76c3b,22,f6f2be78259822b514215b26a4b489cffa2f8cdfce848200af0d509104e22f37,16.0,2026-06-03T16:01:17.774383+00:00,betswirl-chainlink-vrf-v2.5
0b9ba5dabe3accf3a75a79528d5208f847624e92fa7476670ec15e210101927f,0x9cCC8e15c58bfEa77D820D1B784f9Ec931B76c3b,23,8394be461cd0095935fcd19511979280d478c0d8567db825c4f5de90a14e0581,66.0,2026-06-03T16:01:17.774404+00:00,betswirl-chainlink-vrf-v2.5
0b9ba5dabe3accf3a75a79528d5208f847624e92fa7476670ec15e210101927f,0x9cCC8e15c58bfEa77D820D1B784f9Ec931B76c3b,24,ac154a7307b634624edaac48840ac840de63d134e372997450faaf32cf3b2fa9,22.0,2026-06-03T16:01:17.774424+00:00,betswirl-chainlink-vrf-v2.5
0b9ba5dabe3accf3a75a79528d5208f847624e92fa7476670ec15e210101927f,0x9cCC8e15c58bfEa77D820D1B784f9Ec931B76c3b,25,5344e22cbf99df2807be3f3b54e5463654938d126d32664ee3f9f493bf6fa928,57.0,2026-06-03T16:01:17.774444+00:00,betswirl-chainlink-vrf-v2.5
0b9ba5dabe3accf3a75a79528d5208f847624e92fa7476670ec15e210101927f,0x9cCC8e15c58bfEa77D820D1B784f9Ec931B76c3b,26,89e45e034901595875f5880eb42d1802acb9c9016e39d1450db864c54901cc11,90.0,2026-06-03T16:01:17.774465+00:00,betswirl-chainlink-vrf-v2.5
0b9ba5dabe3accf3a75a79528d5208f847624e92fa7476670ec15e210101927f,0x9cCC8e15c58bfEa77D820D1B784f9Ec931B76c3b,27,d838082e34bc82d606dde4fd488c9d84dc1090a66823431959c8b5c73584a4d5,38.0,2026-06-03T16:01:17.774488+00:00,betswirl-chainlink-vrf-v2.5
0b9ba5dabe3accf3a75a79528d5208f847624e92fa7476670ec15e210101927f,0x9cCC8e15c58bfEa77D820D1B784f9Ec931B76c3b,28,f5552506eb6ac4adab7d4725cc01d4692dcc1aaed9de591b265dd7e90740265f,72.0,2026-06-03T16:01:17.774508+00:00,betswirl-chainlink-vrf-v2.5
0b9ba5dabe3accf3a75a79528d5208f847624e92fa7476670ec15e210101927f,0x9cCC8e15c58bfEa77D820D1B784f9Ec931B76c3b,29,947153f674f07ea888b58458b22e6341d9f9fb34f166d04b84eb58b8e8e53d2f,84.0,2026-06-03T16:01:17.774527+00:00,betswirl-chainlink-vrf-v2.5
0b9ba5dabe3accf3a75a79528d5208f847624e92fa7476670ec15e210101927f,0x9cCC8e15c58bfEa77D820D1B784f9Ec931B76c3b,30,6d3f2a3d07ea957cd87aaa61ef91076aee7dce4aaa7d22fe3bcd7598d1214a84,69.0,2026-06-03T16:01:17.774547+00:00,betswirl-chainlink-vrf-v2.5
0b9ba5dabe3accf3a75a79528d5208f847624e92fa7476670ec15e210101927f,0x9cCC8e15c58bfEa77D820D1B784f9Ec931B76c3b,31,336777c9428541f18a3acbea64af280aa3c66129feae566cbd31ec7fb36ddb90,1.0,2026-06-03T16:01:17.774573+00:00,betswirl-chainlink-vrf-v2.5
0b9ba5dabe3accf3a75a79528d5208f847624e92fa7476670ec15e210101927f,0x9cCC8e15c58bfEa77D820D1B784f9Ec931B76c3b,32,3412819c8a2d0e804a85689d88405619bf27f7fcb20403992553999f74382e25,54.0,2026-06-03T16:01:17.774595+00:00,betswirl-chainlink-vrf-v2.5
0b9ba5dabe3accf3a75a79528d5208f847624e92fa7476670ec15e210101927f,0x9cCC8e15c58bfEa77D820D1B784f9Ec931B76c3b,33,3d49033efc3758b07f332dcf6efcf26b2b016febfc95c1ecb23e08ca8f1610ef,32.0,2026-06-03T16:01:17.774614+00:00,betswirl-chainlink-vrf-v2.5
0b9ba5dabe3accf3a75a79528d5208f847624e92fa7476670ec15e210101927f,0x9cCC8e15c58bfEa77D820D1B784f9Ec931B76c3b,34,f54a60ccb908c555081f8e7f774535bb1a30b138ef8edaae52886648179eeae5,62.0,2026-06-03T16:01:17.774634+00:00,betswirl-chainlink-vrf-v2.5
0b9ba5dabe3accf3a75a79528d5208f847624e92fa7476670ec15e210101927f,0x9cCC8e15c58bfEa77D820D1B784f9Ec931B76c3b,35,7300af4473cc4c5d209b59ff91b1c22040e8abf3f799b62ae8d0d705e78be6d5,18.0,2026-06-03T16:01:17.774653+00:00,betswirl-chainlink-vrf-v2.5
0b9ba5dabe3accf3a75a79528d5208f847624e92fa7476670ec15e210101927f,0x9cCC8e15c58bfEa77D820D1B784f9Ec931B76c3b,36,414467152c8871eff81b8546b4fa986deb7ac9bca0133b8dad63707548b54b2e,39.0,2026-06-03T16:01:17.774672+00:00,betswirl-chainlink-vrf-v2.5
0b9ba5dabe3accf3a75a79528d5208f847624e92fa7476670ec15e210101927f,0x9cCC8e15c58bfEa77D820D1B784f9Ec931B76c3b,37,e104880edb773ce07674095c3b9136b45ea297e45065da620276529f88f68c76,3.0,2026-06-03T16:01:17.774691+00:00,betswirl-chainlink-vrf-v2.5
0b9ba5dabe3accf3a75a79528d5208f847624e92fa7476670ec15e210101927f,0x9cCC8e15c58bfEa77D820D1B784f9Ec931B76c3b,38,529c6f0407d6ad894fd571e8cdf0dde319bb4f51ca0d06f14be8a4bf237e3b69,46.0,2026-06-03T16:01:17.774711+00:00,betswirl-chainlink-vrf-v2.5
0b9ba5dabe3accf3a75a79528d5208f847624e92fa7476670ec15e210101927f,0x9cCC8e15c58bfEa77D820D1B784f9Ec931B76c3b,39,a4eaca5d2edf8b486a46cc102a9a060005075eac09671816c15d65158911f7e6,87.0,2026-06-03T16:01:17.774731+00:00,betswirl-chainlink-vrf-v2.5
0b9ba5dabe3accf3a75a79528d5208f847624e92fa7476670ec15e210101927f,0x9cCC8e15c58bfEa77D820D1B784f9Ec931B76c3b,40,f7df1de24fbeaceb11a2cbcb7d0af93db0febe1b2ec012c138be0a5b18c1f0d9,34.0,2026-06-03T16:01:17.774750+00:00,betswirl-chainlink-vrf-v2.5
0b9ba5dabe3accf3a75a79528d5208f847624e92fa7476670ec15e210101927f,0x9cCC8e15c58bfEa77D820D1B784f9Ec931B76c3b,41,c91e5d6d1f86d3161d3db66bc391a28fde78d048cfc97b4fb3e9124e8549606f,84.0,2026-06-03T16:01:17.774769+00:00,betswirl-chainlink-vrf-v2.5
0b9ba5dabe3accf3a75a79528d5208f847624e92fa7476670ec15e210101927f,0x9cCC8e15c58bfEa77D820D1B784f9Ec931B76c3b,42,3d95f66e132ad9929ac4387cceacdd7072861baed2175f8f3e116994d44374e1,34.0,2026-06-03T16:01:17.774788+00:00,betswirl-chainlink-vrf-v2.5
0b9ba5dabe3accf3a75a79528d5208f847624e92fa7476670ec15e210101927f,0x9cCC8e15c58bfEa77D820D1B784f9Ec931B76c3b,43,96310a1edb314e099159e6edc7cc1d485a1da87e6527bf76ba9e2eef1161814b,84.0,2026-06-03T16:01:17.774808+00:00,betswirl-chainlink-vrf-v2.5
0b9ba5dabe3accf3a75a79528d5208f847624e92fa7476670ec15e210101927f,0x9cCC8e15c58bfEa77D820D1B784f9Ec931B76c3b,44,1d40a9566e4051e2a35c9d091d8c8a09967e9edc94b317df03bcd291d35faca8,1.0,2026-06-03T16:01:17.774828+00:00,betswirl-chainlink-vrf-v2.5
0b9ba5dabe3accf3a75a79528d5208f847624e92fa7476670ec15e210101927f,0x9cCC8e15c58bfEa77D820D1B784f9Ec931B76c3b,45,97fd481aed81af79649342b43d5ccc618a3f8e5ade11ab3b0de1acd936257f75,86.0,2026-06-03T16:01:17.774847+00:00,betswirl-chainlink-vrf-v2.5
0b9ba5dabe3accf3a75a79528d5208f847624e92fa7476670ec15e210101927f,0x9cCC8e15c58bfEa77D820D1B784f9Ec931B76c3b,46,8d0cafa4654a6fade3324093b5d6f280172e07826cd02b48771c89b5bf1acaeb,96.0,2026-06-03T16:01:17.774867+00:00,betswirl-chainlink-vrf-v2.5
0b9ba5dabe3accf3a75a79528d5208f847624e92fa7476670ec15e210101927f,0x9cCC8e15c58bfEa77D820D1B784f9Ec931B76c3b,47,6e2b9ac4ec1170e4bce192e262fb089dc79f2a7f3ade9ce17205c6bdd6956ac3,84.0,2026-06-03T16:01:17.774887+00:00,betswirl-chainlink-vrf-v2.5
0b9ba5dabe3accf3a75a79528d5208f847624e92fa7476670ec15e210101927f,0x9cCC8e15c58bfEa77D820D1B784f9Ec931B76c3b,48,120115694c4d36c92cfda785489f41c0dff726044df7a0f67b55afa3059a12f8,57.0,2026-06-03T16:01:17.774905+00:00,betswirl-chainlink-vrf-v2.5
0b9ba5dabe3accf3a75a79528d5208f847624e92fa7476670ec15e210101927f,0x9cCC8e15c58bfEa77D820D1B784f9Ec931B76c3b,49,fec82b2cee5c7e19afee2165b2e5ce11b6eca03f356437ba1f1f0613e1639a05,30.0,2026-06-03T16:01:17.774924+00:00,betswirl-chainlink-vrf-v2.5
0b9ba5dabe3accf3a75a79528d5208f847624e92fa7476670ec15e210101927f,0x9cCC8e15c58bfEa77D820D1B784f9Ec931B76c3b,50,9f46cd393c67790963fb7cc6b8b419ba2364eba58bce73ffe1bf29a8b63ce380,49.0,2026-06-03T16:01:17.774943+00:00,betswirl-chainlink-vrf-v2.5
0b9ba5dabe3accf3a75a79528d5208f847624e92fa7476670ec15e210101927f,0x9cCC8e15c58bfEa77D820D1B784f9Ec931B76c3b,51,ebfa29da7d97b2d70d2a94918bba2280037668584188a20e02b99c3e5642f271,46.0,2026-06-03T16:01:17.774962+00:00,betswirl-chainlink-vrf-v2.5
0b9ba5dabe3accf3a75a79528d5208f847624e92fa7476670ec15e210101927f,0x9cCC8e15c58bfEa77D820D1B784f9Ec931B76c3b,52,6e9baaa71af52827da2d87bd30746dbf39858ae414380cf7c85a5a9751bd4613,100.0,2026-06-03T16:01:17.774984+00:00,betswirl-chainlink-vrf-v2.5
0b9ba5dabe3accf3a75a79528d5208f847624e92fa7476670ec15e210101927f,0x9cCC8e15c58bfEa77D820D1B784f9Ec931B76c3b,53,36e45b46b2fae74844147e6b209c7163f447e7b6fe9a7b376d6aa191a6aedeef,92.0,2026-06-03T16:01:17.775008+00:00,betswirl-chainlink-vrf-v2.5
0b9ba5dabe3accf3a75a79528d5208f847624e92fa7476670ec15e210101927f,0x9cCC8e15c58bfEa77D820D1B784f9Ec931B76c3b,54,9ac84531d79a5010265d60f3ab03bc6a8176e3b6ae5e3810ad218064ae793b78,85.0,2026-06-03T16:01:17.775029+00:00,betswirl-chainlink-vrf-v2.5
0b9ba5dabe3accf3a75a79528d5208f847624e92fa7476670ec15e210101927f,0x9cCC8e15c58bfEa77D820D1B784f9Ec931B76c3b,55,6e6d0a82c35a368bc1381f23cc90b8ef40b1097e322001aebb722e1986eca882,27.0,2026-06-03T16:01:17.775049+00:00,betswirl-chainlink-vrf-v2.5
0b9ba5dabe3accf3a75a79528d5208f847624e92fa7476670ec15e210101927f,0x9cCC8e15c58bfEa77D820D1B784f9Ec931B76c3b,56,f5def284d19b4aa8a542a2f0f9c045c6720ae373cfe0241dfa0d78b0187a29b1,94.0,2026-06-03T16:01:17.775068+00:00,betswirl-chainlink-vrf-v2.5
0b9ba5dabe3accf3a75a79528d5208f847624e92fa7476670ec15e210101927f,0x9cCC8e15c58bfEa77D820D1B784f9Ec931B76c3b,57,8cf6421aca09a49416625ced0778ea9f7d4b4c42d45ba1a6f0138da5eb404dec,65.0,2026-06-03T16:01:17.775087+00:00,betswirl-chainlink-vrf-v2.5
0b9ba5dabe3accf3a75a79528d5208f847624e92fa7476670ec15e210101927f,0x9cCC8e15c58bfEa77D820D1B784f9Ec931B76c3b,58,5896e9896f5fe70f0735425f3a110fee430d9bcf295fb60cfb52c9f79d303457,52.0,2026-06-03T16:01:17.775106+00:00,betswirl-chainlink-vrf-v2.5
0b9ba5dabe3accf3a75a79528d5208f847624e92fa7476670ec15e210101927f,0x9cCC8e15c58bfEa77D820D1B784f9Ec931B76c3b,59,276f000b60cbba128b5d48b508a6ee365ac55ea1b0670e4c70dcd484a855cb1d,38.0,2026-06-03T16:01:17.775126+00:00,betswirl-chainlink-vrf-v2.5
0b9ba5dabe3accf3a75a79528d5208f847624e92fa7476670ec15e210101927f,0x9cCC8e15c58bfEa77D820D1B784f9Ec931B76c3b,60,7787a4916b2850a4671380ffd1e42bb264ec8189f4d4c656e4b8cc1d6d317f3f,8.0,2026-06-03T16:01:17.775145+00:00,betswirl-chainlink-vrf-v2.5
0b9ba5dabe3accf3a75a79528d5208f847624e92fa7476670ec15e210101927f,0x9cCC8e15c58bfEa77D820D1B784f9Ec931B76c3b,61,51e98461ff6e6829ab35d6dc753d40f78df04357292cf48b6b8cc530c859e162,63.0,2026-06-03T16:01:17.775165+00:00,betswirl-chainlink-vrf-v2.5
0b9ba5dabe3accf3a75a79528d5208f847624e92fa7476670ec15e210101927f,0x9cCC8e15c58bfEa77D820D1B784f9Ec931B76c3b,62,b3336898d39edf7366f1347be4cdd0dc5086e00e07b4f91ad10a809bee7bd805,46.0,2026-06-03T16:01:17.775184+00:00,betswirl-chainlink-vrf-v2.5
0b9ba5dabe3accf3a75a79528d5208f847624e92fa7476670ec15e210101927f,0x9cCC8e15c58bfEa77D820D1B784f9Ec931B76c3b,63,0463e767c1be29415bacbd0af2aa789f1c1fa5ac38156ca93fc2921177fb58e8,85.0,2026-06-03T16:01:17.775202+00:00,betswirl-chainlink-vrf-v2.5
0b9ba5dabe3accf3a75a79528d5208f847624e92fa7476670ec15e210101927f,0x9cCC8e15c58bfEa77D820D1B784f9Ec931B76c3b,64,0fd9f7501d1a95eae23e64f987a71e5dd8467ece1301429a270da6934f6ce7ea,95.0,2026-06-03T16:01:17.775221+00:00,betswirl-chainlink-vrf-v2.5
0b9ba5dabe3accf3a75a79528d5208f847624e92fa7476670ec15e210101927f,0x9cCC8e15c58bfEa77D820D1B784f9Ec931B76c3b,65,2297b27a01217d6002a7e582921282680a4a68b95253e5afec970f96cfcbcd01,42.0,2026-06-03T16:01:17.775240+00:00,betswirl-chainlink-vrf-v2.5
0b9ba5dabe3accf3a75a79528d5208f847624e92fa7476670ec15e210101927f,0x9cCC8e15c58bfEa77D820D1B784f9Ec931B76c3b,66,6dcdfdd03c4e6d0a7256be82105134e9e069ac0114eef396179c4109f2fc5608,29.0,2026-06-03T16:01:17.775259+00:00,betswirl-chainlink-vrf-v2.5
0b9ba5dabe3accf3a75a79528d5208f847624e92fa7476670ec15e210101927f,0x9cCC8e15c58bfEa77D820D1B784f9Ec931B76c3b,67,7df72587da9369507be03f30b6feaaa4c03c16a97144c776780dfd816d32dac1,54.0,2026-06-03T16:01:17.775277+00:00,betswirl-chainlink-vrf-v2.5
0b9ba5dabe3accf3a75a79528d5208f847624e92fa7476670ec15e210101927f,0x9cCC8e15c58bfEa77D820D1B784f9Ec931B76c3b,68,dad96ebcc8c20ba8d7864bf60338aa96649ba4122cc362171f77d8402d09603e,95.0,2026-06-03T16:01:17.775296+00:00,betswirl-chainlink-vrf-v2.5
0b9ba5dabe3accf3a75a79528d5208f847624e92fa7476670ec15e210101927f,0x9cCC8e15c58bfEa77D820D1B784f9Ec931B76c3b,69,e052aba858fdb8dd4950d12f7a398f6aa41a814e4d5fdfdda4d9d59d8f91d0ff,84.0,2026-06-03T16:01:17.775315+00:00,betswirl-chainlink-vrf-v2.5
0b9ba5dabe3accf3a75a79528d5208f847624e92fa7476670ec15e210101927f,0x9cCC8e15c58bfEa77D820D1B784f9Ec931B76c3b,70,48558c2ea4ed4b186735f6d39c2f558e7099d2a2de20cf229987083ed1798c7e,23.0,2026-06-03T16:01:17.775337+00:00,betswirl-chainlink-vrf-v2.5
0b9ba5dabe3accf3a75a79528d5208f847624e92fa7476670ec15e210101927f,0x9cCC8e15c58bfEa77D820D1B784f9Ec931B76c3b,71,8f974291a19207f9de4f4933a19c14d6076d77a8abc01182d1afb34e05a069fb,80.0,2026-06-03T16:01:17.775355+00:00,betswirl-chainlink-vrf-v2.5
0b9ba5dabe3accf3a75a79528d5208f847624e92fa7476670ec15e210101927f,0x9cCC8e15c58bfEa77D820D1B784f9Ec931B76c3b,72,aec955dd6e4bea923267bd9d4a4715d11710ffeca344ccc4a6a3f8c5b6172a97,84.0,2026-06-03T16:01:17.775374+00:00,betswirl-chainlink-vrf-v2.5
0b9ba5dabe3accf3a75a79528d5208f847624e92fa7476670ec15e210101927f,0x9cCC8e15c58bfEa77D820D1B784f9Ec931B76c3b,73,37a3357e232cb44232eae8bdc1540b0a92b22f7bbf615d34fd8796cc9ca7bc7a,23.0,2026-06-03T16:01:17.775393+00:00,betswirl-chainlink-vrf-v2.5
0b9ba5dabe3accf3a75a79528d5208f847624e92fa7476670ec15e210101927f,0x9cCC8e15c58bfEa77D820D1B784f9Ec931B76c3b,74,50db9839648ff6b8b203f722304721ca1568dc0760a9f7a9ebc3be25a26e1be8,69.0,2026-06-03T16:01:17.775411+00:00,betswirl-chainlink-vrf-v2.5
0b9ba5dabe3accf3a75a79528d5208f847624e92fa7476670ec15e210101927f,0x9cCC8e15c58bfEa77D820D1B784f9Ec931B76c3b,75,fcb6f64672a32e3ad4ea13972758f6fbe1b6fcb9ee67231cbebdb18d20813153,20.0,2026-06-03T16:01:17.775430+00:00,betswirl-chainlink-vrf-v2.5
0b9ba5dabe3accf3a75a79528d5208f847624e92fa7476670ec15e210101927f,0x9cCC8e15c58bfEa77D820D1B784f9Ec931B76c3b,76,c17fc83de678630db43d3f69b252050f4266018bd424c8cc11f8262112ad6979,86.0,2026-06-03T16:01:17.775448+00:00,betswirl-chainlink-vrf-v2.5
0b9ba5dabe3accf3a75a79528d5208f847624e92fa7476670ec15e210101927f,0x9cCC8e15c58bfEa77D820D1B784f9Ec931B76c3b,77,c6b229d5b76c8dd66f74a7f24e091783e2f4415a583a3532fef6f2a2e014afa0,81.0,2026-06-03T16:01:17.775467+00:00,betswirl-chainlink-vrf-v2.5
0b9ba5dabe3accf3a75a79528d5208f847624e92fa7476670ec15e210101927f,0x9cCC8e15c58bfEa77D820D1B784f9Ec931B76c3b,78,71811786786d2073eb393859681ffb56bbee3d5e49a811d73e0f35f91fd82928,85.0,2026-06-03T16:01:17.775486+00:00,betswirl-chainlink-vrf-v2.5
0b9ba5dabe3accf3a75a79528d5208f847624e92fa7476670ec15e210101927f,0x9cCC8e15c58bfEa77D820D1B784f9Ec931B76c3b,79,b4b6ee68b64b3cb7c38bc717482b38abe04763c9668cae2407881fa9721a56a5,94.0,2026-06-03T16:01:17.775505+00:00,betswirl-chainlink-vrf-v2.5
0b9ba5dabe3accf3a75a79528d5208f847624e92fa7476670ec15e210101927f,0x9cCC8e15c58bfEa77D820D1B784f9Ec931B76c3b,80,ff05c81d526f85454cdb81605e1a4db2498dd0c02e96c330f1e3f42c524313c6,55.0,2026-06-03T16:01:17.775524+00:00,betswirl-chainlink-vrf-v2.5
0b9ba5dabe3accf3a75a79528d5208f847624e92fa7476670ec15e210101927f,0x9cCC8e15c58bfEa77D820D1B784f9Ec931B76c3b,81,55ec04639edbe279c11a80eef54e63a82c7028bf2bff2c395144fb1cfb5c7ddd,2.0,2026-06-03T16:01:17.775543+00:00,betswirl-chainlink-vrf-v2.5
0b9ba5dabe3accf3a75a79528d5208f847624e92fa7476670ec15e210101927f,0x9cCC8e15c58bfEa77D820D1B784f9Ec931B76c3b,82,0ae77175c423d50999ef8578df13a6e7b7cfe8285592b75832f88d1f4f1a94d9,98.0,2026-06-03T16:01:17.775562+00:00,betswirl-chainlink-vrf-v2.5
0b9ba5dabe3accf3a75a79528d5208f847624e92fa7476670ec15e210101927f,0x9cCC8e15c58bfEa77D820D1B784f9Ec931B76c3b,83,4f5fe218578c725060a4f011f5ace3044a3b9ee1a7f531d310dacc0a7233b8cc,65.0,2026-06-03T16:01:17.775581+00:00,betswirl-chainlink-vrf-v2.5
0b9ba5dabe3accf3a75a79528d5208f847624e92fa7476670ec15e210101927f,0x9cCC8e15c58bfEa77D820D1B784f9Ec931B76c3b,84,d329bc2b158f3c40254df36d1833e2a36b030791205b6fa510eb70d6402ec5b2,15.0,2026-06-03T16:01:17.775600+00:00,betswirl-chainlink-vrf-v2.5
0b9ba5dabe3accf3a75a79528d5208f847624e92fa7476670ec15e210101927f,0x9cCC8e15c58bfEa77D820D1B784f9Ec931B76c3b,85,1b6aa93fd374e58768f4f2e1ed3953ff55e2e490a134742c0074ef232d5e8374,61.0,2026-06-03T16:01:17.775619+00:00,betswirl-chainlink-vrf-v2.5
0b9ba5dabe3accf3a75a79528d5208f847624e92fa7476670ec15e210101927f,0x9cCC8e15c58bfEa77D820D1B784f9Ec931B76c3b,86,1af86c62a2abdad569fc20c2ad259b95105fc348d9b78c4ecb611b8ebc978948,85.0,2026-06-03T16:01:17.775639+00:00,betswirl-chainlink-vrf-v2.5
0b9ba5dabe3accf3a75a79528d5208f847624e92fa7476670ec15e210101927f,0x9cCC8e15c58bfEa77D820D1B784f9Ec931B76c3b,87,15f217e75175a955d03101528aeb564d5476ab6acfa9ddbfa8dbd942c3d19290,17.0,2026-06-03T16:01:17.775658+00:00,betswirl-chainlink-vrf-v2.5
0b9ba5dabe3accf3a75a79528d5208f847624e92fa7476670ec15e210101927f,0x9cCC8e15c58bfEa77D820D1B784f9Ec931B76c3b,88,2fde9def4376c0e57a38c666512b41cde34d7a1b1e1163235fa404cae8fac62c,37.0,2026-06-03T16:01:17.775677+00:00,betswirl-chainlink-vrf-v2.5
0b9ba5dabe3accf3a75a79528d5208f847624e92fa7476670ec15e210101927f,0x9cCC8e15c58bfEa77D820D1B784f9Ec931B76c3b,89,7bd58d3f5f49af8269e7fe33cac4d35f50f6c0467622dfcee0d3a434ccd1c1b5,46.0,2026-06-03T16:01:17.775696+00:00,betswirl-chainlink-vrf-v2.5
0b9ba5dabe3accf3a75a79528d5208f847624e92fa7476670ec15e210101927f,0x9cCC8e15c58bfEa77D820D1B784f9Ec931B76c3b,90,29857a9ac462c15c6f95d3228ebc2716e650ec827f69c8476aaa3e22b461a3e6,27.0,2026-06-03T16:01:17.775716+00:00,betswirl-chainlink-vrf-v2.5
0b9ba5dabe3accf3a75a79528d5208f847624e92fa7476670ec15e210101927f,0x9cCC8e15c58bfEa77D820D1B784f9Ec931B76c3b,91,b056197226e075163fd189699f9ebab6eae46966ac5e493fc82f93a3ac465d02,47.0,2026-06-03T16:01:17.775736+00:00,betswirl-chainlink-vrf-v2.5
0b9ba5dabe3accf3a75a79528d5208f847624e92fa7476670ec15e210101927f,0x9cCC8e15c58bfEa77D820D1B784f9Ec931B76c3b,92,86ea0ae298d1e0c3b992ae59ac5f2a3062139588f4e7f0c4b24ebeabab1db0d3,68.0,2026-06-03T16:01:17.775756+00:00,betswirl-chainlink-vrf-v2.5
0b9ba5dabe3accf3a75a79528d5208f847624e92fa7476670ec15e210101927f,0x9cCC8e15c58bfEa77D820D1B784f9Ec931B76c3b,93,cf8ff9bd2e7fa26ddbb5d4c086029a81c17fc62bbfcb65a219b1950290bc88a9,54.0,2026-06-03T16:01:17.775774+00:00,betswirl-chainlink-vrf-v2.5
0b9ba5dabe3accf3a75a79528d5208f847624e92fa7476670ec15e210101927f,0x9cCC8e15c58bfEa77D820D1B784f9Ec931B76c3b,94,1aacddef8e6aeab0145aaf87b9b034bfbe851ee362b7a5905a7af36921b4da41,62.0,2026-06-03T16:01:17.775793+00:00,betswirl-chainlink-vrf-v2.5
0b9ba5dabe3accf3a75a79528d5208f847624e92fa7476670ec15e210101927f,0x9cCC8e15c58bfEa77D820D1B784f9Ec931B76c3b,95,1d5ac5de495bc685c55183fe7f87cca828dd8d755e58de1c67f5605f0e7868d5,42.0,2026-06-03T16:01:17.775812+00:00,betswirl-chainlink-vrf-v2.5
0b9ba5dabe3accf3a75a79528d5208f847624e92fa7476670ec15e210101927f,0x9cCC8e15c58bfEa77D820D1B784f9Ec931B76c3b,96,394c2ff289da6c69d298cadb2966cd1b04c7d70ceda13102dd4f482357522ece,91.0,2026-06-03T16:01:17.775830+00:00,betswirl-chainlink-vrf-v2.5
0b9ba5dabe3accf3a75a79528d5208f847624e92fa7476670ec15e210101927f,0x9cCC8e15c58bfEa77D820D1B784f9Ec931B76c3b,97,cd68cf25cda3993f881d6e7e66eaed557c3fd00fc068520f45d3b6b6b9c768a7,44.0,2026-06-03T16:01:17.775849+00:00,betswirl-chainlink-vrf-v2.5
0b9ba5dabe3accf3a75a79528d5208f847624e92fa7476670ec15e210101927f,0x9cCC8e15c58bfEa77D820D1B784f9Ec931B76c3b,98,a72485306ef3df1726e88c82ec55e1575a65b2022e50b1f9489492fea09fd0d2,7.0,2026-06-03T16:01:17.775867+00:00,betswirl-chainlink-vrf-v2.5
0b9ba5dabe3accf3a75a79528d5208f847624e92fa7476670ec15e210101927f,0x9cCC8e15c58bfEa77D820D1B784f9Ec931B76c3b,99,98430363c3f2b4b8023571182ead2a0d480ff4f293054b0711a86a134520f309,34.0,2026-06-03T16:01:17.775886+00:00,betswirl-chainlink-vrf-v2.5
0b9ba5dabe3accf3a75a79528d5208f847624e92fa7476670ec15e210101927f,0x9cCC8e15c58bfEa77D820D1B784f9Ec931B76c3b,100,ada2581cae16532f892e84ce2f72b325e2dd150c862e9fa7f0ebda0100cfb00c,41.0,2026-06-03T16:01:17.775905+00:00,betswirl-chainlink-vrf-v2.5
0b9ba5dabe3accf3a75a79528d5208f847624e92fa7476670ec15e210101927f,0x9cCC8e15c58bfEa77D820D1B784f9Ec931B76c3b,101,babb1e7759f0d5782e6d75de2dfd294930b39dc4c396896c9df1dfb3b475c844,21.0,2026-06-03T16:01:17.775925+00:00,betswirl-chainlink-vrf-v2.5
0b9ba5dabe3accf3a75a79528d5208f847624e92fa7476670ec15e210101927f,0x9cCC8e15c58bfEa77D820D1B784f9Ec931B76c3b,102,ee46c7dba63b49531dcaf1e55b960d221d713faea021d924ec99f189d0f7d146,23.0,2026-06-03T16:01:17.775954+00:00,betswirl-chainlink-vrf-v2.5
0b9ba5dabe3accf3a75a79528d5208f847624e92fa7476670ec15e210101927f,0x9cCC8e15c58bfEa77D820D1B784f9Ec931B76c3b,103,ab845ed7e79ae0dc36881b13e5ae82a272ed513e501e3aa1d83e79a17e8b1eb9,26.0,2026-06-03T16:01:17.775972+00:00,betswirl-chainlink-vrf-v2.5
0b9ba5dabe3accf3a75a79528d5208f847624e92fa7476670ec15e210101927f,0x9cCC8e15c58bfEa77D820D1B784f9Ec931B76c3b,104,740d54c78c063a4dbbf42e7b69ee1e5e0abc38563c533dac50a1b7df940cb184,73.0,2026-06-03T16:01:17.775991+00:00,betswirl-chainlink-vrf-v2.5
0b9ba5dabe3accf3a75a79528d5208f847624e92fa7476670ec15e210101927f,0x9cCC8e15c58bfEa77D820D1B784f9Ec931B76c3b,105,7d78d4a27655fae37c83b931200a1812d9a5f955987b38da718c417043975907,52.0,2026-06-03T16:01:17.776010+00:00,betswirl-chainlink-vrf-v2.5
0b9ba5dabe3accf3a75a79528d5208f847624e92fa7476670ec15e210101927f,0x9cCC8e15c58bfEa77D820D1B784f9Ec931B76c3b,106,c669d8b6de44f700475a1566ce5af49dafc577b16b54e760d7c6a4091cf47ea7,72.0,2026-06-03T16:01:17.776028+00:00,betswirl-chainlink-vrf-v2.5
0b9ba5dabe3accf3a75a79528d5208f847624e92fa7476670ec15e210101927f,0x9cCC8e15c58bfEa77D820D1B784f9Ec931B76c3b,107,ab77665f27466dbcff324c0707ef019d3c096fc78394f916d9967080b442a4d6,51.0,2026-06-03T16:01:17.776047+00:00,betswirl-chainlink-vrf-v2.5
0b9ba5dabe3accf3a75a79528d5208f847624e92fa7476670ec15e210101927f,0x9cCC8e15c58bfEa77D820D1B784f9Ec931B76c3b,108,1557d294e690a487ebb74f1880c17f59ebb4b9d062796b13b4d651ddaa8403df,60.0,2026-06-03T16:01:17.776065+00:00,betswirl-chainlink-vrf-v2.5
0b9ba5dabe3accf3a75a79528d5208f847624e92fa7476670ec15e210101927f,0x9cCC8e15c58bfEa77D820D1B784f9Ec931B76c3b,109,a365b922bfe1ce344da15f87d8033dea3d1df4fe8768a0ad4f54c1b92f7be969,94.0,2026-06-03T16:01:17.776086+00:00,betswirl-chainlink-vrf-v2.5
0b9ba5dabe3accf3a75a79528d5208f847624e92fa7476670ec15e210101927f,0x9cCC8e15c58bfEa77D820D1B784f9Ec931B76c3b,110,54076f2ddb81ad46b6b28c03652ed928b918c0befc00b9656b833e4934b105e5,46.0,2026-06-03T16:01:17.776105+00:00,betswirl-chainlink-vrf-v2.5
0b9ba5dabe3accf3a75a79528d5208f847624e92fa7476670ec15e210101927f,0x9cCC8e15c58bfEa77D820D1B784f9Ec931B76c3b,111,f4fde794da5789caca5b9921a26b7a088f058ee4f1f35573f3c117f765fd8c0a,31.0,2026-06-03T16:01:17.776124+00:00,betswirl-chainlink-vrf-v2.5
0b9ba5dabe3accf3a75a79528d5208f847624e92fa7476670ec15e210101927f,0x9cCC8e15c58bfEa77D820D1B784f9Ec931B76c3b,112,0299a4f4f7b2bf53837abeaa088f33f279486620586b0b289fc286fdd04838d8,5.0,2026-06-03T16:01:17.776143+00:00,betswirl-chainlink-vrf-v2.5
0b9ba5dabe3accf3a75a79528d5208f847624e92fa7476670ec15e210101927f,0x9cCC8e15c58bfEa77D820D1B784f9Ec931B76c3b,113,53c64e84fb78db899a41f241ec1179ab690032ef4003f8ea70699d8349ef8779,26.0,2026-06-03T16:01:17.776162+00:00,betswirl-chainlink-vrf-v2.5
0b9ba5dabe3accf3a75a79528d5208f847624e92fa7476670ec15e210101927f,0x9cCC8e15c58bfEa77D820D1B784f9Ec931B76c3b,114,11b0ba0b2e952ecd35d7bb0a2e9e9d54013fee04a00452cdca7626204283dd11,54.0,2026-06-03T16:01:17.776180+00:00,betswirl-chainlink-vrf-v2.5
0b9ba5dabe3accf3a75a79528d5208f847624e92fa7476670ec15e210101927f,0x9cCC8e15c58bfEa77D820D1B784f9Ec931B76c3b,115,5f5d716ef752a4345103254db06e91f91a120eb772b5a8915b37234ba3430377,12.0,2026-06-03T16:01:17.776199+00:00,betswirl-chainlink-vrf-v2.5
0b9ba5dabe3accf3a75a79528d5208f847624e92fa7476670ec15e210101927f,0x9cCC8e15c58bfEa77D820D1B784f9Ec931B76c3b,116,a80f9c87fe524b14ffac1d5fedba95072b78f48f9694bb8a1fde9d54526548c1,6.0,2026-06-03T16:01:17.776217+00:00,betswirl-chainlink-vrf-v2.5
0b9ba5dabe3accf3a75a79528d5208f847624e92fa7476670ec15e210101927f,0x9cCC8e15c58bfEa77D820D1B784f9Ec931B76c3b,117,76d1109acfcc7168a171e1985993643fd416e4570d767607b75e1c6aeaf5ec4a,11.0,2026-06-03T16:01:17.776236+00:00,betswirl-chainlink-vrf-v2.5
0b9ba5dabe3accf3a75a79528d5208f847624e92fa7476670ec15e210101927f,0x9cCC8e15c58bfEa77D820D1B784f9Ec931B76c3b,118,702e988fb4d90398e7d19eb24076fa641003e636c6fa3ec6d1ac4af69f9bf733,68.0,2026-06-03T16:01:17.776255+00:00,betswirl-chainlink-vrf-v2.5
0b9ba5dabe3accf3a75a79528d5208f847624e92fa7476670ec15e210101927f,0x9cCC8e15c58bfEa77D820D1B784f9Ec931B76c3b,119,d2c24b9de6dee1e38078b27b22dc80f351841feb12a52326e9e0ed879fd35a84,21.0,2026-06-03T16:01:17.776274+00:00,betswirl-chainlink-vrf-v2.5
0b9ba5dabe3accf3a75a79528d5208f847624e92fa7476670ec15e210101927f,0x9cCC8e15c58bfEa77D820D1B784f9Ec931B76c3b,120,54b05295214f64378db9852acaae72a0f640ce777380ff6a97a80fcfdc89aee8,73.0,2026-06-03T16:01:17.776292+00:00,betswirl-chainlink-vrf-v2.5
0b9ba5dabe3accf3a75a79528d5208f847624e92fa7476670ec15e210101927f,0x9cCC8e15c58bfEa77D820D1B784f9Ec931B76c3b,121,784740c5c1915681d651c65f3edcb63bf9d5340efcf7b316c7e2d734f8e4f2f1,26.0,2026-06-03T16:01:17.776315+00:00,betswirl-chainlink-vrf-v2.5
0b9ba5dabe3accf3a75a79528d5208f847624e92fa7476670ec15e210101927f,0x9cCC8e15c58bfEa77D820D1B784f9Ec931B76c3b,122,0063083675cf58bd8e6a46d776929558217420244745db4b852035fc2bb34529,30.0,2026-06-03T16:01:17.776334+00:00,betswirl-chainlink-vrf-v2.5
0b9ba5dabe3accf3a75a79528d5208f847624e92fa7476670ec15e210101927f,0x9cCC8e15c58bfEa77D820D1B784f9Ec931B76c3b,123,18c7d7a5473b93dedde226d632da349d8adb867ce181e4ef6c70e5dc9035a028,41.0,2026-06-03T16:01:17.776354+00:00,betswirl-chainlink-vrf-v2.5
0b9ba5dabe3accf3a75a79528d5208f847624e92fa7476670ec15e210101927f,0x9cCC8e15c58bfEa77D820D1B784f9Ec931B76c3b,124,608443fe1de856b090fbe0db8ff988b14590f8daad8a61b613fcecef2f2d32ff,8.0,2026-06-03T16:01:17.776373+00:00,betswirl-chainlink-vrf-v2.5
0b9ba5dabe3accf3a75a79528d5208f847624e92fa7476670ec15e210101927f,0x9cCC8e15c58bfEa77D820D1B784f9Ec931B76c3b,125,d665434933a097921050c03bf5052f13beb3891d5ae40f6c588d4325a2c7eaa8,9.0,2026-06-03T16:01:17.776392+00:00,betswirl-chainlink-vrf-v2.5
0b9ba5dabe3accf3a75a79528d5208f847624e92fa7476670ec15e210101927f,0x9cCC8e15c58bfEa77D820D1B784f9Ec931B76c3b,126,7b0ebfc00fe031e78373d43837d6371c715b49f42fd81f33b1d82fefc7cc3559,46.0,2026-06-03T16:01:17.776411+00:00,betswirl-chainlink-vrf-v2.5
0b9ba5dabe3accf3a75a79528d5208f847624e92fa7476670ec15e210101927f,0x9cCC8e15c58bfEa77D820D1B784f9Ec931B76c3b,127,388e0c379c9e5134c28796c29fee0e85425e3278c94db61c9a1ca67f59e09a63,24.0,2026-06-03T16:01:17.776429+00:00,betswirl-chainlink-vrf-v2.5
0b9ba5dabe3accf3a75a79528d5208f847624e92fa7476670ec15e210101927f,0x9cCC8e15c58bfEa77D820D1B784f9Ec931B76c3b,128,59ad2b0d1421fdf79ff217cbaab58ccc5a086e569772d61304a8733a002ad0cc,85.0,2026-06-03T16:01:17.776452+00:00,betswirl-chainlink-vrf-v2.5
0b9ba5dabe3accf3a75a79528d5208f847624e92fa7476670ec15e210101927f,0x9cCC8e15c58bfEa77D820D1B784f9Ec931B76c3b,129,19215de0e7ccd2775b63db530e59a98c2fca0d8f55675c199d609807afd95189,6.0,2026-06-03T16:01:17.776475+00:00,betswirl-chainlink-vrf-v2.5
0b9ba5dabe3accf3a75a79528d5208f847624e92fa7476670ec15e210101927f,0x9cCC8e15c58bfEa77D820D1B784f9Ec931B76c3b,130,22db189016f449ab961cc82a71752cd6e043382673acdc288abec7063fcd0e0a,47.0,2026-06-03T16:01:17.776496+00:00,betswirl-chainlink-vrf-v2.5
0b9ba5dabe3accf3a75a79528d5208f847624e92fa7476670ec15e210101927f,0x9cCC8e15c58bfEa77D820D1B784f9Ec931B76c3b,131,b92111b952744471fad9fe286cfd93ed2f950639693556ec5404b95416e0d87a,51.0,2026-06-03T16:01:17.776516+00:00,betswirl-chainlink-vrf-v2.5
0b9ba5dabe3accf3a75a79528d5208f847624e92fa7476670ec15e210101927f,0x9cCC8e15c58bfEa77D820D1B784f9Ec931B76c3b,132,36792e41f05ee2a38f17430e0a33ca8cbd5c9228a1a8c7f47076a3cc5520170b,12.0,2026-06-03T16:01:17.776535+00:00,betswirl-chainlink-vrf-v2.5
0b9ba5dabe3accf3a75a79528d5208f847624e92fa7476670ec15e210101927f,0x9cCC8e15c58bfEa77D820D1B784f9Ec931B76c3b,133,99897c04d77f9b5f427ae751d65275dffeb508327379035cf2c3f15e330ebece,39.0,2026-06-03T16:01:17.776553+00:00,betswirl-chainlink-vrf-v2.5
0b9ba5dabe3accf3a75a79528d5208f847624e92fa7476670ec15e210101927f,0x9cCC8e15c58bfEa77D820D1B784f9Ec931B76c3b,134,953499df78ee3430bd9193b50e821da33cae92261f2c64b631a7551e2dabdd4a,31.0,2026-06-03T16:01:17.776572+00:00,betswirl-chainlink-vrf-v2.5
0b9ba5dabe3accf3a75a79528d5208f847624e92fa7476670ec15e210101927f,0x9cCC8e15c58bfEa77D820D1B784f9Ec931B76c3b,135,eba960b97de10a46ecc86dcee4385973614f2f6b1ca5ce0b5e4c3dbd08229728,13.0,2026-06-03T16:01:17.776590+00:00,betswirl-chainlink-vrf-v2.5
0b9ba5dabe3accf3a75a79528d5208f847624e92fa7476670ec15e210101927f,0x9cCC8e15c58bfEa77D820D1B784f9Ec931B76c3b,136,1714aa01a774e44b79dca2c752bc35a971d356e7b5cbfbd0c31ac84a00de2dd1,10.0,2026-06-03T16:01:17.776611+00:00,betswirl-chainlink-vrf-v2.5
0b9ba5dabe3accf3a75a79528d5208f847624e92fa7476670ec15e210101927f,0x9cCC8e15c58bfEa77D820D1B784f9Ec931B76c3b,137,9e2e8af25e1e3797f2e0dcd6071f80b7fd96e1de0cab5bc9b266d13e0d216ce9,22.0,2026-06-03T16:01:17.776630+00:00,betswirl-chainlink-vrf-v2.5
0b9ba5dabe3accf3a75a79528d5208f847624e92fa7476670ec15e210101927f,0x9cCC8e15c58bfEa77D820D1B784f9Ec931B76c3b,138,f7389032dcc399af39c394cc8e1509f39fd45036353ee69b9b731c608306aebc,13.0,2026-06-03T16:01:17.776649+00:00,betswirl-chainlink-vrf-v2.5
0b9ba5dabe3accf3a75a79528d5208f847624e92fa7476670ec15e210101927f,0x9cCC8e15c58bfEa77D820D1B784f9Ec931B76c3b,139,ba94c86c948918c87bab9afb78c402f47f63fedd7a74c44c4da857d16826fd7a,67.0,2026-06-03T16:01:17.776667+00:00,betswirl-chainlink-vrf-v2.5
0b9ba5dabe3accf3a75a79528d5208f847624e92fa7476670ec15e210101927f,0x9cCC8e15c58bfEa77D820D1B784f9Ec931B76c3b,140,3a0a015f4d6479150a8ff7a00566374681a38e4d19fc0512c7c81c1ead9a493d,70.0,2026-06-03T16:01:17.776686+00:00,betswirl-chainlink-vrf-v2.5
0b9ba5dabe3accf3a75a79528d5208f847624e92fa7476670ec15e210101927f,0x9cCC8e15c58bfEa77D820D1B784f9Ec931B76c3b,141,8bc617f56e24fa9ab21435d314d4699724715f8d61ac2884860d6979119b4610,13.0,2026-06-03T16:01:17.776705+00:00,betswirl-chainlink-vrf-v2.5
0b9ba5dabe3accf3a75a79528d5208f847624e92fa7476670ec15e210101927f,0x9cCC8e15c58bfEa77D820D1B784f9Ec931B76c3b,142,5888eaf586d3d384041b88b23cd29c99d44a4103a6243262a65cd19ea7ac7a1a,47.0,2026-06-03T16:01:17.776724+00:00,betswirl-chainlink-vrf-v2.5
0b9ba5dabe3accf3a75a79528d5208f847624e92fa7476670ec15e210101927f,0x9cCC8e15c58bfEa77D820D1B784f9Ec931B76c3b,143,a0b3e2ff0352343a85bae5b7a48112e142ea8df2dcabf409547ddb931109b67e,99.0,2026-06-03T16:01:17.776743+00:00,betswirl-chainlink-vrf-v2.5
0b9ba5dabe3accf3a75a79528d5208f847624e92fa7476670ec15e210101927f,0x9cCC8e15c58bfEa77D820D1B784f9Ec931B76c3b,144,5eb9de0827b9534be68e7ad60be869ed03c13024dca0d3d707b2cca907a66061,50.0,2026-06-03T16:01:17.776763+00:00,betswirl-chainlink-vrf-v2.5
0b9ba5dabe3accf3a75a79528d5208f847624e92fa7476670ec15e210101927f,0x9cCC8e15c58bfEa77D820D1B784f9Ec931B76c3b,145,335fc9a8dd46769079592f08933c5fffefa03291eedadcf57a955d1eccac3927,32.0,2026-06-03T16:01:17.776782+00:00,betswirl-chainlink-vrf-v2.5
0b9ba5dabe3accf3a75a79528d5208f847624e92fa7476670ec15e210101927f,0x9cCC8e15c58bfEa77D820D1B784f9Ec931B76c3b,146,c3e4d4d710fb645cb9cf20628292f27cad5c03418e5a9473ce1a907b0bfa02ff,4.0,2026-06-03T16:01:17.776801+00:00,betswirl-chainlink-vrf-v2.5
0b9ba5dabe3accf3a75a79528d5208f847624e92fa7476670ec15e210101927f,0x9cCC8e15c58bfEa77D820D1B784f9Ec931B76c3b,147,58fa22a93cbc13491c4f939b244f8f2d1174a0a2f86158343fb4450263a83bc7,8.0,2026-06-03T16:01:17.776819+00:00,betswirl-chainlink-vrf-v2.5
0b9ba5dabe3accf3a75a79528d5208f847624e92fa7476670ec15e210101927f,0x9cCC8e15c58bfEa77D820D1B784f9Ec931B76c3b,148,903f60c1abd9fc6c1ad02b193cc1721984d9c5e5bd4f01593065a46b442a5713,28.0,2026-06-03T16:01:17.776839+00:00,betswirl-chainlink-vrf-v2.5
0b9ba5dabe3accf3a75a79528d5208f847624e92fa7476670ec15e210101927f,0x9cCC8e15c58bfEa77D820D1B784f9Ec931B76c3b,149,7e2d785fdc987d45274e4d51c1c786472db9eb1631da08568a6b5753055c9765,62.0,2026-06-03T16:01:17.776858+00:00,betswirl-chainlink-vrf-v2.5
0b9ba5dabe3accf3a75a79528d5208f847624e92fa7476670ec15e210101927f,0x9cCC8e15c58bfEa77D820D1B784f9Ec931B76c3b,150,55d9b5c6bf065cd26c17ed378e02fec9b97e8c1feaeff807c8c18257e9407c20,81.0,2026-06-03T16:01:17.776877+00:00,betswirl-chainlink-vrf-v2.5
0b9ba5dabe3accf3a75a79528d5208f847624e92fa7476670ec15e210101927f,0x9cCC8e15c58bfEa77D820D1B784f9Ec931B76c3b,151,c79d22a9d0a9a3c1a70e56018f5f55fda62d9e1206bfaa270a4e9adb29d64820,45.0,2026-06-03T16:01:17.776895+00:00,betswirl-chainlink-vrf-v2.5
0b9ba5dabe3accf3a75a79528d5208f847624e92fa7476670ec15e210101927f,0x9cCC8e15c58bfEa77D820D1B784f9Ec931B76c3b,152,67beb5f36af054b709326f95ab1a877b1a4e2c1f7e42cb064331fc4a1bb2fb66,95.0,2026-06-03T16:01:17.776914+00:00,betswirl-chainlink-vrf-v2.5
0b9ba5dabe3accf3a75a79528d5208f847624e92fa7476670ec15e210101927f,0x9cCC8e15c58bfEa77D820D1B784f9Ec931B76c3b,153,34107672ea46e1d8aa7567de18a3bf0f949b1490094c856b59171963f9694e47,52.0,2026-06-03T16:01:17.776933+00:00,betswirl-chainlink-vrf-v2.5
0b9ba5dabe3accf3a75a79528d5208f847624e92fa7476670ec15e210101927f,0x9cCC8e15c58bfEa77D820D1B784f9Ec931B76c3b,154,00a85411c6023cdbb987b0d20a75da7be4d0c349cfd16daa655be6c586079be0,61.0,2026-06-03T16:01:17.776954+00:00,betswirl-chainlink-vrf-v2.5
0b9ba5dabe3accf3a75a79528d5208f847624e92fa7476670ec15e210101927f,0x9cCC8e15c58bfEa77D820D1B784f9Ec931B76c3b,155,08180dba435a58da8faba7bfd56162fd3b7f281eb9e7534f96adf85e3d17f10e,91.0,2026-06-03T16:01:17.776973+00:00,betswirl-chainlink-vrf-v2.5
0b9ba5dabe3accf3a75a79528d5208f847624e92fa7476670ec15e210101927f,0x9cCC8e15c58bfEa77D820D1B784f9Ec931B76c3b,156,f1901867e6b3461697314ac5278b3677f3579fabacd65dd8e0e89f0072af244e,59.0,2026-06-03T16:01:17.776992+00:00,betswirl-chainlink-vrf-v2.5
0b9ba5dabe3accf3a75a79528d5208f847624e92fa7476670ec15e210101927f,0x9cCC8e15c58bfEa77D820D1B784f9Ec931B76c3b,157,255a65e898dcfe9d2b192c676d93f7f79dc3527b4e9dde6424dcb06912ad2364,61.0,2026-06-03T16:01:17.777013+00:00,betswirl-chainlink-vrf-v2.5
0b9ba5dabe3accf3a75a79528d5208f847624e92fa7476670ec15e210101927f,0x9cCC8e15c58bfEa77D820D1B784f9Ec931B76c3b,158,8eceea484420ca6aa5431e74c9c1d72fbb020be357f81592de1f9e7f41641128,81.0,2026-06-03T16:01:17.777032+00:00,betswirl-chainlink-vrf-v2.5
0b9ba5dabe3accf3a75a79528d5208f847624e92fa7476670ec15e210101927f,0x9cCC8e15c58bfEa77D820D1B784f9Ec931B76c3b,159,47a74c5926ac528402ec39ee279891395b780119dbc8be5e66a0e823376ea952,59.0,2026-06-03T16:01:17.777051+00:00,betswirl-chainlink-vrf-v2.5
0b9ba5dabe3accf3a75a79528d5208f847624e92fa7476670ec15e210101927f,0x9cCC8e15c58bfEa77D820D1B784f9Ec931B76c3b,160,bc91af53868a365353e668065e006313a97a968568b2b08314e0959fc6e775b3,96.0,2026-06-03T16:01:17.777071+00:00,betswirl-chainlink-vrf-v2.5
0b9ba5dabe3accf3a75a79528d5208f847624e92fa7476670ec15e210101927f,0x9cCC8e15c58bfEa77D820D1B784f9Ec931B76c3b,161,1919159187e487b9cc3d5c958dc93082e8adf3d1bccbd40065ecff8dfb24f0ae,35.0,2026-06-03T16:01:17.777090+00:00,betswirl-chainlink-vrf-v2.5
0b9ba5dabe3accf3a75a79528d5208f847624e92fa7476670ec15e210101927f,0x9cCC8e15c58bfEa77D820D1B784f9Ec931B76c3b,162,d1f11025552fa3c01f5282621fb68260e521c679669ed5ce466974c5ebbfd774,61.0,2026-06-03T16:01:17.777108+00:00,betswirl-chainlink-vrf-v2.5
0b9ba5dabe3accf3a75a79528d5208f847624e92fa7476670ec15e210101927f,0x9cCC8e15c58bfEa77D820D1B784f9Ec931B76c3b,163,922ee61fae3c386fbf1923fda6a28ab5a1bbf784c81da97bc78ed815c20413f9,58.0,2026-06-03T16:01:17.777127+00:00,betswirl-chainlink-vrf-v2.5
0b9ba5dabe3accf3a75a79528d5208f847624e92fa7476670ec15e210101927f,0x9cCC8e15c58bfEa77D820D1B784f9Ec931B76c3b,164,684bc092e9f752ed5e74e8de61bd2cd5596405b3d7d6b452793d8884408a5983,60.0,2026-06-03T16:01:17.777147+00:00,betswirl-chainlink-vrf-v2.5
0b9ba5dabe3accf3a75a79528d5208f847624e92fa7476670ec15e210101927f,0x9cCC8e15c58bfEa77D820D1B784f9Ec931B76c3b,165,b7e012250821e358c8a2b12ad029fb5114e18188d87627bd8c45b1006501fbea,71.0,2026-06-03T16:01:17.777168+00:00,betswirl-chainlink-vrf-v2.5
0b9ba5dabe3accf3a75a79528d5208f847624e92fa7476670ec15e210101927f,0x9cCC8e15c58bfEa77D820D1B784f9Ec931B76c3b,166,6f86a7fe6bed2a5cfd5bd8f26dce00635bedf9046f2f2906189d73b2192f16ed,22.0,2026-06-03T16:01:17.777189+00:00,betswirl-chainlink-vrf-v2.5
0b9ba5dabe3accf3a75a79528d5208f847624e92fa7476670ec15e210101927f,0x9cCC8e15c58bfEa77D820D1B784f9Ec931B76c3b,167,a2273900d5690005f6521e2fbd88e0e90b3787ed190a314ff5cbd76c21b2c449,26.0,2026-06-03T16:01:17.777209+00:00,betswirl-chainlink-vrf-v2.5
0b9ba5dabe3accf3a75a79528d5208f847624e92fa7476670ec15e210101927f,0x9cCC8e15c58bfEa77D820D1B784f9Ec931B76c3b,168,ad894fd003d07d51bc3ac9a879520d0435d9f27c9f170c75ce61c4610dbe64fd,14.0,2026-06-03T16:01:17.777229+00:00,betswirl-chainlink-vrf-v2.5
0b9ba5dabe3accf3a75a79528d5208f847624e92fa7476670ec15e210101927f,0x9cCC8e15c58bfEa77D820D1B784f9Ec931B76c3b,169,b406e3ecf01eaf0c4bf1e89aad59b73d0b3202789859f027e31ea472113bfa3e,31.0,2026-06-03T16:01:17.777248+00:00,betswirl-chainlink-vrf-v2.5
0b9ba5dabe3accf3a75a79528d5208f847624e92fa7476670ec15e210101927f,0x9cCC8e15c58bfEa77D820D1B784f9Ec931B76c3b,170,630da54b2dcdea34211f0e37e1e2d8f92ca503b8e17cb5d8bd92ad3e233804a0,45.0,2026-06-03T16:01:17.777267+00:00,betswirl-chainlink-vrf-v2.5
0b9ba5dabe3accf3a75a79528d5208f847624e92fa7476670ec15e210101927f,0x9cCC8e15c58bfEa77D820D1B784f9Ec931B76c3b,171,2a7d76d31d4821f0202c96ecb4b9b6c14ba3c0ab21db06cba6b9fd211a849771,74.0,2026-06-03T16:01:17.777288+00:00,betswirl-chainlink-vrf-v2.5
0b9ba5dabe3accf3a75a79528d5208f847624e92fa7476670ec15e210101927f,0x9cCC8e15c58bfEa77D820D1B784f9Ec931B76c3b,172,08237b8fe42332dbfaf9e105398b4676cd48de05b0a02cae402590363a0c5a7c,41.0,2026-06-03T16:01:17.777307+00:00,betswirl-chainlink-vrf-v2.5
0b9ba5dabe3accf3a75a79528d5208f847624e92fa7476670ec15e210101927f,0x9cCC8e15c58bfEa77D820D1B784f9Ec931B76c3b,173,85cd2dc05f7a880bf65fc11e88d2432de89ccfb0f4d7f61bd77de5650e001540,69.0,2026-06-03T16:01:17.777326+00:00,betswirl-chainlink-vrf-v2.5
0b9ba5dabe3accf3a75a79528d5208f847624e92fa7476670ec15e210101927f,0x9cCC8e15c58bfEa77D820D1B784f9Ec931B76c3b,174,eab67e46125f835ed81929f42075ea6a2fb3f4a3c46b5c871cdf4ef328a6b8f8,49.0,2026-06-03T16:01:17.777345+00:00,betswirl-chainlink-vrf-v2.5
0b9ba5dabe3accf3a75a79528d5208f847624e92fa7476670ec15e210101927f,0x9cCC8e15c58bfEa77D820D1B784f9Ec931B76c3b,175,33fe120c64d1f0faf4522044c036e83007767ec9952aae11b7cd7da604714228,73.0,2026-06-03T16:01:17.777365+00:00,betswirl-chainlink-vrf-v2.5
0b9ba5dabe3accf3a75a79528d5208f847624e92fa7476670ec15e210101927f,0x9cCC8e15c58bfEa77D820D1B784f9Ec931B76c3b,176,7e82b44a64d8f9cb0c798dec41e9ea220aec87bf476f4d65a11d4f8b07108a48,13.0,2026-06-03T16:01:17.777384+00:00,betswirl-chainlink-vrf-v2.5
0b9ba5dabe3accf3a75a79528d5208f847624e92fa7476670ec15e210101927f,0x9cCC8e15c58bfEa77D820D1B784f9Ec931B76c3b,177,36f83ecd7606a396a3e9ca6fde6860d6e4573dcbd151103d35674f3e30decccc,93.0,2026-06-03T16:01:17.777402+00:00,betswirl-chainlink-vrf-v2.5
0b9ba5dabe3accf3a75a79528d5208f847624e92fa7476670ec15e210101927f,0x9cCC8e15c58bfEa77D820D1B784f9Ec931B76c3b,178,8207d9090e3f88679be495e58e876e8795ca5e38084277f9f4a3c8baa4d8beb1,86.0,2026-06-03T16:01:17.777421+00:00,betswirl-chainlink-vrf-v2.5
0b9ba5dabe3accf3a75a79528d5208f847624e92fa7476670ec15e210101927f,0x9cCC8e15c58bfEa77D820D1B784f9Ec931B76c3b,179,af71d86ade36adf4c304a02f7f02f883c43d0a33c16c067f4e3161c201a6d820,33.0,2026-06-03T16:01:17.777441+00:00,betswirl-chainlink-vrf-v2.5
0b9ba5dabe3accf3a75a79528d5208f847624e92fa7476670ec15e210101927f,0x9cCC8e15c58bfEa77D820D1B784f9Ec931B76c3b,180,e02ebab949f0c678e39e8aacd6e626567dbb4ed18449e4d434723351ba62f650,33.0,2026-06-03T16:01:17.777460+00:00,betswirl-chainlink-vrf-v2.5
0b9ba5dabe3accf3a75a79528d5208f847624e92fa7476670ec15e210101927f,0x9cCC8e15c58bfEa77D820D1B784f9Ec931B76c3b,181,01025efd34907c1279aab9f411e1d4f9297023f2795b549177afb6e81590bbdc,53.0,2026-06-03T16:01:17.777478+00:00,betswirl-chainlink-vrf-v2.5
0b9ba5dabe3accf3a75a79528d5208f847624e92fa7476670ec15e210101927f,0x9cCC8e15c58bfEa77D820D1B784f9Ec931B76c3b,182,9eadcea4ee0959bfa9220456758c32822742a9bb8543d0db94e0729fff66f70b,52.0,2026-06-03T16:01:17.777497+00:00,betswirl-chainlink-vrf-v2.5
0b9ba5dabe3accf3a75a79528d5208f847624e92fa7476670ec15e210101927f,0x9cCC8e15c58bfEa77D820D1B784f9Ec931B76c3b,183,b30a6ba38b60f423c78daa96ace2a86ea3f9d109d6172bfa628c5d9facb800d7,76.0,2026-06-03T16:01:17.777515+00:00,betswirl-chainlink-vrf-v2.5
0b9ba5dabe3accf3a75a79528d5208f847624e92fa7476670ec15e210101927f,0x9cCC8e15c58bfEa77D820D1B784f9Ec931B76c3b,184,f899463081805903a18da9f90f2426d2c5e19baa2828c50ce86191311b31fc66,27.0,2026-06-03T16:01:17.777533+00:00,betswirl-chainlink-vrf-v2.5
0b9ba5dabe3accf3a75a79528d5208f847624e92fa7476670ec15e210101927f,0x9cCC8e15c58bfEa77D820D1B784f9Ec931B76c3b,185,ea2749969fd6a17d6dc86d75f7ec1a25627b13acf976341c585ea54557f4e6e8,45.0,2026-06-03T16:01:17.777552+00:00,betswirl-chainlink-vrf-v2.5
0b9ba5dabe3accf3a75a79528d5208f847624e92fa7476670ec15e210101927f,0x9cCC8e15c58bfEa77D820D1B784f9Ec931B76c3b,186,38a462ade797eca550096054df11da12c9ace4d6145e5803d2a43b184ceab46b,84.0,2026-06-03T16:01:17.777570+00:00,betswirl-chainlink-vrf-v2.5
0b9ba5dabe3accf3a75a79528d5208f847624e92fa7476670ec15e210101927f,0x9cCC8e15c58bfEa77D820D1B784f9Ec931B76c3b,187,6cef9634c9ad551a85422c13260fc1eea745968e3032ebe59d8a89927155cb96,35.0,2026-06-03T16:01:17.777590+00:00,betswirl-chainlink-vrf-v2.5
0b9ba5dabe3accf3a75a79528d5208f847624e92fa7476670ec15e210101927f,0x9cCC8e15c58bfEa77D820D1B784f9Ec931B76c3b,188,f8c2df7af66f2efdcd2f3a252e69517b81ab0e9faed0e866bafee104b785686d,58.0,2026-06-03T16:01:17.777609+00:00,betswirl-chainlink-vrf-v2.5
0b9ba5dabe3accf3a75a79528d5208f847624e92fa7476670ec15e210101927f,0x9cCC8e15c58bfEa77D820D1B784f9Ec931B76c3b,189,b3891d33e846b4408448879cc6e415b9435ff46284d455dd265a4cf8c974155a,19.0,2026-06-03T16:01:17.777628+00:00,betswirl-chainlink-vrf-v2.5
0b9ba5dabe3accf3a75a79528d5208f847624e92fa7476670ec15e210101927f,0x9cCC8e15c58bfEa77D820D1B784f9Ec931B76c3b,190,7149367c7138d22db677c45218aed3799db7d0ff402e59bf94f55f1a68065c11,94.0,2026-06-03T16:01:17.777647+00:00,betswirl-chainlink-vrf-v2.5
0b9ba5dabe3accf3a75a79528d5208f847624e92fa7476670ec15e210101927f,0x9cCC8e15c58bfEa77D820D1B784f9Ec931B76c3b,191,8485967e5db77a34696eb5f70967cf157aea0a3fba8b4fffa9339dd22e80c2ab,84.0,2026-06-03T16:01:17.777665+00:00,betswirl-chainlink-vrf-v2.5
0b9ba5dabe3accf3a75a79528d5208f847624e92fa7476670ec15e210101927f,0x9cCC8e15c58bfEa77D820D1B784f9Ec931B76c3b,192,25db3f6a8c30eff2fa16ea493ff25226052ecb39147335b1238dbd35c6a459e5,98.0,2026-06-03T16:01:17.777684+00:00,betswirl-chainlink-vrf-v2.5
0b9ba5dabe3accf3a75a79528d5208f847624e92fa7476670ec15e210101927f,0x9cCC8e15c58bfEa77D820D1B784f9Ec931B76c3b,193,d586b102997b6a5462b7050c2f6b60de17c30352229c3bb97a79fbbcc13214f5,10.0,2026-06-03T16:01:17.777702+00:00,betswirl-chainlink-vrf-v2.5
0b9ba5dabe3accf3a75a79528d5208f847624e92fa7476670ec15e210101927f,0x9cCC8e15c58bfEa77D820D1B784f9Ec931B76c3b,194,70b4564e7913ce7541489da77150f581b5a04a18e58c1e3bd62484a3d86ee18a,59.0,2026-06-03T16:01:17.777720+00:00,betswirl-chainlink-vrf-v2.5
0b9ba5dabe3accf3a75a79528d5208f847624e92fa7476670ec15e210101927f,0x9cCC8e15c58bfEa77D820D1B784f9Ec931B76c3b,195,a0de8a77db3da20fe6fb746a069a0447285b7e6e73283f21cf9c016f6d4eedf5,62.0,2026-06-03T16:01:17.777740+00:00,betswirl-chainlink-vrf-v2.5
0b9ba5dabe3accf3a75a79528d5208f847624e92fa7476670ec15e210101927f,0x9cCC8e15c58bfEa77D820D1B784f9Ec931B76c3b,196,d67af9f52386112a558980f9f1b10a09aabf22ca0271caa9e09065feffb3c799,62.0,2026-06-03T16:01:17.777759+00:00,betswirl-chainlink-vrf-v2.5
0b9ba5dabe3accf3a75a79528d5208f847624e92fa7476670ec15e210101927f,0x9cCC8e15c58bfEa77D820D1B784f9Ec931B76c3b,197,0180fcb35efb0a4d6c1c9ffcd2eb6d0ef033bb71186ca0a35caccfc3abe6ae0a,35.0,2026-06-03T16:01:17.777777+00:00,betswirl-chainlink-vrf-v2.5
0b9ba5dabe3accf3a75a79528d5208f847624e92fa7476670ec15e210101927f,0x9cCC8e15c58bfEa77D820D1B784f9Ec931B76c3b,198,6c45708c99290d59a40f2165451b99ef0dbbc6cdbea58c0a1fd8ed7931929afc,81.0,2026-06-03T16:01:17.777796+00:00,betswirl-chainlink-vrf-v2.5
0b9ba5dabe3accf3a75a79528d5208f847624e92fa7476670ec15e210101927f,0x9cCC8e15c58bfEa77D820D1B784f9Ec931B76c3b,199,b61d4ad3278f44219cf1cdc8ce58c4c3d0593725dcd95ac3d35c36aad51e2041,90.0,2026-06-03T16:01:17.777814+00:00,betswirl-chainlink-vrf-v2.5
0b9ba5dabe3accf3a75a79528d5208f847624e92fa7476670ec15e210101927f,0x9cCC8e15c58bfEa77D820D1B784f9Ec931B76c3b,200,ac96bc8aa4419fdfc448eb63889f328f9cd07364e13856ea6b3592eb37deec07,36.0,2026-06-03T16:01:17.777833+00:00,betswirl-chainlink-vrf-v2.5
0b9ba5dabe3accf3a75a79528d5208f847624e92fa7476670ec15e210101927f,0x9cCC8e15c58bfEa77D820D1B784f9Ec931B76c3b,201,74c4b873a43d704945275ec2717a620a2a9f2a2bcc0a9bcc279a421afcd5ebd2,55.0,2026-06-03T16:01:17.777851+00:00,betswirl-chainlink-vrf-v2.5
0b9ba5dabe3accf3a75a79528d5208f847624e92fa7476670ec15e210101927f,0x9cCC8e15c58bfEa77D820D1B784f9Ec931B76c3b,202,c743be80333db2810e5b7861239d406fb3e4a5c64738472e67558feb6e7279a1,14.0,2026-06-03T16:01:17.777870+00:00,betswirl-chainlink-vrf-v2.5
0b9ba5dabe3accf3a75a79528d5208f847624e92fa7476670ec15e210101927f,0x9cCC8e15c58bfEa77D820D1B784f9Ec931B76c3b,203,c131fcaf314b3ac49de6c805d8a1ba863d10796acf92a2ac3c3252fd18bb43c9,62.0,2026-06-03T16:01:17.777889+00:00,betswirl-chainlink-vrf-v2.5
0b9ba5dabe3accf3a75a79528d5208f847624e92fa7476670ec15e210101927f,0x9cCC8e15c58bfEa77D820D1B784f9Ec931B76c3b,204,546425fcb82992d2e16a28cc339034cbb329edc8dab2e5c947d0fa1560b8765b,12.0,2026-06-03T16:01:17.777910+00:00,betswirl-chainlink-vrf-v2.5
0b9ba5dabe3accf3a75a79528d5208f847624e92fa7476670ec15e210101927f,0x9cCC8e15c58bfEa77D820D1B784f9Ec931B76c3b,205,02c41221329f7b76f4bd568f4cbf22a02f4103ba1eba2ff7e9f9a5047af2c912,3.0,2026-06-03T16:01:17.777935+00:00,betswirl-chainlink-vrf-v2.5
0b9ba5dabe3accf3a75a79528d5208f847624e92fa7476670ec15e210101927f,0x9cCC8e15c58bfEa77D820D1B784f9Ec931B76c3b,206,9e84a8fb7f4a292f12d1de0422be19b1f4b8ed0324794a31ea68543f8f2216d5,78.0,2026-06-03T16:01:17.777956+00:00,betswirl-chainlink-vrf-v2.5
0b9ba5dabe3accf3a75a79528d5208f847624e92fa7476670ec15e210101927f,0x9cCC8e15c58bfEa77D820D1B784f9Ec931B76c3b,207,ae02657439fb281cab5ca24a2f1a2dd67858b7c15f121988e785cbd99f354be6,75.0,2026-06-03T16:01:17.777978+00:00,betswirl-chainlink-vrf-v2.5
0b9ba5dabe3accf3a75a79528d5208f847624e92fa7476670ec15e210101927f,0x9cCC8e15c58bfEa77D820D1B784f9Ec931B76c3b,208,fb5a0d42ca9fa46cef05961b3769542da81184a88a3105481bf6e7acae43f666,3.0,2026-06-03T16:01:17.777997+00:00,betswirl-chainlink-vrf-v2.5
0b9ba5dabe3accf3a75a79528d5208f847624e92fa7476670ec15e210101927f,0x9cCC8e15c58bfEa77D820D1B784f9Ec931B76c3b,209,385de1d65db6eb2b9cec3a2ab234a4d5ca6b3db6c7c54334d629c8cfdc35ceb0,85.0,2026-06-03T16:01:17.778015+00:00,betswirl-chainlink-vrf-v2.5
0b9ba5dabe3accf3a75a79528d5208f847624e92fa7476670ec15e210101927f,0x9cCC8e15c58bfEa77D820D1B784f9Ec931B76c3b,210,fe54a115f91eb867d06d5a121cb7784ad50f1512769637687bc890c8ae02fab1,26.0,2026-06-03T16:01:17.778034+00:00,betswirl-chainlink-vrf-v2.5
0b9ba5dabe3accf3a75a79528d5208f847624e92fa7476670ec15e210101927f,0x9cCC8e15c58bfEa77D820D1B784f9Ec931B76c3b,211,0f559451116f3947f6eee2bfc11b12fd9f36512965c4d3b7625093f78d32817c,5.0,2026-06-03T16:01:17.778053+00:00,betswirl-chainlink-vrf-v2.5
0b9ba5dabe3accf3a75a79528d5208f847624e92fa7476670ec15e210101927f,0x9cCC8e15c58bfEa77D820D1B784f9Ec931B76c3b,212,cb0b1bcf8eda6c9505a8ce9ad697bb388b7dfce67adad7754ca311eaef714219,58.0,2026-06-03T16:01:17.778071+00:00,betswirl-chainlink-vrf-v2.5
0b9ba5dabe3accf3a75a79528d5208f847624e92fa7476670ec15e210101927f,0x9cCC8e15c58bfEa77D820D1B784f9Ec931B76c3b,213,1b177afb2e2f99194ec4a5b6df30b86bc8505368744874421b6e5fab02a6316c,13.0,2026-06-03T16:01:17.778090+00:00,betswirl-chainlink-vrf-v2.5
0b9ba5dabe3accf3a75a79528d5208f847624e92fa7476670ec15e210101927f,0x9cCC8e15c58bfEa77D820D1B784f9Ec931B76c3b,214,8b7a8f072892d345a60296a15de4bc41c9ebe485501e357b1dac813b3edfbb0d,58.0,2026-06-03T16:01:17.778108+00:00,betswirl-chainlink-vrf-v2.5
0b9ba5dabe3accf3a75a79528d5208f847624e92fa7476670ec15e210101927f,0x9cCC8e15c58bfEa77D820D1B784f9Ec931B76c3b,215,a4730f0487cf6880d91206c28199da4b5bf384b66965e8a787bb6224babe71fd,94.0,2026-06-03T16:01:17.778127+00:00,betswirl-chainlink-vrf-v2.5
0b9ba5dabe3accf3a75a79528d5208f847624e92fa7476670ec15e210101927f,0x9cCC8e15c58bfEa77D820D1B784f9Ec931B76c3b,216,9128192ffa07f40f73954578a502267a42ecc5abf3b75c10fc701fe0537a065d,86.0,2026-06-03T16:01:17.778145+00:00,betswirl-chainlink-vrf-v2.5
0b9ba5dabe3accf3a75a79528d5208f847624e92fa7476670ec15e210101927f,0x9cCC8e15c58bfEa77D820D1B784f9Ec931B76c3b,217,e308989336f39ec5d449523b7943f8bf954380840b2fd51b6d0eefcd50b0ac32,19.0,2026-06-03T16:01:17.778164+00:00,betswirl-chainlink-vrf-v2.5
0b9ba5dabe3accf3a75a79528d5208f847624e92fa7476670ec15e210101927f,0x9cCC8e15c58bfEa77D820D1B784f9Ec931B76c3b,218,3f80f92da3abe67fd15bd783a50c49bf6c2aa67471600a94f87de0502e1f3042,31.0,2026-06-03T16:01:17.778182+00:00,betswirl-chainlink-vrf-v2.5
0b9ba5dabe3accf3a75a79528d5208f847624e92fa7476670ec15e210101927f,0x9cCC8e15c58bfEa77D820D1B784f9Ec931B76c3b,219,c47d059276e9fa0aa23670b73f83f4b63679661658d7898869b7e3bf5a59d7f4,69.0,2026-06-03T16:01:17.778201+00:00,betswirl-chainlink-vrf-v2.5
0b9ba5dabe3accf3a75a79528d5208f847624e92fa7476670ec15e210101927f,0x9cCC8e15c58bfEa77D820D1B784f9Ec931B76c3b,220,090e6bf16a0a0f8b926da3ff352aaf395db144ea06d3f9e9eef1d2ff03a690db,64.0,2026-06-03T16:01:17.778219+00:00,betswirl-chainlink-vrf-v2.5
0b9ba5dabe3accf3a75a79528d5208f847624e92fa7476670ec15e210101927f,0x9cCC8e15c58bfEa77D820D1B784f9Ec931B76c3b,221,2b9a4735fc0f5db9eb3a4fc7cc34b2553927bc3493897233527e88286cf02cc9,74.0,2026-06-03T16:01:17.778242+00:00,betswirl-chainlink-vrf-v2.5
0b9ba5dabe3accf3a75a79528d5208f847624e92fa7476670ec15e210101927f,0x9cCC8e15c58bfEa77D820D1B784f9Ec931B76c3b,222,6e23e6b3fdceca99414db9dd49ae714bf895deea90d6cfe0c1a8634928b92597,100.0,2026-06-03T16:01:17.778261+00:00,betswirl-chainlink-vrf-v2.5
0b9ba5dabe3accf3a75a79528d5208f847624e92fa7476670ec15e210101927f,0x9cCC8e15c58bfEa77D820D1B784f9Ec931B76c3b,223,a8f57519c3c1d716f94ebb1026c2aa3bd61c4ff92f479242fad5b2088f3a6f0c,5.0,2026-06-03T16:01:17.778279+00:00,betswirl-chainlink-vrf-v2.5
0b9ba5dabe3accf3a75a79528d5208f847624e92fa7476670ec15e210101927f,0x9cCC8e15c58bfEa77D820D1B784f9Ec931B76c3b,224,c3e977f19c2bd62b7ae69cf5cd9e7b16199739387b5704fbceb068a49981bb64,89.0,2026-06-03T16:01:17.778298+00:00,betswirl-chainlink-vrf-v2.5
0b9ba5dabe3accf3a75a79528d5208f847624e92fa7476670ec15e210101927f,0x9cCC8e15c58bfEa77D820D1B784f9Ec931B76c3b,225,538d62778b38dec617cc58c9110c8d23c38a98ccbaab75d3cb82ec2df2670a26,59.0,2026-06-03T16:01:17.778317+00:00,betswirl-chainlink-vrf-v2.5
0b9ba5dabe3accf3a75a79528d5208f847624e92fa7476670ec15e210101927f,0x9cCC8e15c58bfEa77D820D1B784f9Ec931B76c3b,226,f18e8bc08220f884d57fcbf6a1403d206a9837d7a9d1a6b2877684158dd96150,5.0,2026-06-03T16:01:17.778337+00:00,betswirl-chainlink-vrf-v2.5
0b9ba5dabe3accf3a75a79528d5208f847624e92fa7476670ec15e210101927f,0x9cCC8e15c58bfEa77D820D1B784f9Ec931B76c3b,227,c6cf2a116291559337e548d154ffe23bea4fd93f3cdc5f6a0ea1e5ad44fb3cd9,6.0,2026-06-03T16:01:17.778356+00:00,betswirl-chainlink-vrf-v2.5
0b9ba5dabe3accf3a75a79528d5208f847624e92fa7476670ec15e210101927f,0x9cCC8e15c58bfEa77D820D1B784f9Ec931B76c3b,228,fea80df9c45da15fb5f6f72aac46c0db7c06d3a3f61e2be9e8e72c2750fbfd1d,74.0,2026-06-03T16:01:17.778375+00:00,betswirl-chainlink-vrf-v2.5
0b9ba5dabe3accf3a75a79528d5208f847624e92fa7476670ec15e210101927f,0x9cCC8e15c58bfEa77D820D1B784f9Ec931B76c3b,229,ae5d7b6e181040b216d93eefb12c8d745d7eb3b412c7b98457ae2369eab9edcd,70.0,2026-06-03T16:01:17.778393+00:00,betswirl-chainlink-vrf-v2.5
0b9ba5dabe3accf3a75a79528d5208f847624e92fa7476670ec15e210101927f,0x9cCC8e15c58bfEa77D820D1B784f9Ec931B76c3b,230,40e43565c17bd57e976700f6893b33b3e542471ca110fea5e9f554afd8795aef,36.0,2026-06-03T16:01:17.778414+00:00,betswirl-chainlink-vrf-v2.5
0b9ba5dabe3accf3a75a79528d5208f847624e92fa7476670ec15e210101927f,0x9cCC8e15c58bfEa77D820D1B784f9Ec931B76c3b,231,95ef4eccb01faff6a198a2f6547b7b3d895203a610b9e8e96938a8bf8d4e10b9,70.0,2026-06-03T16:01:17.778434+00:00,betswirl-chainlink-vrf-v2.5
0b9ba5dabe3accf3a75a79528d5208f847624e92fa7476670ec15e210101927f,0x9cCC8e15c58bfEa77D820D1B784f9Ec931B76c3b,232,9b917b1a03a5f0cb6cddbef164e1f9cc60f8c99e89dd706c8172022b99bf47a2,55.0,2026-06-03T16:01:17.778453+00:00,betswirl-chainlink-vrf-v2.5
0b9ba5dabe3accf3a75a79528d5208f847624e92fa7476670ec15e210101927f,0x9cCC8e15c58bfEa77D820D1B784f9Ec931B76c3b,233,2c1598e7968107c0cfccae1911a1b9167445573c6a06a6c0149e8c43d2c7794f,48.0,2026-06-03T16:01:17.778472+00:00,betswirl-chainlink-vrf-v2.5
0b9ba5dabe3accf3a75a79528d5208f847624e92fa7476670ec15e210101927f,0x9cCC8e15c58bfEa77D820D1B784f9Ec931B76c3b,234,9cf040c3be1c7147c3cd855927033bb8767197ab2d0f9bc56fce279e616e106c,45.0,2026-06-03T16:01:17.778491+00:00,betswirl-chainlink-vrf-v2.5
0b9ba5dabe3accf3a75a79528d5208f847624e92fa7476670ec15e210101927f,0x9cCC8e15c58bfEa77D820D1B784f9Ec931B76c3b,235,e5cf646d0400644122e4c8413cce08b6c91a64d1914bcdd3237372a8821500db,32.0,2026-06-03T16:01:17.778509+00:00,betswirl-chainlink-vrf-v2.5
0b9ba5dabe3accf3a75a79528d5208f847624e92fa7476670ec15e210101927f,0x9cCC8e15c58bfEa77D820D1B784f9Ec931B76c3b,236,48fa0380ffb6f2f251c334e43fb8715e917210899445795c4347052886eaf4ad,30.0,2026-06-03T16:01:17.778528+00:00,betswirl-chainlink-vrf-v2.5
0b9ba5dabe3accf3a75a79528d5208f847624e92fa7476670ec15e210101927f,0x9cCC8e15c58bfEa77D820D1B784f9Ec931B76c3b,237,62830a530bed81b8969044d4dcc320c52cf07390778af727e15d62392acd055d,46.0,2026-06-03T16:01:17.778546+00:00,betswirl-chainlink-vrf-v2.5
0b9ba5dabe3accf3a75a79528d5208f847624e92fa7476670ec15e210101927f,0x9cCC8e15c58bfEa77D820D1B784f9Ec931B76c3b,238,25ba51c0e25f6df640978002e5087574f36f065669d75e729133c74c4810230d,94.0,2026-06-03T16:01:17.778565+00:00,betswirl-chainlink-vrf-v2.5
0b9ba5dabe3accf3a75a79528d5208f847624e92fa7476670ec15e210101927f,0x9cCC8e15c58bfEa77D820D1B784f9Ec931B76c3b,239,3a1f3ae851296300abe94a5d2198c944edce454ca9a56d00e14a909da4524a2e,23.0,2026-06-03T16:01:17.778585+00:00,betswirl-chainlink-vrf-v2.5
0b9ba5dabe3accf3a75a79528d5208f847624e92fa7476670ec15e210101927f,0x9cCC8e15c58bfEa77D820D1B784f9Ec931B76c3b,240,2d82018ef2a57b37d8d24a3fe744e2f23fdcabdb4d68794cbc050ce648992483,72.0,2026-06-03T16:01:17.778604+00:00,betswirl-chainlink-vrf-v2.5
0b9ba5dabe3accf3a75a79528d5208f847624e92fa7476670ec15e210101927f,0x9cCC8e15c58bfEa77D820D1B784f9Ec931B76c3b,241,9db387ada2453f6cc348d37438d747c5f0ceef586bf6e020c95134049b3f310c,49.0,2026-06-03T16:01:17.778624+00:00,betswirl-chainlink-vrf-v2.5
0b9ba5dabe3accf3a75a79528d5208f847624e92fa7476670ec15e210101927f,0x9cCC8e15c58bfEa77D820D1B784f9Ec931B76c3b,242,6abfd87ad33f09968c1cad9164792cf288b0312470e361c1ecbfee35a15a64a7,64.0,2026-06-03T16:01:17.778686+00:00,betswirl-chainlink-vrf-v2.5
0b9ba5dabe3accf3a75a79528d5208f847624e92fa7476670ec15e210101927f,0x9cCC8e15c58bfEa77D820D1B784f9Ec931B76c3b,243,de9dcfcc4b9579c7fe7ceb8ed725573651be519e6b2143aa04a23ad46cabc8b1,82.0,2026-06-03T16:01:17.778726+00:00,betswirl-chainlink-vrf-v2.5
0b9ba5dabe3accf3a75a79528d5208f847624e92fa7476670ec15e210101927f,0x9cCC8e15c58bfEa77D820D1B784f9Ec931B76c3b,244,d0c52de7d7ed889156e709681fa00752df07651b49dfaf72535f096ee6773f0d,10.0,2026-06-03T16:01:17.778748+00:00,betswirl-chainlink-vrf-v2.5
0b9ba5dabe3accf3a75a79528d5208f847624e92fa7476670ec15e210101927f,0x9cCC8e15c58bfEa77D820D1B784f9Ec931B76c3b,245,0408bc071c7a5ddffc52c2e682030768525cf43d4f796d562380615bcbcbf98f,44.0,2026-06-03T16:01:17.778778+00:00,betswirl-chainlink-vrf-v2.5
0b9ba5dabe3accf3a75a79528d5208f847624e92fa7476670ec15e210101927f,0x9cCC8e15c58bfEa77D820D1B784f9Ec931B76c3b,246,bfb9987360c24ed3e77e2d398f720afa08eeb9610a4646b84a3e2492c248cc17,72.0,2026-06-03T16:01:17.778799+00:00,betswirl-chainlink-vrf-v2.5
0b9ba5dabe3accf3a75a79528d5208f847624e92fa7476670ec15e210101927f,0x9cCC8e15c58bfEa77D820D1B784f9Ec931B76c3b,247,78122ba39f1ab10c2f3f148ec88c5f4e91dbcf4176c611bd9f73d9be26db1bf5,22.0,2026-06-03T16:01:17.778821+00:00,betswirl-chainlink-vrf-v2.5
0b9ba5dabe3accf3a75a79528d5208f847624e92fa7476670ec15e210101927f,0x9cCC8e15c58bfEa77D820D1B784f9Ec931B76c3b,248,9ab104d294986caab18fa825f495c2716e12f5c4b215df4c78a3acb2ce755d1a,11.0,2026-06-03T16:01:17.778841+00:00,betswirl-chainlink-vrf-v2.5
0b9ba5dabe3accf3a75a79528d5208f847624e92fa7476670ec15e210101927f,0x9cCC8e15c58bfEa77D820D1B784f9Ec931B76c3b,249,3309b87e096046e4c91d420aab66817589673b55d53be5c8e90d96a145f45554,93.0,2026-06-03T16:01:17.778859+00:00,betswirl-chainlink-vrf-v2.5
0b9ba5dabe3accf3a75a79528d5208f847624e92fa7476670ec15e210101927f,0x9cCC8e15c58bfEa77D820D1B784f9Ec931B76c3b,250,b87bd714066fc49670638da647e871fbe9b5496ad498c041aecd840d00b19180,69.0,2026-06-03T16:01:17.778878+00:00,betswirl-chainlink-vrf-v2.5
0b9ba5dabe3accf3a75a79528d5208f847624e92fa7476670ec15e210101927f,0x9cCC8e15c58bfEa77D820D1B784f9Ec931B76c3b,251,a487c96c0a4c295e370b5fb8c64589d759b1e414be0d6858762c13e4e8f69c30,29.0,2026-06-03T16:01:17.778897+00:00,betswirl-chainlink-vrf-v2.5
0b9ba5dabe3accf3a75a79528d5208f847624e92fa7476670ec15e210101927f,0x9cCC8e15c58bfEa77D820D1B784f9Ec931B76c3b,252,0c0d8db6608949e976145beb11f032c82f797e7cc65d794e8e64ce77a1534133,24.0,2026-06-03T16:01:17.778916+00:00,betswirl-chainlink-vrf-v2.5
0b9ba5dabe3accf3a75a79528d5208f847624e92fa7476670ec15e210101927f,0x9cCC8e15c58bfEa77D820D1B784f9Ec931B76c3b,253,11a72d61abcce12973dacec69128bf75626f14e8a2cfb9eb6cd9885bd113aeaa,47.0,2026-06-03T16:01:17.778935+00:00,betswirl-chainlink-vrf-v2.5
0b9ba5dabe3accf3a75a79528d5208f847624e92fa7476670ec15e210101927f,0x9cCC8e15c58bfEa77D820D1B784f9Ec931B76c3b,254,c84a038020e46058fdbc35e0be262725aa3506c75c4f99e68c86c42cd9d887cf,28.0,2026-06-03T16:01:17.778953+00:00,betswirl-chainlink-vrf-v2.5
0b9ba5dabe3accf3a75a79528d5208f847624e92fa7476670ec15e210101927f,0x9cCC8e15c58bfEa77D820D1B784f9Ec931B76c3b,255,5d6729dbe92fe65e8d5fc4a17a25df7f5202b326301f7a7d8973a2e8644a434b,92.0,2026-06-03T16:01:17.778973+00:00,betswirl-chainlink-vrf-v2.5
0b9ba5dabe3accf3a75a79528d5208f847624e92fa7476670ec15e210101927f,0x9cCC8e15c58bfEa77D820D1B784f9Ec931B76c3b,256,ecec20d6bb8d3c1cbbb963c5f9ca7d794cd9939db6070c44a38fb631d49942e8,21.0,2026-06-03T16:01:17.778992+00:00,betswirl-chainlink-vrf-v2.5
0b9ba5dabe3accf3a75a79528d5208f847624e92fa7476670ec15e210101927f,0x9cCC8e15c58bfEa77D820D1B784f9Ec931B76c3b,257,33717395455dbe605f3704c5db31ae95cc643ca57d02fdb56ca2f15bc56187ec,21.0,2026-06-03T16:01:17.779011+00:00,betswirl-chainlink-vrf-v2.5
0b9ba5dabe3accf3a75a79528d5208f847624e92fa7476670ec15e210101927f,0x9cCC8e15c58bfEa77D820D1B784f9Ec931B76c3b,258,ea39428e2fcdd93b79834cf0c76cacae57283d84bcafbecab7ed5d3ff26d6f8a,95.0,2026-06-03T16:01:17.779031+00:00,betswirl-chainlink-vrf-v2.5
0b9ba5dabe3accf3a75a79528d5208f847624e92fa7476670ec15e210101927f,0x9cCC8e15c58bfEa77D820D1B784f9Ec931B76c3b,259,1010c96ed27e3f4b9046aceb73fd09278eea7c8f3ddefc6cd2c6c15685133692,35.0,2026-06-03T16:01:17.779050+00:00,betswirl-chainlink-vrf-v2.5
0b9ba5dabe3accf3a75a79528d5208f847624e92fa7476670ec15e210101927f,0x9cCC8e15c58bfEa77D820D1B784f9Ec931B76c3b,260,611256b5af0e9fca568fb36fa5c654731f12b6dada23766bea9d45a6557ac17b,100.0,2026-06-03T16:01:17.779068+00:00,betswirl-chainlink-vrf-v2.5
0b9ba5dabe3accf3a75a79528d5208f847624e92fa7476670ec15e210101927f,0x9cCC8e15c58bfEa77D820D1B784f9Ec931B76c3b,261,5b3fabfc6c8b9c85d421d883cfe29cd043bf593e7ebdd54253b30a0eeb7841d0,65.0,2026-06-03T16:01:17.779094+00:00,betswirl-chainlink-vrf-v2.5
0b9ba5dabe3accf3a75a79528d5208f847624e92fa7476670ec15e210101927f,0x9cCC8e15c58bfEa77D820D1B784f9Ec931B76c3b,262,debce63cca3378807056af4bd4e315d9c3aefc85fcdc68cac6f0f861ebf43da6,23.0,2026-06-03T16:01:17.779112+00:00,betswirl-chainlink-vrf-v2.5
0b9ba5dabe3accf3a75a79528d5208f847624e92fa7476670ec15e210101927f,0x9cCC8e15c58bfEa77D820D1B784f9Ec931B76c3b,263,b4520cd06476ce9ccd34b80611d0b16b7b20c0e48e2f8e40de5f63f30821799c,61.0,2026-06-03T16:01:17.779131+00:00,betswirl-chainlink-vrf-v2.5
0b9ba5dabe3accf3a75a79528d5208f847624e92fa7476670ec15e210101927f,0x9cCC8e15c58bfEa77D820D1B784f9Ec931B76c3b,264,80c9107633c65ef9da92f0a7af7c91d66993a3c18b12da67e893c3c9958fd445,54.0,2026-06-03T16:01:17.779150+00:00,betswirl-chainlink-vrf-v2.5
0b9ba5dabe3accf3a75a79528d5208f847624e92fa7476670ec15e210101927f,0x9cCC8e15c58bfEa77D820D1B784f9Ec931B76c3b,265,4e5b46ab15c67abbdb1544dc5bd3043c6968e21ab86aa87b00dbfde5bcba14a0,45.0,2026-06-03T16:01:17.779170+00:00,betswirl-chainlink-vrf-v2.5
0b9ba5dabe3accf3a75a79528d5208f847624e92fa7476670ec15e210101927f,0x9cCC8e15c58bfEa77D820D1B784f9Ec931B76c3b,266,814eb4b1777109f0ff04133003f9530cbdcf6786ef737152489d5e1f975c30cf,88.0,2026-06-03T16:01:17.779189+00:00,betswirl-chainlink-vrf-v2.5
0b9ba5dabe3accf3a75a79528d5208f847624e92fa7476670ec15e210101927f,0x9cCC8e15c58bfEa77D820D1B784f9Ec931B76c3b,267,47c5dbf5f8d377265ee4487d5dc76e5f9bc17cd7902f33654908d26e29952881,30.0,2026-06-03T16:01:17.779207+00:00,betswirl-chainlink-vrf-v2.5
0b9ba5dabe3accf3a75a79528d5208f847624e92fa7476670ec15e210101927f,0x9cCC8e15c58bfEa77D820D1B784f9Ec931B76c3b,268,4a2d76fdbb11a7f7878a032063e21fbc99e872d63200dfa2d5da8b66cda5877b,84.0,2026-06-03T16:01:17.779227+00:00,betswirl-chainlink-vrf-v2.5
0b9ba5dabe3accf3a75a79528d5208f847624e92fa7476670ec15e210101927f,0x9cCC8e15c58bfEa77D820D1B784f9Ec931B76c3b,269,6ee988960d97c4a608d91d49efdcdf12a7750502ce216a66735366229b9080cd,62.0,2026-06-03T16:01:17.779246+00:00,betswirl-chainlink-vrf-v2.5
0b9ba5dabe3accf3a75a79528d5208f847624e92fa7476670ec15e210101927f,0x9cCC8e15c58bfEa77D820D1B784f9Ec931B76c3b,270,fd22fde8cc5aae1e57b7074a36e980f2670a46aaa5731b303e0ba3bc143a3334,77.0,2026-06-03T16:01:17.779265+00:00,betswirl-chainlink-vrf-v2.5
0b9ba5dabe3accf3a75a79528d5208f847624e92fa7476670ec15e210101927f,0x9cCC8e15c58bfEa77D820D1B784f9Ec931B76c3b,271,4689eeba04e81725cd4079b5ffe6730155222ecfa2d889621db5dc04527cbc1b,100.0,2026-06-03T16:01:17.779286+00:00,betswirl-chainlink-vrf-v2.5
0b9ba5dabe3accf3a75a79528d5208f847624e92fa7476670ec15e210101927f,0x9cCC8e15c58bfEa77D820D1B784f9Ec931B76c3b,272,837316e61dd9e875a8b1a55cda16ba31e76862d56916611f96e7be5b8cd78969,46.0,2026-06-03T16:01:17.779305+00:00,betswirl-chainlink-vrf-v2.5
0b9ba5dabe3accf3a75a79528d5208f847624e92fa7476670ec15e210101927f,0x9cCC8e15c58bfEa77D820D1B784f9Ec931B76c3b,273,c547096b5f1ee9ff09a56adb3f3f4a81cbd377f5cf7198ef257681c60903162a,83.0,2026-06-03T16:01:17.779324+00:00,betswirl-chainlink-vrf-v2.5
0b9ba5dabe3accf3a75a79528d5208f847624e92fa7476670ec15e210101927f,0x9cCC8e15c58bfEa77D820D1B784f9Ec931B76c3b,274,81e5a81c7ddd97be03945c726b27e8feae8088434065c92c5b4a61660a17c2bb,44.0,2026-06-03T16:01:17.779342+00:00,betswirl-chainlink-vrf-v2.5
0b9ba5dabe3accf3a75a79528d5208f847624e92fa7476670ec15e210101927f,0x9cCC8e15c58bfEa77D820D1B784f9Ec931B76c3b,275,e30295f0acc1e7b56b2886890d1ca2458343bf31e34ff4335d53620120f9c3fc,53.0,2026-06-03T16:01:17.779361+00:00,betswirl-chainlink-vrf-v2.5
0b9ba5dabe3accf3a75a79528d5208f847624e92fa7476670ec15e210101927f,0x9cCC8e15c58bfEa77D820D1B784f9Ec931B76c3b,276,cfafd06bdf9d52a8ce779c5565e750b6edfc2b4b993127957ee20db9e7cab6bb,92.0,2026-06-03T16:01:17.779379+00:00,betswirl-chainlink-vrf-v2.5
0b9ba5dabe3accf3a75a79528d5208f847624e92fa7476670ec15e210101927f,0x9cCC8e15c58bfEa77D820D1B784f9Ec931B76c3b,277,6c5f1dacffcf7dfa3162b603f835280095c1aaa4989d66619062f8b72f3a3e95,18.0,2026-06-03T16:01:17.779398+00:00,betswirl-chainlink-vrf-v2.5
0b9ba5dabe3accf3a75a79528d5208f847624e92fa7476670ec15e210101927f,0x9cCC8e15c58bfEa77D820D1B784f9Ec931B76c3b,278,2f7621fa177ff3cfeead57506c3fd58daba2848f3a12374726cc26b39f85c3a7,100.0,2026-06-03T16:01:17.779418+00:00,betswirl-chainlink-vrf-v2.5
0b9ba5dabe3accf3a75a79528d5208f847624e92fa7476670ec15e210101927f,0x9cCC8e15c58bfEa77D820D1B784f9Ec931B76c3b,279,a93d87b2732e425e99593e18bfe2e326ef68992cf671aaae023f943ad410ccc7,20.0,2026-06-03T16:01:17.779437+00:00,betswirl-chainlink-vrf-v2.5
0b9ba5dabe3accf3a75a79528d5208f847624e92fa7476670ec15e210101927f,0x9cCC8e15c58bfEa77D820D1B784f9Ec931B76c3b,280,73d5924318739f0a89fbde7b5669083a92b853b074f6f3ea5a80e0c078f3cf72,71.0,2026-06-03T16:01:17.779480+00:00,betswirl-chainlink-vrf-v2.5
0b9ba5dabe3accf3a75a79528d5208f847624e92fa7476670ec15e210101927f,0x9cCC8e15c58bfEa77D820D1B784f9Ec931B76c3b,281,0a3e2c2a4effc6bdeb7267938e022dafd17c5e8207af095b919d6880ed89da51,38.0,2026-06-03T16:01:17.779511+00:00,betswirl-chainlink-vrf-v2.5
0b9ba5dabe3accf3a75a79528d5208f847624e92fa7476670ec15e210101927f,0x9cCC8e15c58bfEa77D820D1B784f9Ec931B76c3b,282,49fc6727c2320367ad1dc2a6dee5daaac3e7f4a824b0c87473660e3dd6661bbc,53.0,2026-06-03T16:01:17.779533+00:00,betswirl-chainlink-vrf-v2.5
0b9ba5dabe3accf3a75a79528d5208f847624e92fa7476670ec15e210101927f,0x9cCC8e15c58bfEa77D820D1B784f9Ec931B76c3b,283,142f82484496e2d26950cfc7460edcf59ebfa38dab24e6fd97ed43e3421aa2cb,96.0,2026-06-03T16:01:17.779553+00:00,betswirl-chainlink-vrf-v2.5
0b9ba5dabe3accf3a75a79528d5208f847624e92fa7476670ec15e210101927f,0x9cCC8e15c58bfEa77D820D1B784f9Ec931B76c3b,284,475d103967c101ccc40ae227cd7af292c1c4a0673d028c5efd83042583a3a748,57.0,2026-06-03T16:01:17.779573+00:00,betswirl-chainlink-vrf-v2.5
0b9ba5dabe3accf3a75a79528d5208f847624e92fa7476670ec15e210101927f,0x9cCC8e15c58bfEa77D820D1B784f9Ec931B76c3b,285,196f6fe8fe3e56cd585fded1217a1fcb5ae3e0880b20021ef7720112908f4cc5,2.0,2026-06-03T16:01:17.779594+00:00,betswirl-chainlink-vrf-v2.5
0b9ba5dabe3accf3a75a79528d5208f847624e92fa7476670ec15e210101927f,0x9cCC8e15c58bfEa77D820D1B784f9Ec931B76c3b,286,4ba19fa908fd2612b0173ab042de14494ad49bbf6e7e286f52cfd2992e7ad85f,36.0,2026-06-03T16:01:17.779613+00:00,betswirl-chainlink-vrf-v2.5
0b9ba5dabe3accf3a75a79528d5208f847624e92fa7476670ec15e210101927f,0x9cCC8e15c58bfEa77D820D1B784f9Ec931B76c3b,287,707bbec0af2068d8ec26d302d7fdbf181c43689b9caf5d5a27f57af070d1f791,22.0,2026-06-03T16:01:17.779632+00:00,betswirl-chainlink-vrf-v2.5
0b9ba5dabe3accf3a75a79528d5208f847624e92fa7476670ec15e210101927f,0x9cCC8e15c58bfEa77D820D1B784f9Ec931B76c3b,288,80478318644e7fe2444cc29c5602b8d77125ed496a9f8c6e76b360bbbb9f15ff,84.0,2026-06-03T16:01:17.779651+00:00,betswirl-chainlink-vrf-v2.5
0b9ba5dabe3accf3a75a79528d5208f847624e92fa7476670ec15e210101927f,0x9cCC8e15c58bfEa77D820D1B784f9Ec931B76c3b,289,db62105f0acce4298612b5bdf3f1d6f81a6ef83704e98a0bc6b2d0dbdb445c7f,84.0,2026-06-03T16:01:17.779670+00:00,betswirl-chainlink-vrf-v2.5
0b9ba5dabe3accf3a75a79528d5208f847624e92fa7476670ec15e210101927f,0x9cCC8e15c58bfEa77D820D1B784f9Ec931B76c3b,290,a82bf4e69bd3ab993519c5f529d66263eb011f00f42ae9ef5fe53438b9ffcfd4,9.0,2026-06-03T16:01:17.779688+00:00,betswirl-chainlink-vrf-v2.5
0b9ba5dabe3accf3a75a79528d5208f847624e92fa7476670ec15e210101927f,0x9cCC8e15c58bfEa77D820D1B784f9Ec931B76c3b,291,1cb0bfa5d9980d84743d9d933fa04812874a520052ab4003bc19960a7bcd73aa,71.0,2026-06-03T16:01:17.779708+00:00,betswirl-chainlink-vrf-v2.5
0b9ba5dabe3accf3a75a79528d5208f847624e92fa7476670ec15e210101927f,0x9cCC8e15c58bfEa77D820D1B784f9Ec931B76c3b,292,f87a39d29a19fc9217e6f9047e687746a93f11c5c372693e2d783dd6fd8df253,56.0,2026-06-03T16:01:17.779728+00:00,betswirl-chainlink-vrf-v2.5
0b9ba5dabe3accf3a75a79528d5208f847624e92fa7476670ec15e210101927f,0x9cCC8e15c58bfEa77D820D1B784f9Ec931B76c3b,293,d919de27173d57ff08538e6124947d96db92d9f06f43dba29345f0721d2962d2,63.0,2026-06-03T16:01:17.779750+00:00,betswirl-chainlink-vrf-v2.5
0b9ba5dabe3accf3a75a79528d5208f847624e92fa7476670ec15e210101927f,0x9cCC8e15c58bfEa77D820D1B784f9Ec931B76c3b,294,627b5d3c6cf0a67e5caee54e4952c2f3ab0fc93f2b418b957435f9cd07996707,4.0,2026-06-03T16:01:17.779770+00:00,betswirl-chainlink-vrf-v2.5
0b9ba5dabe3accf3a75a79528d5208f847624e92fa7476670ec15e210101927f,0x9cCC8e15c58bfEa77D820D1B784f9Ec931B76c3b,295,5c0ef352e188956244d1b5ae424bc5325c6f50dbf78681425dfd4ff12bb6efa5,18.0,2026-06-03T16:01:17.779789+00:00,betswirl-chainlink-vrf-v2.5
0b9ba5dabe3accf3a75a79528d5208f847624e92fa7476670ec15e210101927f,0x9cCC8e15c58bfEa77D820D1B784f9Ec931B76c3b,296,a5497952e7e010d734f24cd820864cce1097d86b89ff38801178ebaeec8440e8,73.0,2026-06-03T16:01:17.779809+00:00,betswirl-chainlink-vrf-v2.5
0b9ba5dabe3accf3a75a79528d5208f847624e92fa7476670ec15e210101927f,0x9cCC8e15c58bfEa77D820D1B784f9Ec931B76c3b,297,9271165cd32a4cc84a44995c0a1a6932fa997aecf7e30df939ce1ab66f437acb,32.0,2026-06-03T16:01:17.779828+00:00,betswirl-chainlink-vrf-v2.5
0b9ba5dabe3accf3a75a79528d5208f847624e92fa7476670ec15e210101927f,0x9cCC8e15c58bfEa77D820D1B784f9Ec931B76c3b,298,d97d9da32b7b6a70017c7fe2aa3f18bb9bc51b5f85d4f78c792bef14cb09db64,49.0,2026-06-03T16:01:17.779847+00:00,betswirl-chainlink-vrf-v2.5
0b9ba5dabe3accf3a75a79528d5208f847624e92fa7476670ec15e210101927f,0x9cCC8e15c58bfEa77D820D1B784f9Ec931B76c3b,299,5208bdb4296525004cb02d4bf4897ac6af6499b8164296554fbfec154ea2855b,28.0,2026-06-03T16:01:17.779865+00:00,betswirl-chainlink-vrf-v2.5
11050bc3dfc07687bddc1f4153035a0701f7f13ef85de15745663e7a3cf6e334,0x9cCC8e15c58bfEa77D820D1B784f9Ec931B76c3b,0,3c27dd82484489cadeaef7f2b0df03c5f6b8724b37fd34623c0607c24e476a4b,88.0,2026-06-03T16:02:43.909134+00:00,betswirl-chainlink-vrf-v2.5
11050bc3dfc07687bddc1f4153035a0701f7f13ef85de15745663e7a3cf6e334,0x9cCC8e15c58bfEa77D820D1B784f9Ec931B76c3b,1,5bd3cd6d3e4c53cc8e7c57c43586883a62e2bb01aa562e16fc1b478dcaeb2bdf,52.0,2026-06-03T16:02:43.909266+00:00,betswirl-chainlink-vrf-v2.5
11050bc3dfc07687bddc1f4153035a0701f7f13ef85de15745663e7a3cf6e334,0x9cCC8e15c58bfEa77D820D1B784f9Ec931B76c3b,2,d4813c7a1e116c0b9bbf301e007dceb72ad284a9244570c117707389c3feb2bc,33.0,2026-06-03T16:02:43.909336+00:00,betswirl-chainlink-vrf-v2.5
11050bc3dfc07687bddc1f4153035a0701f7f13ef85de15745663e7a3cf6e334,0x9cCC8e15c58bfEa77D820D1B784f9Ec931B76c3b,3,a593777eff063a97563dae0cd7c545d0a04ae94059131b4c86e75f1a47d63e96,95.0,2026-06-03T16:02:43.909401+00:00,betswirl-chainlink-vrf-v2.5
11050bc3dfc07687bddc1f4153035a0701f7f13ef85de15745663e7a3cf6e334,0x9cCC8e15c58bfEa77D820D1B784f9Ec931B76c3b,4,e17bbb517171e1ef61ec54d9dd56e965fdad5fdee71e744f3ea5d6cea379b1c3,64.0,2026-06-03T16:02:43.909447+00:00,betswirl-chainlink-vrf-v2.5
11050bc3dfc07687bddc1f4153035a0701f7f13ef85de15745663e7a3cf6e334,0x9cCC8e15c58bfEa77D820D1B784f9Ec931B76c3b,5,bd6e33b5af592da6ca9e23f679961a8e80cbffad49eefa0f7f3db8c40efb4fa7,36.0,2026-06-03T16:02:43.909514+00:00,betswirl-chainlink-vrf-v2.5
11050bc3dfc07687bddc1f4153035a0701f7f13ef85de15745663e7a3cf6e334,0x9cCC8e15c58bfEa77D820D1B784f9Ec931B76c3b,6,91f102126420bdf4ac44924b4b7592fc657e64661f1d51ae1ec7d269c671ce97,44.0,2026-06-03T16:02:43.909564+00:00,betswirl-chainlink-vrf-v2.5
11050bc3dfc07687bddc1f4153035a0701f7f13ef85de15745663e7a3cf6e334,0x9cCC8e15c58bfEa77D820D1B784f9Ec931B76c3b,7,33a982871784b17e1954f6bae9f2e38f6c55e832cd5e4b8a3a6b817df787fed4,9.0,2026-06-03T16:02:43.909603+00:00,betswirl-chainlink-vrf-v2.5
11050bc3dfc07687bddc1f4153035a0701f7f13ef85de15745663e7a3cf6e334,0x9cCC8e15c58bfEa77D820D1B784f9Ec931B76c3b,8,16ef9f34bb620557b8c1953fa7c3fd4a5d78f2776ba357d60b9c630e62b867bf,24.0,2026-06-03T16:02:43.909633+00:00,betswirl-chainlink-vrf-v2.5
11050bc3dfc07687bddc1f4153035a0701f7f13ef85de15745663e7a3cf6e334,0x9cCC8e15c58bfEa77D820D1B784f9Ec931B76c3b,9,147d60ae879ee01859fae4c5f00c8dcf0d6780555e9bb717ae9ce61d226f962b,32.0,2026-06-03T16:02:43.909673+00:00,betswirl-chainlink-vrf-v2.5
11050bc3dfc07687bddc1f4153035a0701f7f13ef85de15745663e7a3cf6e334,0x9cCC8e15c58bfEa77D820D1B784f9Ec931B76c3b,10,a312d066dee328a108c9dece2c462fd139a0650ac8f4c6ca74589db44707c5e6,7.0,2026-06-03T16:02:43.909720+00:00,betswirl-chainlink-vrf-v2.5
11050bc3dfc07687bddc1f4153035a0701f7f13ef85de15745663e7a3cf6e334,0x9cCC8e15c58bfEa77D820D1B784f9Ec931B76c3b,11,2c76a178b2eb9e25616379647c34aaf98b22138691de3def0997c3bb4877a7c1,90.0,2026-06-03T16:02:43.909767+00:00,betswirl-chainlink-vrf-v2.5
11050bc3dfc07687bddc1f4153035a0701f7f13ef85de15745663e7a3cf6e334,0x9cCC8e15c58bfEa77D820D1B784f9Ec931B76c3b,12,46403b13d2882aeecadbbee8e0f1405a057e8402c23fe958635b51f2b80fde24,49.0,2026-06-03T16:02:43.909803+00:00,betswirl-chainlink-vrf-v2.5
11050bc3dfc07687bddc1f4153035a0701f7f13ef85de15745663e7a3cf6e334,0x9cCC8e15c58bfEa77D820D1B784f9Ec931B76c3b,13,c75fcdd81571f48e8e2062092b9ad5d9d96ce9b00da3bf47ea594e6096c4dbbc,41.0,2026-06-03T16:02:43.909834+00:00,betswirl-chainlink-vrf-v2.5
11050bc3dfc07687bddc1f4153035a0701f7f13ef85de15745663e7a3cf6e334,0x9cCC8e15c58bfEa77D820D1B784f9Ec931B76c3b,14,662cf96e285b1230afaeb05d2f4598b9570416b8924be68709787dc47ff345f6,7.0,2026-06-03T16:02:43.909880+00:00,betswirl-chainlink-vrf-v2.5
11050bc3dfc07687bddc1f4153035a0701f7f13ef85de15745663e7a3cf6e334,0x9cCC8e15c58bfEa77D820D1B784f9Ec931B76c3b,15,b42827bfa0c76d82af12cf674f176b56fec68bf9054b4fc87f20391398d43cf7,32.0,2026-06-03T16:02:43.909937+00:00,betswirl-chainlink-vrf-v2.5
11050bc3dfc07687bddc1f4153035a0701f7f13ef85de15745663e7a3cf6e334,0x9cCC8e15c58bfEa77D820D1B784f9Ec931B76c3b,16,deb966b5e1d72f1b98a1f94eb7d669f4c81129748a1301a558b2acfac96c78b0,1.0,2026-06-03T16:02:43.910013+00:00,betswirl-chainlink-vrf-v2.5
11050bc3dfc07687bddc1f4153035a0701f7f13ef85de15745663e7a3cf6e334,0x9cCC8e15c58bfEa77D820D1B784f9Ec931B76c3b,17,b5be24b84e198ddc2f2f3d664b10295ccc787c34a406c495a3c1e58ae3216b29,18.0,2026-06-03T16:02:43.910076+00:00,betswirl-chainlink-vrf-v2.5
11050bc3dfc07687bddc1f4153035a0701f7f13ef85de15745663e7a3cf6e334,0x9cCC8e15c58bfEa77D820D1B784f9Ec931B76c3b,18,09b7338de86531046c8f678ea592e8e8fc21061a0ecd338be81b74f3230cc01d,54.0,2026-06-03T16:02:43.910144+00:00,betswirl-chainlink-vrf-v2.5
11050bc3dfc07687bddc1f4153035a0701f7f13ef85de15745663e7a3cf6e334,0x9cCC8e15c58bfEa77D820D1B784f9Ec931B76c3b,19,0fbf98c5324b52e9656d4ac266a88b5f726546ff738ad6f7f48e2fb5de9ca262,39.0,2026-06-03T16:02:43.910198+00:00,betswirl-chainlink-vrf-v2.5
11050bc3dfc07687bddc1f4153035a0701f7f13ef85de15745663e7a3cf6e334,0x9cCC8e15c58bfEa77D820D1B784f9Ec931B76c3b,20,c4d553423e2b04647fc9e00a4f426a0136dff71ce4272c2c9c2921ca5734c672,27.0,2026-06-03T16:02:43.910239+00:00,betswirl-chainlink-vrf-v2.5
11050bc3dfc07687bddc1f4153035a0701f7f13ef85de15745663e7a3cf6e334,0x9cCC8e15c58bfEa77D820D1B784f9Ec931B76c3b,21,6253de44b34df426cae10d8cf1e7499e68f77a31e4f66331ab1bcb4a51246d33,84.0,2026-06-03T16:02:43.910304+00:00,betswirl-chainlink-vrf-v2.5
11050bc3dfc07687bddc1f4153035a0701f7f13ef85de15745663e7a3cf6e334,0x9cCC8e15c58bfEa77D820D1B784f9Ec931B76c3b,22,d47546b4213b0a1c735c9155c2ad5c7f860cc1ea3a4cdfa65a2a337fb692f467,84.0,2026-06-03T16:02:43.910349+00:00,betswirl-chainlink-vrf-v2.5
11050bc3dfc07687bddc1f4153035a0701f7f13ef85de15745663e7a3cf6e334,0x9cCC8e15c58bfEa77D820D1B784f9Ec931B76c3b,23,12d3d0dad46fb025a0838bbe2da02a6b2d0cf24317731cf56789aa3c42c8f28b,60.0,2026-06-03T16:02:43.910395+00:00,betswirl-chainlink-vrf-v2.5
11050bc3dfc07687bddc1f4153035a0701f7f13ef85de15745663e7a3cf6e334,0x9cCC8e15c58bfEa77D820D1B784f9Ec931B76c3b,24,70573c694b6615e1cb851a6e61eca513f9089204be2fe17957e5cedfa14da5b7,88.0,2026-06-03T16:02:43.910468+00:00,betswirl-chainlink-vrf-v2.5
11050bc3dfc07687bddc1f4153035a0701f7f13ef85de15745663e7a3cf6e334,0x9cCC8e15c58bfEa77D820D1B784f9Ec931B76c3b,25,eb82d5e9dc980b0db4e2cc625346b15fb0fb579f8afe7fd366661cbd65d4b52e,75.0,2026-06-03T16:02:43.910534+00:00,betswirl-chainlink-vrf-v2.5
11050bc3dfc07687bddc1f4153035a0701f7f13ef85de15745663e7a3cf6e334,0x9cCC8e15c58bfEa77D820D1B784f9Ec931B76c3b,26,1cde9056b3bf1a27ba047ebd8cb5e36c4c2b14c6040938249a208729d0be40b2,71.0,2026-06-03T16:02:43.910606+00:00,betswirl-chainlink-vrf-v2.5
11050bc3dfc07687bddc1f4153035a0701f7f13ef85de15745663e7a3cf6e334,0x9cCC8e15c58bfEa77D820D1B784f9Ec931B76c3b,27,b99497de8998ebe5b33ff0c7f018da0ff3f8b784ed1f8cfacf1cc634deaa2d41,94.0,2026-06-03T16:02:43.910670+00:00,betswirl-chainlink-vrf-v2.5
11050bc3dfc07687bddc1f4153035a0701f7f13ef85de15745663e7a3cf6e334,0x9cCC8e15c58bfEa77D820D1B784f9Ec931B76c3b,28,04cd0a8ef074a4606a6c529c4488b18471b72d975f994cb33ab267e7e861d829,74.0,2026-06-03T16:02:43.910717+00:00,betswirl-chainlink-vrf-v2.5
11050bc3dfc07687bddc1f4153035a0701f7f13ef85de15745663e7a3cf6e334,0x9cCC8e15c58bfEa77D820D1B784f9Ec931B76c3b,29,67ac9584443f8f9d8b77c1e382580b53f2d471dcb4fcd27e9545f587c1cae251,58.0,2026-06-03T16:02:43.910748+00:00,betswirl-chainlink-vrf-v2.5
11050bc3dfc07687bddc1f4153035a0701f7f13ef85de15745663e7a3cf6e334,0x9cCC8e15c58bfEa77D820D1B784f9Ec931B76c3b,30,47aab8391d39661f1e835e1599e9d3b1c2e127cd726a8db07fa28a5386afc856,87.0,2026-06-03T16:02:43.910791+00:00,betswirl-chainlink-vrf-v2.5
11050bc3dfc07687bddc1f4153035a0701f7f13ef85de15745663e7a3cf6e334,0x9cCC8e15c58bfEa77D820D1B784f9Ec931B76c3b,31,030b997f209b732db6a5b42a6c731300386a8130275cb0f74e030b77f073a09b,12.0,2026-06-03T16:02:43.910833+00:00,betswirl-chainlink-vrf-v2.5
11050bc3dfc07687bddc1f4153035a0701f7f13ef85de15745663e7a3cf6e334,0x9cCC8e15c58bfEa77D820D1B784f9Ec931B76c3b,32,0e5f8cecd41ffa0cf8ae4acfb8401cac2b8169c30427e1e4abdc66cb53ddaced,34.0,2026-06-03T16:02:43.910873+00:00,betswirl-chainlink-vrf-v2.5
11050bc3dfc07687bddc1f4153035a0701f7f13ef85de15745663e7a3cf6e334,0x9cCC8e15c58bfEa77D820D1B784f9Ec931B76c3b,33,8d4bb4ed8200a02e81edc5bbc9f841c8db13ff17f919771ba61fa11414d37504,85.0,2026-06-03T16:02:43.910909+00:00,betswirl-chainlink-vrf-v2.5
11050bc3dfc07687bddc1f4153035a0701f7f13ef85de15745663e7a3cf6e334,0x9cCC8e15c58bfEa77D820D1B784f9Ec931B76c3b,34,03c16e6f91770a2b1fd980fff81ba975b58fb7b34ee34f65ff017a952ccedf79,94.0,2026-06-03T16:02:43.910948+00:00,betswirl-chainlink-vrf-v2.5
11050bc3dfc07687bddc1f4153035a0701f7f13ef85de15745663e7a3cf6e334,0x9cCC8e15c58bfEa77D820D1B784f9Ec931B76c3b,35,b5b9d91ca353a58361e1adc9358300fd19bc76e2f4a025a01782c5421c49e5ee,39.0,2026-06-03T16:02:43.910995+00:00,betswirl-chainlink-vrf-v2.5
11050bc3dfc07687bddc1f4153035a0701f7f13ef85de15745663e7a3cf6e334,0x9cCC8e15c58bfEa77D820D1B784f9Ec931B76c3b,36,ce75e079e6b025f8f38fd0ff21474bdfb0e502e13336b2de0dc1581b10418424,53.0,2026-06-03T16:02:43.911096+00:00,betswirl-chainlink-vrf-v2.5
11050bc3dfc07687bddc1f4153035a0701f7f13ef85de15745663e7a3cf6e334,0x9cCC8e15c58bfEa77D820D1B784f9Ec931B76c3b,37,68241ad28b0d8072967f5c1422209a5238ffac558d252ffdc46de4332fc96443,32.0,2026-06-03T16:02:43.911187+00:00,betswirl-chainlink-vrf-v2.5
11050bc3dfc07687bddc1f4153035a0701f7f13ef85de15745663e7a3cf6e334,0x9cCC8e15c58bfEa77D820D1B784f9Ec931B76c3b,38,002634d6fa076f843f2b9e14eefb6746b7414d27b3486804b5c6b282c605a840,81.0,2026-06-03T16:02:43.911263+00:00,betswirl-chainlink-vrf-v2.5
11050bc3dfc07687bddc1f4153035a0701f7f13ef85de15745663e7a3cf6e334,0x9cCC8e15c58bfEa77D820D1B784f9Ec931B76c3b,39,ae735dd564232fc41432270fc3042168434df218a6e800fbea846da07215e3a1,86.0,2026-06-03T16:02:43.911315+00:00,betswirl-chainlink-vrf-v2.5
11050bc3dfc07687bddc1f4153035a0701f7f13ef85de15745663e7a3cf6e334,0x9cCC8e15c58bfEa77D820D1B784f9Ec931B76c3b,40,aaeb2f37ad643b3a4175851ab47f0719938ceeaabacfe09cb3700bdafb5e124a,43.0,2026-06-03T16:02:43.911379+00:00,betswirl-chainlink-vrf-v2.5
11050bc3dfc07687bddc1f4153035a0701f7f13ef85de15745663e7a3cf6e334,0x9cCC8e15c58bfEa77D820D1B784f9Ec931B76c3b,41,7a322c91e895843d935354294d0e05521a6718d10b083df976bf6754d0eb3ee8,73.0,2026-06-03T16:02:43.911423+00:00,betswirl-chainlink-vrf-v2.5
11050bc3dfc07687bddc1f4153035a0701f7f13ef85de15745663e7a3cf6e334,0x9cCC8e15c58bfEa77D820D1B784f9Ec931B76c3b,42,436b99795feb4a8232aed0284635f94f7d07afa6f26d6b24abbe27dc4e20f189,46.0,2026-06-03T16:02:43.911456+00:00,betswirl-chainlink-vrf-v2.5
11050bc3dfc07687bddc1f4153035a0701f7f13ef85de15745663e7a3cf6e334,0x9cCC8e15c58bfEa77D820D1B784f9Ec931B76c3b,43,0d65ff4fab34402095ea1d0a286d5db0d34f71587624ec070ddbaf5f6732cea1,38.0,2026-06-03T16:02:43.911502+00:00,betswirl-chainlink-vrf-v2.5
11050bc3dfc07687bddc1f4153035a0701f7f13ef85de15745663e7a3cf6e334,0x9cCC8e15c58bfEa77D820D1B784f9Ec931B76c3b,44,2911f6dc4edec426fbc26c22bf04ec3ba31a30dc624a0ba96d7a6fc94c5fe5eb,68.0,2026-06-03T16:02:43.911542+00:00,betswirl-chainlink-vrf-v2.5
11050bc3dfc07687bddc1f4153035a0701f7f13ef85de15745663e7a3cf6e334,0x9cCC8e15c58bfEa77D820D1B784f9Ec931B76c3b,45,a76eb07361a58bd8bfff24a0f23211aa2a8abbbb453f8e38c46205c0995c56d0,41.0,2026-06-03T16:02:43.911582+00:00,betswirl-chainlink-vrf-v2.5
11050bc3dfc07687bddc1f4153035a0701f7f13ef85de15745663e7a3cf6e334,0x9cCC8e15c58bfEa77D820D1B784f9Ec931B76c3b,46,5d37488aaea05bfe3f306f684dd4db2a33df3f82ba7bc395eab3dbb6085473e6,35.0,2026-06-03T16:02:43.911651+00:00,betswirl-chainlink-vrf-v2.5
11050bc3dfc07687bddc1f4153035a0701f7f13ef85de15745663e7a3cf6e334,0x9cCC8e15c58bfEa77D820D1B784f9Ec931B76c3b,47,22d213361d60b24b5a1558bdf92c64cb12cd572459e25022dabb7a49ec8a8227,48.0,2026-06-03T16:02:43.911687+00:00,betswirl-chainlink-vrf-v2.5
11050bc3dfc07687bddc1f4153035a0701f7f13ef85de15745663e7a3cf6e334,0x9cCC8e15c58bfEa77D820D1B784f9Ec931B76c3b,48,f238cdde8277bdcd1a8ec7c6c5d501f5cf058446c2b0e03f354a72b71ed65886,51.0,2026-06-03T16:02:43.911714+00:00,betswirl-chainlink-vrf-v2.5
11050bc3dfc07687bddc1f4153035a0701f7f13ef85de15745663e7a3cf6e334,0x9cCC8e15c58bfEa77D820D1B784f9Ec931B76c3b,49,062217e282a07824b93f41286fc3c243d60bddb9c0e069973936983870cd6855,54.0,2026-06-03T16:02:43.911778+00:00,betswirl-chainlink-vrf-v2.5
11050bc3dfc07687bddc1f4153035a0701f7f13ef85de15745663e7a3cf6e334,0x9cCC8e15c58bfEa77D820D1B784f9Ec931B76c3b,50,7d33c0576b9db6560358a019403776ee96e1cea3838d39b010c009ee8d171d03,84.0,2026-06-03T16:02:43.911806+00:00,betswirl-chainlink-vrf-v2.5
11050bc3dfc07687bddc1f4153035a0701f7f13ef85de15745663e7a3cf6e334,0x9cCC8e15c58bfEa77D820D1B784f9Ec931B76c3b,51,8cba9b0797a109d7b303e77b015c01203c989be09968d1d824dc78ec6af602cf,48.0,2026-06-03T16:02:43.911834+00:00,betswirl-chainlink-vrf-v2.5
11050bc3dfc07687bddc1f4153035a0701f7f13ef85de15745663e7a3cf6e334,0x9cCC8e15c58bfEa77D820D1B784f9Ec931B76c3b,52,6d4e8558eeed56aa3933f6c583a810218579f8e2bb68eeb2c08fcf9f90509275,82.0,2026-06-03T16:02:43.911876+00:00,betswirl-chainlink-vrf-v2.5
11050bc3dfc07687bddc1f4153035a0701f7f13ef85de15745663e7a3cf6e334,0x9cCC8e15c58bfEa77D820D1B784f9Ec931B76c3b,53,96851e7e8e3896ae2574fa4de752748871a88670836e3b8288bc245cd4d5e235,50.0,2026-06-03T16:02:43.911912+00:00,betswirl-chainlink-vrf-v2.5
11050bc3dfc07687bddc1f4153035a0701f7f13ef85de15745663e7a3cf6e334,0x9cCC8e15c58bfEa77D820D1B784f9Ec931B76c3b,54,0e680cd74574c41a9596e1e02e212213c8241355bc956a46301bdaa3f367e7d9,66.0,2026-06-03T16:02:43.911937+00:00,betswirl-chainlink-vrf-v2.5
11050bc3dfc07687bddc1f4153035a0701f7f13ef85de15745663e7a3cf6e334,0x9cCC8e15c58bfEa77D820D1B784f9Ec931B76c3b,55,4847ff2cd54038825845a0bd6cb2dc8a58eab2536ad0de031d6980ca7802f851,78.0,2026-06-03T16:02:43.911979+00:00,betswirl-chainlink-vrf-v2.5
11050bc3dfc07687bddc1f4153035a0701f7f13ef85de15745663e7a3cf6e334,0x9cCC8e15c58bfEa77D820D1B784f9Ec931B76c3b,56,bbfd93f1e0f1aa091f47e6a0d15ab96a097d9303f8bc627cc4146be9acbc12f4,65.0,2026-06-03T16:02:43.912022+00:00,betswirl-chainlink-vrf-v2.5
11050bc3dfc07687bddc1f4153035a0701f7f13ef85de15745663e7a3cf6e334,0x9cCC8e15c58bfEa77D820D1B784f9Ec931B76c3b,57,585039f23b000eb13074c3096a340482a5cd6fc798af0c03e8311965293090f2,67.0,2026-06-03T16:02:43.912062+00:00,betswirl-chainlink-vrf-v2.5
11050bc3dfc07687bddc1f4153035a0701f7f13ef85de15745663e7a3cf6e334,0x9cCC8e15c58bfEa77D820D1B784f9Ec931B76c3b,58,0bcf1dfe68c4b2ea871a25a102b4205bf55f9ae46257b586aa047f292d798382,39.0,2026-06-03T16:02:43.912090+00:00,betswirl-chainlink-vrf-v2.5
11050bc3dfc07687bddc1f4153035a0701f7f13ef85de15745663e7a3cf6e334,0x9cCC8e15c58bfEa77D820D1B784f9Ec931B76c3b,59,daf3ac2cdf1a5d5321e5696d6a309a70230d1887b09e8af4b80654f3e85cc0fa,75.0,2026-06-03T16:02:43.912113+00:00,betswirl-chainlink-vrf-v2.5
11050bc3dfc07687bddc1f4153035a0701f7f13ef85de15745663e7a3cf6e334,0x9cCC8e15c58bfEa77D820D1B784f9Ec931B76c3b,60,711493e826de40eafb38f974dacd79a2d54a667c3df2c1462d13b518cb2771ba,83.0,2026-06-03T16:02:43.912138+00:00,betswirl-chainlink-vrf-v2.5
11050bc3dfc07687bddc1f4153035a0701f7f13ef85de15745663e7a3cf6e334,0x9cCC8e15c58bfEa77D820D1B784f9Ec931B76c3b,61,e6e811a719e02a0713dbc95df604edb32d8719c0d2a6824cb89fb7389a75affa,75.0,2026-06-03T16:02:43.912201+00:00,betswirl-chainlink-vrf-v2.5
11050bc3dfc07687bddc1f4153035a0701f7f13ef85de15745663e7a3cf6e334,0x9cCC8e15c58bfEa77D820D1B784f9Ec931B76c3b,62,e7b44796a01fcf99315f41f2ca4c7395d61bd21732f05990fb4e57bc29901ad3,80.0,2026-06-03T16:02:43.912260+00:00,betswirl-chainlink-vrf-v2.5
11050bc3dfc07687bddc1f4153035a0701f7f13ef85de15745663e7a3cf6e334,0x9cCC8e15c58bfEa77D820D1B784f9Ec931B76c3b,63,0aea967d1b4008ed896225781b4630d4ad0882b8eec2a85acf02e13eb432e036,39.0,2026-06-03T16:02:43.912312+00:00,betswirl-chainlink-vrf-v2.5
11050bc3dfc07687bddc1f4153035a0701f7f13ef85de15745663e7a3cf6e334,0x9cCC8e15c58bfEa77D820D1B784f9Ec931B76c3b,64,9623eab478a50f5de588fda392ec852eb92d0ac998ac0e4857a610ac469dac94,69.0,2026-06-03T16:02:43.912375+00:00,betswirl-chainlink-vrf-v2.5
11050bc3dfc07687bddc1f4153035a0701f7f13ef85de15745663e7a3cf6e334,0x9cCC8e15c58bfEa77D820D1B784f9Ec931B76c3b,65,68e0404b52ec284e6d87fdacf9eeb6197ba9e2a589304286dcf32b0a88841e73,4.0,2026-06-03T16:02:43.912452+00:00,betswirl-chainlink-vrf-v2.5
11050bc3dfc07687bddc1f4153035a0701f7f13ef85de15745663e7a3cf6e334,0x9cCC8e15c58bfEa77D820D1B784f9Ec931B76c3b,66,40b1f11f0b2eb3797b622140e68d67ca3a3e25201ebc2cac3813be71349a2df2,79.0,2026-06-03T16:02:43.912524+00:00,betswirl-chainlink-vrf-v2.5
11050bc3dfc07687bddc1f4153035a0701f7f13ef85de15745663e7a3cf6e334,0x9cCC8e15c58bfEa77D820D1B784f9Ec931B76c3b,67,a3dfb368064e40351a08b7c73c06024f5d7928a44da398c50c2c2044fdbfe008,93.0,2026-06-03T16:02:43.912593+00:00,betswirl-chainlink-vrf-v2.5
11050bc3dfc07687bddc1f4153035a0701f7f13ef85de15745663e7a3cf6e334,0x9cCC8e15c58bfEa77D820D1B784f9Ec931B76c3b,68,7f5a7e4b4fbfaca21c53d310ed28e60655544c656ce250fab3501fc325592c2a,71.0,2026-06-03T16:02:43.912650+00:00,betswirl-chainlink-vrf-v2.5
11050bc3dfc07687bddc1f4153035a0701f7f13ef85de15745663e7a3cf6e334,0x9cCC8e15c58bfEa77D820D1B784f9Ec931B76c3b,69,26b90903adf8032fb1e70da17b6146c4f223706f1fa6a7c7735b6452b3dcce6c,69.0,2026-06-03T16:02:43.912708+00:00,betswirl-chainlink-vrf-v2.5
11050bc3dfc07687bddc1f4153035a0701f7f13ef85de15745663e7a3cf6e334,0x9cCC8e15c58bfEa77D820D1B784f9Ec931B76c3b,70,5017f94e0615ff53d1e58c30814ebc657f387ad79d545948a11c79711957f5c2,99.0,2026-06-03T16:02:43.912860+00:00,betswirl-chainlink-vrf-v2.5
11050bc3dfc07687bddc1f4153035a0701f7f13ef85de15745663e7a3cf6e334,0x9cCC8e15c58bfEa77D820D1B784f9Ec931B76c3b,71,e2406db32d73ba1de3d8e2296ff3950b88cbbb886f55fc0358e0dcbf24daada8,9.0,2026-06-03T16:02:43.912920+00:00,betswirl-chainlink-vrf-v2.5
11050bc3dfc07687bddc1f4153035a0701f7f13ef85de15745663e7a3cf6e334,0x9cCC8e15c58bfEa77D820D1B784f9Ec931B76c3b,72,cfbcfbc4668f09097f059ac83b72451761243ef2229fc6cce4e41c8524033f8f,56.0,2026-06-03T16:02:43.912961+00:00,betswirl-chainlink-vrf-v2.5
11050bc3dfc07687bddc1f4153035a0701f7f13ef85de15745663e7a3cf6e334,0x9cCC8e15c58bfEa77D820D1B784f9Ec931B76c3b,73,29677d21a5a0a84385f50be3ffd06860f98ae9a75792332de80320f1cb66566f,28.0,2026-06-03T16:02:43.913000+00:00,betswirl-chainlink-vrf-v2.5
11050bc3dfc07687bddc1f4153035a0701f7f13ef85de15745663e7a3cf6e334,0x9cCC8e15c58bfEa77D820D1B784f9Ec931B76c3b,74,b1a2a91f69ed6a1290c3c405515f5aea30f567c751d819b06163bdacf613a467,68.0,2026-06-03T16:02:43.913034+00:00,betswirl-chainlink-vrf-v2.5
11050bc3dfc07687bddc1f4153035a0701f7f13ef85de15745663e7a3cf6e334,0x9cCC8e15c58bfEa77D820D1B784f9Ec931B76c3b,75,e82c1687317c7bae821bc9a709da64fc3f78e7c0a0a7cd5c7fdc5a635f476cc1,6.0,2026-06-03T16:02:43.913065+00:00,betswirl-chainlink-vrf-v2.5
11050bc3dfc07687bddc1f4153035a0701f7f13ef85de15745663e7a3cf6e334,0x9cCC8e15c58bfEa77D820D1B784f9Ec931B76c3b,76,edaa58d963fa515dba2fa90cf2387b7612b0f94b1b13550281c9d42f132367c8,21.0,2026-06-03T16:02:43.913097+00:00,betswirl-chainlink-vrf-v2.5
11050bc3dfc07687bddc1f4153035a0701f7f13ef85de15745663e7a3cf6e334,0x9cCC8e15c58bfEa77D820D1B784f9Ec931B76c3b,77,63f12f022ed40b8a02b972113dde2adff04218e2a0feedd73e906ee683d808af,76.0,2026-06-03T16:02:43.913130+00:00,betswirl-chainlink-vrf-v2.5
11050bc3dfc07687bddc1f4153035a0701f7f13ef85de15745663e7a3cf6e334,0x9cCC8e15c58bfEa77D820D1B784f9Ec931B76c3b,78,8f2b788df247f221c47fb6e883430b2a36847a2833036c1802bc93fbf34fde39,22.0,2026-06-03T16:02:43.913163+00:00,betswirl-chainlink-vrf-v2.5
11050bc3dfc07687bddc1f4153035a0701f7f13ef85de15745663e7a3cf6e334,0x9cCC8e15c58bfEa77D820D1B784f9Ec931B76c3b,79,b0b83fdb13c4534c961b55b5672b17f1872604569a26f8803e7108ef4aca39aa,11.0,2026-06-03T16:02:43.913193+00:00,betswirl-chainlink-vrf-v2.5
11050bc3dfc07687bddc1f4153035a0701f7f13ef85de15745663e7a3cf6e334,0x9cCC8e15c58bfEa77D820D1B784f9Ec931B76c3b,80,90edc1a3eb714986ac8d74d376394a310f2e0cf7c5d12687a3a19838f823ebe3,12.0,2026-06-03T16:02:43.913224+00:00,betswirl-chainlink-vrf-v2.5
11050bc3dfc07687bddc1f4153035a0701f7f13ef85de15745663e7a3cf6e334,0x9cCC8e15c58bfEa77D820D1B784f9Ec931B76c3b,81,51caa87f6e1f8e23746a1f40d0cca0f227132de9528bc61e98788dc459e35641,54.0,2026-06-03T16:02:43.913255+00:00,betswirl-chainlink-vrf-v2.5
11050bc3dfc07687bddc1f4153035a0701f7f13ef85de15745663e7a3cf6e334,0x9cCC8e15c58bfEa77D820D1B784f9Ec931B76c3b,82,50f40f2d23632de9326a191274edd4ede3cdffc4a1bb31a7dbd69338dae856b2,15.0,2026-06-03T16:02:43.913294+00:00,betswirl-chainlink-vrf-v2.5
11050bc3dfc07687bddc1f4153035a0701f7f13ef85de15745663e7a3cf6e334,0x9cCC8e15c58bfEa77D820D1B784f9Ec931B76c3b,83,2145aa2d1dfe6176cd6a4f2b7a97a33a70b76a165200615d82f59bcb7411bff9,74.0,2026-06-03T16:02:43.913329+00:00,betswirl-chainlink-vrf-v2.5
11050bc3dfc07687bddc1f4153035a0701f7f13ef85de15745663e7a3cf6e334,0x9cCC8e15c58bfEa77D820D1B784f9Ec931B76c3b,84,f17205182877c3008508dbe4f41ff36be2f2f5dd3b8ebc603387f57820381bb8,41.0,2026-06-03T16:02:43.913361+00:00,betswirl-chainlink-vrf-v2.5
11050bc3dfc07687bddc1f4153035a0701f7f13ef85de15745663e7a3cf6e334,0x9cCC8e15c58bfEa77D820D1B784f9Ec931B76c3b,85,8521306276808d96cf155a6f6e0703eaa2b816991ab4c5661e4f620874903a81,46.0,2026-06-03T16:02:43.913394+00:00,betswirl-chainlink-vrf-v2.5
11050bc3dfc07687bddc1f4153035a0701f7f13ef85de15745663e7a3cf6e334,0x9cCC8e15c58bfEa77D820D1B784f9Ec931B76c3b,86,ceb96221906524aaf85d8d2547daabf923b14586cb6eb2620c73ed85e3a0b787,48.0,2026-06-03T16:02:43.913426+00:00,betswirl-chainlink-vrf-v2.5
11050bc3dfc07687bddc1f4153035a0701f7f13ef85de15745663e7a3cf6e334,0x9cCC8e15c58bfEa77D820D1B784f9Ec931B76c3b,87,c1cf5c9a258c89357d69d0c9929cb9598d69cf049a7ad348690b0abefad11edf,48.0,2026-06-03T16:02:43.913457+00:00,betswirl-chainlink-vrf-v2.5
11050bc3dfc07687bddc1f4153035a0701f7f13ef85de15745663e7a3cf6e334,0x9cCC8e15c58bfEa77D820D1B784f9Ec931B76c3b,88,6005c49210f422b1d89047691fd6aa9a5432b9bb14d90f2aff7eb9347b6fbb37,44.0,2026-06-03T16:02:43.913489+00:00,betswirl-chainlink-vrf-v2.5
11050bc3dfc07687bddc1f4153035a0701f7f13ef85de15745663e7a3cf6e334,0x9cCC8e15c58bfEa77D820D1B784f9Ec931B76c3b,89,79dead2efbdb03998da81006cec6b22e215832652a51f1e4b9e7edb8201b15cc,13.0,2026-06-03T16:02:43.913521+00:00,betswirl-chainlink-vrf-v2.5
11050bc3dfc07687bddc1f4153035a0701f7f13ef85de15745663e7a3cf6e334,0x9cCC8e15c58bfEa77D820D1B784f9Ec931B76c3b,90,a59d34e536c65aaab82f1002c2b17a009c90fbaa2652344e09d3bec51db1ccb1,98.0,2026-06-03T16:02:43.913553+00:00,betswirl-chainlink-vrf-v2.5
11050bc3dfc07687bddc1f4153035a0701f7f13ef85de15745663e7a3cf6e334,0x9cCC8e15c58bfEa77D820D1B784f9Ec931B76c3b,91,c12ba98f40a7767daa2376409b666c927d187930fcc82cf82de5590dff6bcab6,95.0,2026-06-03T16:02:43.913585+00:00,betswirl-chainlink-vrf-v2.5
11050bc3dfc07687bddc1f4153035a0701f7f13ef85de15745663e7a3cf6e334,0x9cCC8e15c58bfEa77D820D1B784f9Ec931B76c3b,92,8e0d7b7ee8028dee608ff205acf2f20f4469a3f373b5bd432dc148fab9b4cc86,59.0,2026-06-03T16:02:43.913617+00:00,betswirl-chainlink-vrf-v2.5
11050bc3dfc07687bddc1f4153035a0701f7f13ef85de15745663e7a3cf6e334,0x9cCC8e15c58bfEa77D820D1B784f9Ec931B76c3b,93,8150ca4ae7287c5c8b16c0a7b9862e1425d19478ab3339370f4e4e845a8955d3,52.0,2026-06-03T16:02:43.913649+00:00,betswirl-chainlink-vrf-v2.5
11050bc3dfc07687bddc1f4153035a0701f7f13ef85de15745663e7a3cf6e334,0x9cCC8e15c58bfEa77D820D1B784f9Ec931B76c3b,94,b48679c63519aab4e25355758516d10c30b7a91dc23d132c0bb940ddd0cc064d,42.0,2026-06-03T16:02:43.913679+00:00,betswirl-chainlink-vrf-v2.5
11050bc3dfc07687bddc1f4153035a0701f7f13ef85de15745663e7a3cf6e334,0x9cCC8e15c58bfEa77D820D1B784f9Ec931B76c3b,95,c49bfac600ae83b5e848a5e9e4f61d7afe27b7db817b0d5eaa57728b6f9c4f87,88.0,2026-06-03T16:02:43.913714+00:00,betswirl-chainlink-vrf-v2.5
11050bc3dfc07687bddc1f4153035a0701f7f13ef85de15745663e7a3cf6e334,0x9cCC8e15c58bfEa77D820D1B784f9Ec931B76c3b,96,97b4c989b3b2f46b7c60ea81b4e2642c36a2e257e8f24ecce7cdf27d16c18de0,9.0,2026-06-03T16:02:43.913747+00:00,betswirl-chainlink-vrf-v2.5
11050bc3dfc07687bddc1f4153035a0701f7f13ef85de15745663e7a3cf6e334,0x9cCC8e15c58bfEa77D820D1B784f9Ec931B76c3b,97,44b67e9e66122876aa62d81351102cd5f6e0a8804be54715733523bc695a50bf,4.0,2026-06-03T16:02:43.913781+00:00,betswirl-chainlink-vrf-v2.5
11050bc3dfc07687bddc1f4153035a0701f7f13ef85de15745663e7a3cf6e334,0x9cCC8e15c58bfEa77D820D1B784f9Ec931B76c3b,98,9cb35ebe453711ed543d0a8255ff0cd1b9f1051174d15fad9d60305ba1c47300,9.0,2026-06-03T16:02:43.913812+00:00,betswirl-chainlink-vrf-v2.5
11050bc3dfc07687bddc1f4153035a0701f7f13ef85de15745663e7a3cf6e334,0x9cCC8e15c58bfEa77D820D1B784f9Ec931B76c3b,99,848402be2824c80e1fa1d1091ff8c3f32dfe13a428826e522cdb8feb99916c7d,30.0,2026-06-03T16:02:43.913842+00:00,betswirl-chainlink-vrf-v2.5
11050bc3dfc07687bddc1f4153035a0701f7f13ef85de15745663e7a3cf6e334,0x9cCC8e15c58bfEa77D820D1B784f9Ec931B76c3b,100,ebb1bcd72d22fb6af870cefc04e995a19331529e0d2d4950777001793b20f085,86.0,2026-06-03T16:02:43.913872+00:00,betswirl-chainlink-vrf-v2.5
11050bc3dfc07687bddc1f4153035a0701f7f13ef85de15745663e7a3cf6e334,0x9cCC8e15c58bfEa77D820D1B784f9Ec931B76c3b,101,d64aff66da5ad3fecd02afdcd4515f33597b7e8af23a9d7f1c767daa5b79db3a,15.0,2026-06-03T16:02:43.913902+00:00,betswirl-chainlink-vrf-v2.5
11050bc3dfc07687bddc1f4153035a0701f7f13ef85de15745663e7a3cf6e334,0x9cCC8e15c58bfEa77D820D1B784f9Ec931B76c3b,102,38c6ac0c647587c212603cf2192a78aeacc6e97349430dc5f287637c3031e631,46.0,2026-06-03T16:02:43.913934+00:00,betswirl-chainlink-vrf-v2.5
11050bc3dfc07687bddc1f4153035a0701f7f13ef85de15745663e7a3cf6e334,0x9cCC8e15c58bfEa77D820D1B784f9Ec931B76c3b,103,1aa408afdfb714f763c9997ea0c832ce300e29f08df7f8be2f6efaba1d12c905,42.0,2026-06-03T16:02:43.913965+00:00,betswirl-chainlink-vrf-v2.5
11050bc3dfc07687bddc1f4153035a0701f7f13ef85de15745663e7a3cf6e334,0x9cCC8e15c58bfEa77D820D1B784f9Ec931B76c3b,104,c9859989c17152c786b21e5568e5b8f006c870809cfbcf1db19b9f74fe34b9fa,83.0,2026-06-03T16:02:43.913995+00:00,betswirl-chainlink-vrf-v2.5
11050bc3dfc07687bddc1f4153035a0701f7f13ef85de15745663e7a3cf6e334,0x9cCC8e15c58bfEa77D820D1B784f9Ec931B76c3b,105,bff400db27c6e5fcc090f943e8b2da8e220ae08cd8662e04fb27d32ca0390c55,90.0,2026-06-03T16:02:43.914024+00:00,betswirl-chainlink-vrf-v2.5
11050bc3dfc07687bddc1f4153035a0701f7f13ef85de15745663e7a3cf6e334,0x9cCC8e15c58bfEa77D820D1B784f9Ec931B76c3b,106,c22d9142640c68fe08ec3d4dd7ff0bfb6638e2eef1fe5e348c13cdd73f90e750,85.0,2026-06-03T16:02:43.914053+00:00,betswirl-chainlink-vrf-v2.5
11050bc3dfc07687bddc1f4153035a0701f7f13ef85de15745663e7a3cf6e334,0x9cCC8e15c58bfEa77D820D1B784f9Ec931B76c3b,107,9a0e291274ac3d217ba714d8f4844edaa6eb2663c7c5bc6aa78de4b596a579c9,30.0,2026-06-03T16:02:43.914084+00:00,betswirl-chainlink-vrf-v2.5
11050bc3dfc07687bddc1f4153035a0701f7f13ef85de15745663e7a3cf6e334,0x9cCC8e15c58bfEa77D820D1B784f9Ec931B76c3b,108,9ab68ecf774f5c14f306f90f81bfad0394b14d2acaa2a98d9157d351eb1eeb94,85.0,2026-06-03T16:02:43.914115+00:00,betswirl-chainlink-vrf-v2.5
11050bc3dfc07687bddc1f4153035a0701f7f13ef85de15745663e7a3cf6e334,0x9cCC8e15c58bfEa77D820D1B784f9Ec931B76c3b,109,41d58f6cb3f4c2415e4818a52821f9cb6623c55417b16bdf725be9d9f853562b,80.0,2026-06-03T16:02:43.914144+00:00,betswirl-chainlink-vrf-v2.5
11050bc3dfc07687bddc1f4153035a0701f7f13ef85de15745663e7a3cf6e334,0x9cCC8e15c58bfEa77D820D1B784f9Ec931B76c3b,110,44afb731a430d5fb5db9cf5564932b1b6cc97a8b0215410039ca7ddc2670f861,66.0,2026-06-03T16:02:43.914175+00:00,betswirl-chainlink-vrf-v2.5
11050bc3dfc07687bddc1f4153035a0701f7f13ef85de15745663e7a3cf6e334,0x9cCC8e15c58bfEa77D820D1B784f9Ec931B76c3b,111,4c75d1aad3c5c0a650a3ca974377e4622ed206bff6d2a2e87b44178fddb7b233,40.0,2026-06-03T16:02:43.914205+00:00,betswirl-chainlink-vrf-v2.5
11050bc3dfc07687bddc1f4153035a0701f7f13ef85de15745663e7a3cf6e334,0x9cCC8e15c58bfEa77D820D1B784f9Ec931B76c3b,112,20df8251682763cac6ac8b166745ec01a0702ae4cef5abc40f86cf4c75e45dc3,76.0,2026-06-03T16:02:43.914240+00:00,betswirl-chainlink-vrf-v2.5
11050bc3dfc07687bddc1f4153035a0701f7f13ef85de15745663e7a3cf6e334,0x9cCC8e15c58bfEa77D820D1B784f9Ec931B76c3b,113,4273bb7358c8e5eb7060b6aaff5ff65469f4ee3ac4e2bf94e897214065b3def9,38.0,2026-06-03T16:02:43.914271+00:00,betswirl-chainlink-vrf-v2.5
11050bc3dfc07687bddc1f4153035a0701f7f13ef85de15745663e7a3cf6e334,0x9cCC8e15c58bfEa77D820D1B784f9Ec931B76c3b,114,a7bb6b3574cc2b8864b9f0215cb99112f3173a535088927ce0bef91b940e70e4,37.0,2026-06-03T16:02:43.914301+00:00,betswirl-chainlink-vrf-v2.5
11050bc3dfc07687bddc1f4153035a0701f7f13ef85de15745663e7a3cf6e334,0x9cCC8e15c58bfEa77D820D1B784f9Ec931B76c3b,115,05f298fafd4d2a86c658045b16e647092901c690249a60a9f099b251af7a18e7,52.0,2026-06-03T16:02:43.914331+00:00,betswirl-chainlink-vrf-v2.5
11050bc3dfc07687bddc1f4153035a0701f7f13ef85de15745663e7a3cf6e334,0x9cCC8e15c58bfEa77D820D1B784f9Ec931B76c3b,116,cde4df778c1c7b5788d0db46c0943a7a4541056c4bb409bff8e5d51207e4a868,49.0,2026-06-03T16:02:43.914367+00:00,betswirl-chainlink-vrf-v2.5
11050bc3dfc07687bddc1f4153035a0701f7f13ef85de15745663e7a3cf6e334,0x9cCC8e15c58bfEa77D820D1B784f9Ec931B76c3b,117,e430920ea75b65f5393eeb51f028629f0396a0e2485949da8e50337af38115a3,100.0,2026-06-03T16:02:43.914397+00:00,betswirl-chainlink-vrf-v2.5
11050bc3dfc07687bddc1f4153035a0701f7f13ef85de15745663e7a3cf6e334,0x9cCC8e15c58bfEa77D820D1B784f9Ec931B76c3b,118,e482349b86f22d388388485213b3c2a3c1af011846666d107993ed373a2343b3,88.0,2026-06-03T16:02:43.914426+00:00,betswirl-chainlink-vrf-v2.5
11050bc3dfc07687bddc1f4153035a0701f7f13ef85de15745663e7a3cf6e334,0x9cCC8e15c58bfEa77D820D1B784f9Ec931B76c3b,119,be6c3938f4576492035450952244c7df07eff341c0ee9dea7bf3bda32d649cac,5.0,2026-06-03T16:02:43.914456+00:00,betswirl-chainlink-vrf-v2.5
11050bc3dfc07687bddc1f4153035a0701f7f13ef85de15745663e7a3cf6e334,0x9cCC8e15c58bfEa77D820D1B784f9Ec931B76c3b,120,43731863fe2b2da18728e1e7d9a785c984b00c7d7e1a8405bb5bb34b97f9970d,98.0,2026-06-03T16:02:43.914486+00:00,betswirl-chainlink-vrf-v2.5
11050bc3dfc07687bddc1f4153035a0701f7f13ef85de15745663e7a3cf6e334,0x9cCC8e15c58bfEa77D820D1B784f9Ec931B76c3b,121,86f537abb1682234b60879dc42c23d36342619d58240bba3f37ecf4d1e66e25c,69.0,2026-06-03T16:02:43.914519+00:00,betswirl-chainlink-vrf-v2.5
11050bc3dfc07687bddc1f4153035a0701f7f13ef85de15745663e7a3cf6e334,0x9cCC8e15c58bfEa77D820D1B784f9Ec931B76c3b,122,2a9f0ef815e65c4febd09d2ad717e73a38ff51c66754cc6567bd89f690d39904,69.0,2026-06-03T16:02:43.914563+00:00,betswirl-chainlink-vrf-v2.5
11050bc3dfc07687bddc1f4153035a0701f7f13ef85de15745663e7a3cf6e334,0x9cCC8e15c58bfEa77D820D1B784f9Ec931B76c3b,123,6d69f798116b39646f357da477f0ccdee5f0b52ff4ca2d36026be09680e2b94b,92.0,2026-06-03T16:02:43.914595+00:00,betswirl-chainlink-vrf-v2.5
11050bc3dfc07687bddc1f4153035a0701f7f13ef85de15745663e7a3cf6e334,0x9cCC8e15c58bfEa77D820D1B784f9Ec931B76c3b,124,15e87910672b9b34c77409138b4eaa99392fcb496f16fb396f4c898c8c94ed12,35.0,2026-06-03T16:02:43.914637+00:00,betswirl-chainlink-vrf-v2.5
11050bc3dfc07687bddc1f4153035a0701f7f13ef85de15745663e7a3cf6e334,0x9cCC8e15c58bfEa77D820D1B784f9Ec931B76c3b,125,cea23f89d4376911d36edd44ed16d73296b95ed476fa0d6884068f3c3b7c86df,4.0,2026-06-03T16:02:43.914671+00:00,betswirl-chainlink-vrf-v2.5
11050bc3dfc07687bddc1f4153035a0701f7f13ef85de15745663e7a3cf6e334,0x9cCC8e15c58bfEa77D820D1B784f9Ec931B76c3b,126,902286d28b696188f256172816dfc755fdbc8b453bf2ede7c6e31398396721d2,67.0,2026-06-03T16:02:43.914702+00:00,betswirl-chainlink-vrf-v2.5
11050bc3dfc07687bddc1f4153035a0701f7f13ef85de15745663e7a3cf6e334,0x9cCC8e15c58bfEa77D820D1B784f9Ec931B76c3b,127,90a75db45dca1f00bffa2c32c13c20e674c2e1263c706a9cbcb5e583017961e6,91.0,2026-06-03T16:02:43.914734+00:00,betswirl-chainlink-vrf-v2.5
11050bc3dfc07687bddc1f4153035a0701f7f13ef85de15745663e7a3cf6e334,0x9cCC8e15c58bfEa77D820D1B784f9Ec931B76c3b,128,9f784738a5636d6547470a81bf19800211247da2bfcb8865a8e4d3802d193698,25.0,2026-06-03T16:02:43.914768+00:00,betswirl-chainlink-vrf-v2.5
11050bc3dfc07687bddc1f4153035a0701f7f13ef85de15745663e7a3cf6e334,0x9cCC8e15c58bfEa77D820D1B784f9Ec931B76c3b,129,2a04a9a952763c235d4945c768eec9ec001d9c4fd44ca55d51fdd87b00d9501c,41.0,2026-06-03T16:02:43.914798+00:00,betswirl-chainlink-vrf-v2.5
11050bc3dfc07687bddc1f4153035a0701f7f13ef85de15745663e7a3cf6e334,0x9cCC8e15c58bfEa77D820D1B784f9Ec931B76c3b,130,9d8d26710a5b0a3cacbf9869c85147d9d6b215c4283246886ac5d29defa7459e,83.0,2026-06-03T16:02:43.914831+00:00,betswirl-chainlink-vrf-v2.5
11050bc3dfc07687bddc1f4153035a0701f7f13ef85de15745663e7a3cf6e334,0x9cCC8e15c58bfEa77D820D1B784f9Ec931B76c3b,131,9d7a54bfef269294d2c23bb5aef01004327283947e1ddcdee5a6a166011cdb49,98.0,2026-06-03T16:02:43.914862+00:00,betswirl-chainlink-vrf-v2.5
11050bc3dfc07687bddc1f4153035a0701f7f13ef85de15745663e7a3cf6e334,0x9cCC8e15c58bfEa77D820D1B784f9Ec931B76c3b,132,4f38c57eb2dc87014e095acb5a1f1ff1eb5b17f5dfcd2a67b7be1e99e7af6bf4,41.0,2026-06-03T16:02:43.914897+00:00,betswirl-chainlink-vrf-v2.5
11050bc3dfc07687bddc1f4153035a0701f7f13ef85de15745663e7a3cf6e334,0x9cCC8e15c58bfEa77D820D1B784f9Ec931B76c3b,133,e07f6f29729d95b9d28f90ade698a4e7aa86a78d7e2bef9b33a7b684fc0c9a75,38.0,2026-06-03T16:02:43.914934+00:00,betswirl-chainlink-vrf-v2.5
11050bc3dfc07687bddc1f4153035a0701f7f13ef85de15745663e7a3cf6e334,0x9cCC8e15c58bfEa77D820D1B784f9Ec931B76c3b,134,8d5855f978a50d15d082d2edbc61d8f7d783c8077d16900815222e5c3bf08220,57.0,2026-06-03T16:02:43.914971+00:00,betswirl-chainlink-vrf-v2.5
11050bc3dfc07687bddc1f4153035a0701f7f13ef85de15745663e7a3cf6e334,0x9cCC8e15c58bfEa77D820D1B784f9Ec931B76c3b,135,2195737029f528c7e07a5fd7cc2b204df68bc6e2aae1695a157a373b125e9ca0,1.0,2026-06-03T16:02:43.915003+00:00,betswirl-chainlink-vrf-v2.5
11050bc3dfc07687bddc1f4153035a0701f7f13ef85de15745663e7a3cf6e334,0x9cCC8e15c58bfEa77D820D1B784f9Ec931B76c3b,136,6d4f939ae3e077b80c326a1a14544916e742cf1d4c71fe68b2b29a7d7a853665,22.0,2026-06-03T16:02:43.915035+00:00,betswirl-chainlink-vrf-v2.5
11050bc3dfc07687bddc1f4153035a0701f7f13ef85de15745663e7a3cf6e334,0x9cCC8e15c58bfEa77D820D1B784f9Ec931B76c3b,137,74b991ef60c861ef8147effb1f6d53650a6b020c57a5306c203ce44be908a7a3,32.0,2026-06-03T16:02:43.915067+00:00,betswirl-chainlink-vrf-v2.5
11050bc3dfc07687bddc1f4153035a0701f7f13ef85de15745663e7a3cf6e334,0x9cCC8e15c58bfEa77D820D1B784f9Ec931B76c3b,138,5ae3dc86d0e9acd3d9c641de698ea9ab4f28e41bc5a66c5fc43b153df9432db4,53.0,2026-06-03T16:02:43.915096+00:00,betswirl-chainlink-vrf-v2.5
11050bc3dfc07687bddc1f4153035a0701f7f13ef85de15745663e7a3cf6e334,0x9cCC8e15c58bfEa77D820D1B784f9Ec931B76c3b,139,49ee3c3638206e8194cb5c5b0472550dbd89bfd1e7075840f5d7bf51cd5d4863,40.0,2026-06-03T16:02:43.915127+00:00,betswirl-chainlink-vrf-v2.5
11050bc3dfc07687bddc1f4153035a0701f7f13ef85de15745663e7a3cf6e334,0x9cCC8e15c58bfEa77D820D1B784f9Ec931B76c3b,140,097c4cacf9b468a7790cec975f5aff110ecf8b12d651cccb7829c86b10bb79d5,54.0,2026-06-03T16:02:43.915158+00:00,betswirl-chainlink-vrf-v2.5
11050bc3dfc07687bddc1f4153035a0701f7f13ef85de15745663e7a3cf6e334,0x9cCC8e15c58bfEa77D820D1B784f9Ec931B76c3b,141,a1ed9a97063481b33281e8208b9407c6006b9ba9877cd688a7eb36b2c1a2a7d8,57.0,2026-06-03T16:02:43.915191+00:00,betswirl-chainlink-vrf-v2.5
11050bc3dfc07687bddc1f4153035a0701f7f13ef85de15745663e7a3cf6e334,0x9cCC8e15c58bfEa77D820D1B784f9Ec931B76c3b,142,b33e0081899916a7f3e01705bf1e5a89257bbd69ef0d05e1b4fd2810b97fb7bb,20.0,2026-06-03T16:02:43.915223+00:00,betswirl-chainlink-vrf-v2.5
11050bc3dfc07687bddc1f4153035a0701f7f13ef85de15745663e7a3cf6e334,0x9cCC8e15c58bfEa77D820D1B784f9Ec931B76c3b,143,041c1c3a30c7f0a3f6e9e5abe355d7592b55138048b0c8b692aa2539ae08e1b5,22.0,2026-06-03T16:02:43.915252+00:00,betswirl-chainlink-vrf-v2.5
11050bc3dfc07687bddc1f4153035a0701f7f13ef85de15745663e7a3cf6e334,0x9cCC8e15c58bfEa77D820D1B784f9Ec931B76c3b,144,37f75e476f920d5df230b09abe4adf30a79974818901b08c14e40c842b88a693,64.0,2026-06-03T16:02:43.915283+00:00,betswirl-chainlink-vrf-v2.5
11050bc3dfc07687bddc1f4153035a0701f7f13ef85de15745663e7a3cf6e334,0x9cCC8e15c58bfEa77D820D1B784f9Ec931B76c3b,145,1240991a5b0ace5d6e5ebaf2873264375cf0434856d48f82ca44135db4970d0f,32.0,2026-06-03T16:02:43.915314+00:00,betswirl-chainlink-vrf-v2.5
11050bc3dfc07687bddc1f4153035a0701f7f13ef85de15745663e7a3cf6e334,0x9cCC8e15c58bfEa77D820D1B784f9Ec931B76c3b,146,1029025ff816208fb19ebd6017135d759047d7893787cdd396c6f9d82a55d042,79.0,2026-06-03T16:02:43.915343+00:00,betswirl-chainlink-vrf-v2.5
11050bc3dfc07687bddc1f4153035a0701f7f13ef85de15745663e7a3cf6e334,0x9cCC8e15c58bfEa77D820D1B784f9Ec931B76c3b,147,5f3790b2808ae73396a956772353194305fdfcfee0c45ce867375905ea96ec95,14.0,2026-06-03T16:02:43.915373+00:00,betswirl-chainlink-vrf-v2.5
11050bc3dfc07687bddc1f4153035a0701f7f13ef85de15745663e7a3cf6e334,0x9cCC8e15c58bfEa77D820D1B784f9Ec931B76c3b,148,a9f585198f58b7a087d453c6c4497aa88197baaa8ce78c5fb5dcf19ab169dfa0,17.0,2026-06-03T16:02:43.915405+00:00,betswirl-chainlink-vrf-v2.5
11050bc3dfc07687bddc1f4153035a0701f7f13ef85de15745663e7a3cf6e334,0x9cCC8e15c58bfEa77D820D1B784f9Ec931B76c3b,149,ec26007d7bd185a2ecaa7c03192103b3e0595a1c38b557f2429410b669fe9e8a,19.0,2026-06-03T16:02:43.915436+00:00,betswirl-chainlink-vrf-v2.5
11050bc3dfc07687bddc1f4153035a0701f7f13ef85de15745663e7a3cf6e334,0x9cCC8e15c58bfEa77D820D1B784f9Ec931B76c3b,150,3625d5de1e5b95c76ab5b4911db782dba9e9ea695e6a5139c6e8a14beeb38822,11.0,2026-06-03T16:02:43.915466+00:00,betswirl-chainlink-vrf-v2.5
11050bc3dfc07687bddc1f4153035a0701f7f13ef85de15745663e7a3cf6e334,0x9cCC8e15c58bfEa77D820D1B784f9Ec931B76c3b,151,70f76ef1f8a6450d448c905092e6aadc1ffde3c40a3186cbc9826d974e5c2d2f,36.0,2026-06-03T16:02:43.915498+00:00,betswirl-chainlink-vrf-v2.5
11050bc3dfc07687bddc1f4153035a0701f7f13ef85de15745663e7a3cf6e334,0x9cCC8e15c58bfEa77D820D1B784f9Ec931B76c3b,152,744e0ca9d7a72cbaeaf37a5182f0d6d85e62635354b2aaf7f3c6435684267085,70.0,2026-06-03T16:02:43.915530+00:00,betswirl-chainlink-vrf-v2.5
11050bc3dfc07687bddc1f4153035a0701f7f13ef85de15745663e7a3cf6e334,0x9cCC8e15c58bfEa77D820D1B784f9Ec931B76c3b,153,d9be05d98afb7dcfbab68fb09b0f5d13e4195ff69d7e7be4f11089672517c0e8,89.0,2026-06-03T16:02:43.915563+00:00,betswirl-chainlink-vrf-v2.5
11050bc3dfc07687bddc1f4153035a0701f7f13ef85de15745663e7a3cf6e334,0x9cCC8e15c58bfEa77D820D1B784f9Ec931B76c3b,154,c4bc8b05ea745c1072d9836dfe31e272a9284c0296c2dd3617868cf49e0b3654,5.0,2026-06-03T16:02:43.915595+00:00,betswirl-chainlink-vrf-v2.5
11050bc3dfc07687bddc1f4153035a0701f7f13ef85de15745663e7a3cf6e334,0x9cCC8e15c58bfEa77D820D1B784f9Ec931B76c3b,155,d6c62b66d808b1d702b2e7bcb5c7123cfa713e21ed481e8ac5b7c51ca16a202f,32.0,2026-06-03T16:02:43.915627+00:00,betswirl-chainlink-vrf-v2.5
11050bc3dfc07687bddc1f4153035a0701f7f13ef85de15745663e7a3cf6e334,0x9cCC8e15c58bfEa77D820D1B784f9Ec931B76c3b,156,28fb8f8f20135117f703bd974ba8ee0c3d3316fe93f1b2cf653d2d30376f370a,83.0,2026-06-03T16:02:43.915658+00:00,betswirl-chainlink-vrf-v2.5
11050bc3dfc07687bddc1f4153035a0701f7f13ef85de15745663e7a3cf6e334,0x9cCC8e15c58bfEa77D820D1B784f9Ec931B76c3b,157,2775500e95dcc59730a864307c692609d39390302cf8ead7b1290b460f0d147e,27.0,2026-06-03T16:02:43.915689+00:00,betswirl-chainlink-vrf-v2.5
11050bc3dfc07687bddc1f4153035a0701f7f13ef85de15745663e7a3cf6e334,0x9cCC8e15c58bfEa77D820D1B784f9Ec931B76c3b,158,e68e601270acb5bf7f8eab34bca3000fc561eefb27d7bbb6f7f3b167aa0d394b,12.0,2026-06-03T16:02:43.915718+00:00,betswirl-chainlink-vrf-v2.5
11050bc3dfc07687bddc1f4153035a0701f7f13ef85de15745663e7a3cf6e334,0x9cCC8e15c58bfEa77D820D1B784f9Ec931B76c3b,159,de8a152c0678a9507983f96807cd9da80c967b79a1f36aaa9dd374cc96d8852b,64.0,2026-06-03T16:02:43.915752+00:00,betswirl-chainlink-vrf-v2.5
11050bc3dfc07687bddc1f4153035a0701f7f13ef85de15745663e7a3cf6e334,0x9cCC8e15c58bfEa77D820D1B784f9Ec931B76c3b,160,242473cb460b54063775fa36f5ee4a961cde1cff0fbe0dae5e19efce5c002483,48.0,2026-06-03T16:02:43.915787+00:00,betswirl-chainlink-vrf-v2.5
11050bc3dfc07687bddc1f4153035a0701f7f13ef85de15745663e7a3cf6e334,0x9cCC8e15c58bfEa77D820D1B784f9Ec931B76c3b,161,836d699032768896525cbed9b67dc25c1abdebe17f2dd7e2b17449d9ec660cf0,89.0,2026-06-03T16:02:43.915821+00:00,betswirl-chainlink-vrf-v2.5
11050bc3dfc07687bddc1f4153035a0701f7f13ef85de15745663e7a3cf6e334,0x9cCC8e15c58bfEa77D820D1B784f9Ec931B76c3b,162,faf29dc4e90cc550b868dbb02abe1fc5f88d86c8f94d8272c7d7900f70afecbc,73.0,2026-06-03T16:02:43.915852+00:00,betswirl-chainlink-vrf-v2.5
11050bc3dfc07687bddc1f4153035a0701f7f13ef85de15745663e7a3cf6e334,0x9cCC8e15c58bfEa77D820D1B784f9Ec931B76c3b,163,c823f59632538a0adf6966728c07ab0622440a1703fbf3670039281ba0be9405,82.0,2026-06-03T16:02:43.915882+00:00,betswirl-chainlink-vrf-v2.5
11050bc3dfc07687bddc1f4153035a0701f7f13ef85de15745663e7a3cf6e334,0x9cCC8e15c58bfEa77D820D1B784f9Ec931B76c3b,164,40df27d35bf9201099ea6878080fbd84cbda69b2804cbe4ace099feadd378a07,92.0,2026-06-03T16:02:43.915912+00:00,betswirl-chainlink-vrf-v2.5
11050bc3dfc07687bddc1f4153035a0701f7f13ef85de15745663e7a3cf6e334,0x9cCC8e15c58bfEa77D820D1B784f9Ec931B76c3b,165,c157815eac2a4e43c92a5d5b51cbfa6442d1230eaabe874b148147807b6c29ca,35.0,2026-06-03T16:02:43.915941+00:00,betswirl-chainlink-vrf-v2.5
11050bc3dfc07687bddc1f4153035a0701f7f13ef85de15745663e7a3cf6e334,0x9cCC8e15c58bfEa77D820D1B784f9Ec931B76c3b,166,fa7bccb211196611b52a124f8fddc11dc343405964cb1bd7689689d394b99352,27.0,2026-06-03T16:02:43.915970+00:00,betswirl-chainlink-vrf-v2.5
11050bc3dfc07687bddc1f4153035a0701f7f13ef85de15745663e7a3cf6e334,0x9cCC8e15c58bfEa77D820D1B784f9Ec931B76c3b,167,2505726734f69d61538deb77b6c2d07a5a703d162a444473d28239f9e3ddb907,20.0,2026-06-03T16:02:43.916001+00:00,betswirl-chainlink-vrf-v2.5
11050bc3dfc07687bddc1f4153035a0701f7f13ef85de15745663e7a3cf6e334,0x9cCC8e15c58bfEa77D820D1B784f9Ec931B76c3b,168,ff6b12f3e9c18c6f70bbf6fac3956637c7a50d36a50211e7f0a14154f776d18d,18.0,2026-06-03T16:02:43.916031+00:00,betswirl-chainlink-vrf-v2.5
11050bc3dfc07687bddc1f4153035a0701f7f13ef85de15745663e7a3cf6e334,0x9cCC8e15c58bfEa77D820D1B784f9Ec931B76c3b,169,695e5fe7a08a54bbcaec93111a6b44649c63dd37bf2a9a5e157210eb746ec54d,66.0,2026-06-03T16:02:43.916061+00:00,betswirl-chainlink-vrf-v2.5
11050bc3dfc07687bddc1f4153035a0701f7f13ef85de15745663e7a3cf6e334,0x9cCC8e15c58bfEa77D820D1B784f9Ec931B76c3b,170,64fad35597d76035ece57ab8cf064d381ca8a247645b20c5d46c9a6932be2b17,68.0,2026-06-03T16:02:43.916090+00:00,betswirl-chainlink-vrf-v2.5
11050bc3dfc07687bddc1f4153035a0701f7f13ef85de15745663e7a3cf6e334,0x9cCC8e15c58bfEa77D820D1B784f9Ec931B76c3b,171,48d0647d6c6e1c7b311e726baba74a896ba05d95934e5321f57d77f2886ecff7,100.0,2026-06-03T16:02:43.916125+00:00,betswirl-chainlink-vrf-v2.5
11050bc3dfc07687bddc1f4153035a0701f7f13ef85de15745663e7a3cf6e334,0x9cCC8e15c58bfEa77D820D1B784f9Ec931B76c3b,172,2bf1b45b5504d4113a221691d60d2c9f062dea28937ba8d0c1129958bd044d9f,100.0,2026-06-03T16:02:43.916158+00:00,betswirl-chainlink-vrf-v2.5
11050bc3dfc07687bddc1f4153035a0701f7f13ef85de15745663e7a3cf6e334,0x9cCC8e15c58bfEa77D820D1B784f9Ec931B76c3b,173,aabb11964a7c697e8f64d8563cb1ec0766030acab3643fa0f1c9778ffe2afed5,70.0,2026-06-03T16:02:43.916187+00:00,betswirl-chainlink-vrf-v2.5
11050bc3dfc07687bddc1f4153035a0701f7f13ef85de15745663e7a3cf6e334,0x9cCC8e15c58bfEa77D820D1B784f9Ec931B76c3b,174,909998eacd157815a09e0dc84443a78ad1b6e07a894a36387d0be0b03dfad258,5.0,2026-06-03T16:02:43.916216+00:00,betswirl-chainlink-vrf-v2.5
11050bc3dfc07687bddc1f4153035a0701f7f13ef85de15745663e7a3cf6e334,0x9cCC8e15c58bfEa77D820D1B784f9Ec931B76c3b,175,2a5ec35ef37d6cb3904a1662a67e8f9bb3ffd51bae11b42b3e5e34800a17115a,23.0,2026-06-03T16:02:43.916246+00:00,betswirl-chainlink-vrf-v2.5
11050bc3dfc07687bddc1f4153035a0701f7f13ef85de15745663e7a3cf6e334,0x9cCC8e15c58bfEa77D820D1B784f9Ec931B76c3b,176,091c915dda7fdc43fe73481759298d003df02079d22ca4715e9d29f3fd847d4e,11.0,2026-06-03T16:02:43.916276+00:00,betswirl-chainlink-vrf-v2.5
11050bc3dfc07687bddc1f4153035a0701f7f13ef85de15745663e7a3cf6e334,0x9cCC8e15c58bfEa77D820D1B784f9Ec931B76c3b,177,d9ed918d9d5af9254882cff0157caa7d29f64ea68916abeb8f0a8a24f6010b1e,39.0,2026-06-03T16:02:43.916306+00:00,betswirl-chainlink-vrf-v2.5
11050bc3dfc07687bddc1f4153035a0701f7f13ef85de15745663e7a3cf6e334,0x9cCC8e15c58bfEa77D820D1B784f9Ec931B76c3b,178,144ecb7553450dd0310c431dcf9d169f1702d1dd4736ea28da05acaae7ea559a,47.0,2026-06-03T16:02:43.916336+00:00,betswirl-chainlink-vrf-v2.5
11050bc3dfc07687bddc1f4153035a0701f7f13ef85de15745663e7a3cf6e334,0x9cCC8e15c58bfEa77D820D1B784f9Ec931B76c3b,179,4f41ce7c6bee09be8e96c987062c9e4a305c05b06bac5edbe0a244b7714d2e98,97.0,2026-06-03T16:02:43.916366+00:00,betswirl-chainlink-vrf-v2.5
11050bc3dfc07687bddc1f4153035a0701f7f13ef85de15745663e7a3cf6e334,0x9cCC8e15c58bfEa77D820D1B784f9Ec931B76c3b,180,ada7c3d9cd845cd6350539044bf551947caf11c389c9c344a24b51a41c1f5c40,13.0,2026-06-03T16:02:43.916398+00:00,betswirl-chainlink-vrf-v2.5
11050bc3dfc07687bddc1f4153035a0701f7f13ef85de15745663e7a3cf6e334,0x9cCC8e15c58bfEa77D820D1B784f9Ec931B76c3b,181,9656259bdc2e4a9ac5db40e168e2400950d0918a2446e683f0e9e1eb21e6648e,47.0,2026-06-03T16:02:43.916429+00:00,betswirl-chainlink-vrf-v2.5
11050bc3dfc07687bddc1f4153035a0701f7f13ef85de15745663e7a3cf6e334,0x9cCC8e15c58bfEa77D820D1B784f9Ec931B76c3b,182,c3d08961b695c9fb636252092cb72582185913e2db85b167eba051411a7f136c,49.0,2026-06-03T16:02:43.916459+00:00,betswirl-chainlink-vrf-v2.5
11050bc3dfc07687bddc1f4153035a0701f7f13ef85de15745663e7a3cf6e334,0x9cCC8e15c58bfEa77D820D1B784f9Ec931B76c3b,183,6f520b2a55b4832a510f7c2db687695239a085c3a65670f488db8b05eaae8cac,61.0,2026-06-03T16:02:43.916489+00:00,betswirl-chainlink-vrf-v2.5
11050bc3dfc07687bddc1f4153035a0701f7f13ef85de15745663e7a3cf6e334,0x9cCC8e15c58bfEa77D820D1B784f9Ec931B76c3b,184,0b355c11a1ac075f115dce6695529b86828366add0e8352b713fb90d28c3e3e9,18.0,2026-06-03T16:02:43.916521+00:00,betswirl-chainlink-vrf-v2.5
11050bc3dfc07687bddc1f4153035a0701f7f13ef85de15745663e7a3cf6e334,0x9cCC8e15c58bfEa77D820D1B784f9Ec931B76c3b,185,f0032d27ed8c005239fe5aec628ab77a4b7112cacd2953990fa0b1aba631c99f,48.0,2026-06-03T16:02:43.916562+00:00,betswirl-chainlink-vrf-v2.5
11050bc3dfc07687bddc1f4153035a0701f7f13ef85de15745663e7a3cf6e334,0x9cCC8e15c58bfEa77D820D1B784f9Ec931B76c3b,186,8e304f9c402e2a64099a37f536110631335cddc0d98511be91b12dcbd36d07be,67.0,2026-06-03T16:02:43.916592+00:00,betswirl-chainlink-vrf-v2.5
11050bc3dfc07687bddc1f4153035a0701f7f13ef85de15745663e7a3cf6e334,0x9cCC8e15c58bfEa77D820D1B784f9Ec931B76c3b,187,722ccfff4a1bde4af709e8aa63ab9c1d41ca8c99f14f83194d6e84636624ac0c,97.0,2026-06-03T16:02:43.916621+00:00,betswirl-chainlink-vrf-v2.5
11050bc3dfc07687bddc1f4153035a0701f7f13ef85de15745663e7a3cf6e334,0x9cCC8e15c58bfEa77D820D1B784f9Ec931B76c3b,188,e9f7137e482a45df1217d0f37c7fe74231ed5522acf65ef0896322cfdc1bae65,58.0,2026-06-03T16:02:43.916652+00:00,betswirl-chainlink-vrf-v2.5
11050bc3dfc07687bddc1f4153035a0701f7f13ef85de15745663e7a3cf6e334,0x9cCC8e15c58bfEa77D820D1B784f9Ec931B76c3b,189,378a645b443eaf1c136ba69517abdcfae69d4f2c952534ba5e4ef692419283eb,28.0,2026-06-03T16:02:43.916682+00:00,betswirl-chainlink-vrf-v2.5
11050bc3dfc07687bddc1f4153035a0701f7f13ef85de15745663e7a3cf6e334,0x9cCC8e15c58bfEa77D820D1B784f9Ec931B76c3b,190,82a21e8348820beb45aa840bf3211784046ef83c7db406e0c0da35d3bcaf8439,58.0,2026-06-03T16:02:43.916711+00:00,betswirl-chainlink-vrf-v2.5
11050bc3dfc07687bddc1f4153035a0701f7f13ef85de15745663e7a3cf6e334,0x9cCC8e15c58bfEa77D820D1B784f9Ec931B76c3b,191,90abd6952788e2d1a42116128e24e9d0e39a8eaf65013d75b99405597ea7ed69,50.0,2026-06-03T16:02:43.916739+00:00,betswirl-chainlink-vrf-v2.5
11050bc3dfc07687bddc1f4153035a0701f7f13ef85de15745663e7a3cf6e334,0x9cCC8e15c58bfEa77D820D1B784f9Ec931B76c3b,192,4ee0200ddf53de71e23fd0f7085f49147691aab1d28dc9390ad9475763324fb0,17.0,2026-06-03T16:02:43.916771+00:00,betswirl-chainlink-vrf-v2.5
11050bc3dfc07687bddc1f4153035a0701f7f13ef85de15745663e7a3cf6e334,0x9cCC8e15c58bfEa77D820D1B784f9Ec931B76c3b,193,fb9cd4c95a003f08d416a8bb96ccf0f1788bee5dee5873f30613c1406faed7ba,3.0,2026-06-03T16:02:43.916800+00:00,betswirl-chainlink-vrf-v2.5
11050bc3dfc07687bddc1f4153035a0701f7f13ef85de15745663e7a3cf6e334,0x9cCC8e15c58bfEa77D820D1B784f9Ec931B76c3b,194,8ed9b0b551268fdee62cc05b9364319a2d8ff9f2507a4f7401061a69e9a948d6,15.0,2026-06-03T16:02:43.916830+00:00,betswirl-chainlink-vrf-v2.5
11050bc3dfc07687bddc1f4153035a0701f7f13ef85de15745663e7a3cf6e334,0x9cCC8e15c58bfEa77D820D1B784f9Ec931B76c3b,195,69d524262a33e975f5582317c544c23691e66e69d9b850ad304b982b3c4a7b07,96.0,2026-06-03T16:02:43.916859+00:00,betswirl-chainlink-vrf-v2.5
11050bc3dfc07687bddc1f4153035a0701f7f13ef85de15745663e7a3cf6e334,0x9cCC8e15c58bfEa77D820D1B784f9Ec931B76c3b,196,621b34535c0426b5e495f9d979d77aaa56bf437d439c76e91752f3b17dd0fd3b,80.0,2026-06-03T16:02:43.916887+00:00,betswirl-chainlink-vrf-v2.5
11050bc3dfc07687bddc1f4153035a0701f7f13ef85de15745663e7a3cf6e334,0x9cCC8e15c58bfEa77D820D1B784f9Ec931B76c3b,197,f1051d668b7bd6b3ce39e7e19858de942c1de7c2398532b191cf425bbab22a7e,63.0,2026-06-03T16:02:43.916918+00:00,betswirl-chainlink-vrf-v2.5
11050bc3dfc07687bddc1f4153035a0701f7f13ef85de15745663e7a3cf6e334,0x9cCC8e15c58bfEa77D820D1B784f9Ec931B76c3b,198,96131309205ff1c0163b9c97427eb79e4821999285d719fe80091143c02c8dff,48.0,2026-06-03T16:02:43.916949+00:00,betswirl-chainlink-vrf-v2.5
11050bc3dfc07687bddc1f4153035a0701f7f13ef85de15745663e7a3cf6e334,0x9cCC8e15c58bfEa77D820D1B784f9Ec931B76c3b,199,dcc9db0c382eb64b7168e32a724ee88d75c9e94ff70d0dd825034a7184a7bd94,45.0,2026-06-03T16:02:43.916981+00:00,betswirl-chainlink-vrf-v2.5
11050bc3dfc07687bddc1f4153035a0701f7f13ef85de15745663e7a3cf6e334,0x9cCC8e15c58bfEa77D820D1B784f9Ec931B76c3b,200,6f63d614c9ac2f39eacde49ea42ae6550e574700f6d8061f769f733208e17e7c,89.0,2026-06-03T16:02:43.917008+00:00,betswirl-chainlink-vrf-v2.5
11050bc3dfc07687bddc1f4153035a0701f7f13ef85de15745663e7a3cf6e334,0x9cCC8e15c58bfEa77D820D1B784f9Ec931B76c3b,201,81505ea2906de11beff21141deaefca8f65368bf4914d2be221421045015b18e,43.0,2026-06-03T16:02:43.917036+00:00,betswirl-chainlink-vrf-v2.5
11050bc3dfc07687bddc1f4153035a0701f7f13ef85de15745663e7a3cf6e334,0x9cCC8e15c58bfEa77D820D1B784f9Ec931B76c3b,202,79f0862087f28f150d541896e8e6e1c41a0f158c3c122d8b7f528fe515336daa,19.0,2026-06-03T16:02:43.917064+00:00,betswirl-chainlink-vrf-v2.5
11050bc3dfc07687bddc1f4153035a0701f7f13ef85de15745663e7a3cf6e334,0x9cCC8e15c58bfEa77D820D1B784f9Ec931B76c3b,203,b199be3b13cb029baaa29713494f9b9204c5df06a0cd28fcb97395619be90887,88.0,2026-06-03T16:02:43.917092+00:00,betswirl-chainlink-vrf-v2.5
11050bc3dfc07687bddc1f4153035a0701f7f13ef85de15745663e7a3cf6e334,0x9cCC8e15c58bfEa77D820D1B784f9Ec931B76c3b,204,706c6499ce6bdcfd27bfb8794770a61d7e95320a076838735cd9f32d5f1702a4,81.0,2026-06-03T16:02:43.917120+00:00,betswirl-chainlink-vrf-v2.5
11050bc3dfc07687bddc1f4153035a0701f7f13ef85de15745663e7a3cf6e334,0x9cCC8e15c58bfEa77D820D1B784f9Ec931B76c3b,205,b49817dfb1cbe87aefd0ecaa67f72e7b237fefb983bdeeca4e77a689228e0932,91.0,2026-06-03T16:02:43.917149+00:00,betswirl-chainlink-vrf-v2.5
11050bc3dfc07687bddc1f4153035a0701f7f13ef85de15745663e7a3cf6e334,0x9cCC8e15c58bfEa77D820D1B784f9Ec931B76c3b,206,e3d70999dba20a73968459935ce0cb0b1de414f8c36098e866b4ba2edc1e4cca,91.0,2026-06-03T16:02:43.917176+00:00,betswirl-chainlink-vrf-v2.5
11050bc3dfc07687bddc1f4153035a0701f7f13ef85de15745663e7a3cf6e334,0x9cCC8e15c58bfEa77D820D1B784f9Ec931B76c3b,207,374571fee97904ee0b2535dd1884b819aefde5eb08d3aedf4b0ed756434785a1,74.0,2026-06-03T16:02:43.917203+00:00,betswirl-chainlink-vrf-v2.5
11050bc3dfc07687bddc1f4153035a0701f7f13ef85de15745663e7a3cf6e334,0x9cCC8e15c58bfEa77D820D1B784f9Ec931B76c3b,208,a77f8b4fcf508920f88942f3eb39274c18f385fe5b3710a7deb5f4da46565b06,51.0,2026-06-03T16:02:43.917233+00:00,betswirl-chainlink-vrf-v2.5
11050bc3dfc07687bddc1f4153035a0701f7f13ef85de15745663e7a3cf6e334,0x9cCC8e15c58bfEa77D820D1B784f9Ec931B76c3b,209,8e71bbab50aedf5f85140c601c3fee8ef509d582c5326ee797cc83efc1d7634d,22.0,2026-06-03T16:02:43.917264+00:00,betswirl-chainlink-vrf-v2.5
11050bc3dfc07687bddc1f4153035a0701f7f13ef85de15745663e7a3cf6e334,0x9cCC8e15c58bfEa77D820D1B784f9Ec931B76c3b,210,c247b2655e1e67604094c778b5022879480829c45a426419ac37707ebd7a6870,53.0,2026-06-03T16:02:43.917296+00:00,betswirl-chainlink-vrf-v2.5
11050bc3dfc07687bddc1f4153035a0701f7f13ef85de15745663e7a3cf6e334,0x9cCC8e15c58bfEa77D820D1B784f9Ec931B76c3b,211,639d2827cbc2a72b4fc565f15576646acc3d6cb2e64e9fbdb34b1eedf69ab585,62.0,2026-06-03T16:02:43.917329+00:00,betswirl-chainlink-vrf-v2.5
11050bc3dfc07687bddc1f4153035a0701f7f13ef85de15745663e7a3cf6e334,0x9cCC8e15c58bfEa77D820D1B784f9Ec931B76c3b,212,b4ced36c27d4266b7d72aff2edc38e462f70004bb36f45b63e0dcf4dd03555c6,55.0,2026-06-03T16:02:43.917364+00:00,betswirl-chainlink-vrf-v2.5
11050bc3dfc07687bddc1f4153035a0701f7f13ef85de15745663e7a3cf6e334,0x9cCC8e15c58bfEa77D820D1B784f9Ec931B76c3b,213,24dd14aef6b1cc91de11b78f9d842892355eec6a00c45a9d7bbd74bfde411504,17.0,2026-06-03T16:02:43.917415+00:00,betswirl-chainlink-vrf-v2.5
11050bc3dfc07687bddc1f4153035a0701f7f13ef85de15745663e7a3cf6e334,0x9cCC8e15c58bfEa77D820D1B784f9Ec931B76c3b,214,b1110457b7ef4b7321fc18c8e59ffd4b5d4d38b1efd76e4d1777d198815f3689,30.0,2026-06-03T16:02:43.917490+00:00,betswirl-chainlink-vrf-v2.5
11050bc3dfc07687bddc1f4153035a0701f7f13ef85de15745663e7a3cf6e334,0x9cCC8e15c58bfEa77D820D1B784f9Ec931B76c3b,215,5dfe1e4496dd84d5a0683e8ed98862f5a0e86d6449b8445c6cf949288e0012d9,26.0,2026-06-03T16:02:43.917551+00:00,betswirl-chainlink-vrf-v2.5
11050bc3dfc07687bddc1f4153035a0701f7f13ef85de15745663e7a3cf6e334,0x9cCC8e15c58bfEa77D820D1B784f9Ec931B76c3b,216,07e3ad2901bf5a9c3206d071ddb462770294efa991fc8a54a66727fbff239efc,73.0,2026-06-03T16:02:43.917605+00:00,betswirl-chainlink-vrf-v2.5
11050bc3dfc07687bddc1f4153035a0701f7f13ef85de15745663e7a3cf6e334,0x9cCC8e15c58bfEa77D820D1B784f9Ec931B76c3b,217,b287eeb10718eb6cf2e4dcdb8b3f7b8bc17e653edc37733ad21c85923ae6f79d,70.0,2026-06-03T16:02:43.917660+00:00,betswirl-chainlink-vrf-v2.5
11050bc3dfc07687bddc1f4153035a0701f7f13ef85de15745663e7a3cf6e334,0x9cCC8e15c58bfEa77D820D1B784f9Ec931B76c3b,218,61eb949c56770d06e7a6865b76d23dd23881cd4fd19e95e1f69857049a51d8eb,12.0,2026-06-03T16:02:43.917710+00:00,betswirl-chainlink-vrf-v2.5
11050bc3dfc07687bddc1f4153035a0701f7f13ef85de15745663e7a3cf6e334,0x9cCC8e15c58bfEa77D820D1B784f9Ec931B76c3b,219,401304b26e9443faf6da3422d8ce1f3f610c7c9c682e2e19170497e26884fbc6,11.0,2026-06-03T16:02:43.917766+00:00,betswirl-chainlink-vrf-v2.5
11050bc3dfc07687bddc1f4153035a0701f7f13ef85de15745663e7a3cf6e334,0x9cCC8e15c58bfEa77D820D1B784f9Ec931B76c3b,220,d2b547011bcb0fe9f9735b8bc4fc0f95ab290e0df47de4b4d946e846c545ded4,33.0,2026-06-03T16:02:43.917822+00:00,betswirl-chainlink-vrf-v2.5
11050bc3dfc07687bddc1f4153035a0701f7f13ef85de15745663e7a3cf6e334,0x9cCC8e15c58bfEa77D820D1B784f9Ec931B76c3b,221,d7fa95b183d3dd6387f0faa5ef4fcaa976a1fd307d5dfef9d8e13c9c4321c5e3,60.0,2026-06-03T16:02:43.917872+00:00,betswirl-chainlink-vrf-v2.5
11050bc3dfc07687bddc1f4153035a0701f7f13ef85de15745663e7a3cf6e334,0x9cCC8e15c58bfEa77D820D1B784f9Ec931B76c3b,222,87e99ea93fb71bfbf9eeedb7679319761213e998426138cb72b81121b6825df2,79.0,2026-06-03T16:02:43.917919+00:00,betswirl-chainlink-vrf-v2.5
11050bc3dfc07687bddc1f4153035a0701f7f13ef85de15745663e7a3cf6e334,0x9cCC8e15c58bfEa77D820D1B784f9Ec931B76c3b,223,f43772561a5ee4b19fa9595c82d4f4f3aed192a07dee842e9432cbc6da1554ab,16.0,2026-06-03T16:02:43.917964+00:00,betswirl-chainlink-vrf-v2.5
11050bc3dfc07687bddc1f4153035a0701f7f13ef85de15745663e7a3cf6e334,0x9cCC8e15c58bfEa77D820D1B784f9Ec931B76c3b,224,f4aa476e5aa8edc28d8c800a97e6597298a5abc0ceb256ad9760bc95aa1d214e,55.0,2026-06-03T16:02:43.918019+00:00,betswirl-chainlink-vrf-v2.5
11050bc3dfc07687bddc1f4153035a0701f7f13ef85de15745663e7a3cf6e334,0x9cCC8e15c58bfEa77D820D1B784f9Ec931B76c3b,225,8bf221df6ca905115384764cdd47287f628dad62f67a4b1e6924cb5284686e31,14.0,2026-06-03T16:02:43.918065+00:00,betswirl-chainlink-vrf-v2.5
11050bc3dfc07687bddc1f4153035a0701f7f13ef85de15745663e7a3cf6e334,0x9cCC8e15c58bfEa77D820D1B784f9Ec931B76c3b,226,985d13856f9a1e42b7d55b760feeedcf6ba6c37d216ddcaa45c32393aff5239f,76.0,2026-06-03T16:02:43.918110+00:00,betswirl-chainlink-vrf-v2.5
11050bc3dfc07687bddc1f4153035a0701f7f13ef85de15745663e7a3cf6e334,0x9cCC8e15c58bfEa77D820D1B784f9Ec931B76c3b,227,63df6771503e2584e22b9e5b7ed4d65ecc4e98579d75d3cb456f439e97822d46,99.0,2026-06-03T16:02:43.918155+00:00,betswirl-chainlink-vrf-v2.5
11050bc3dfc07687bddc1f4153035a0701f7f13ef85de15745663e7a3cf6e334,0x9cCC8e15c58bfEa77D820D1B784f9Ec931B76c3b,228,d15da11c19463dd803b535377008b39902c3b75f1f469e5af2f2ff4508034472,83.0,2026-06-03T16:02:43.918198+00:00,betswirl-chainlink-vrf-v2.5
11050bc3dfc07687bddc1f4153035a0701f7f13ef85de15745663e7a3cf6e334,0x9cCC8e15c58bfEa77D820D1B784f9Ec931B76c3b,229,549c8ad2e4b7ac04afab69881529c118f35ddb5140474eed888073ae294285fc,33.0,2026-06-03T16:02:43.918242+00:00,betswirl-chainlink-vrf-v2.5
11050bc3dfc07687bddc1f4153035a0701f7f13ef85de15745663e7a3cf6e334,0x9cCC8e15c58bfEa77D820D1B784f9Ec931B76c3b,230,0585217b378bd69ff6643d6c4b6c935de5a3011a4b58621c11523af1b17fca33,68.0,2026-06-03T16:02:43.918284+00:00,betswirl-chainlink-vrf-v2.5
11050bc3dfc07687bddc1f4153035a0701f7f13ef85de15745663e7a3cf6e334,0x9cCC8e15c58bfEa77D820D1B784f9Ec931B76c3b,231,89158c09a97bb0d0f5c002d1e86ad97796038a5dc0d41aa9affb1482a147f6f4,57.0,2026-06-03T16:02:43.918325+00:00,betswirl-chainlink-vrf-v2.5
11050bc3dfc07687bddc1f4153035a0701f7f13ef85de15745663e7a3cf6e334,0x9cCC8e15c58bfEa77D820D1B784f9Ec931B76c3b,232,71c84e833885171a6df24fcf9b588a08761a06aa195643fc194f4d13919c2b33,12.0,2026-06-03T16:02:43.918364+00:00,betswirl-chainlink-vrf-v2.5
11050bc3dfc07687bddc1f4153035a0701f7f13ef85de15745663e7a3cf6e334,0x9cCC8e15c58bfEa77D820D1B784f9Ec931B76c3b,233,7efdb9783f766459aff260b1de02cce302dcfb4c4b56110ef05cfe6cffbad0c6,27.0,2026-06-03T16:02:43.918436+00:00,betswirl-chainlink-vrf-v2.5
11050bc3dfc07687bddc1f4153035a0701f7f13ef85de15745663e7a3cf6e334,0x9cCC8e15c58bfEa77D820D1B784f9Ec931B76c3b,234,918ea9973d290c40cb49de3676182f7e951d1f9b54cff0ed47545b011b794d6c,5.0,2026-06-03T16:02:43.918507+00:00,betswirl-chainlink-vrf-v2.5
11050bc3dfc07687bddc1f4153035a0701f7f13ef85de15745663e7a3cf6e334,0x9cCC8e15c58bfEa77D820D1B784f9Ec931B76c3b,235,a38bb14efcc0fbd83f6341b819f033bef1bf9c8269588b401ee9d0b425578dc9,82.0,2026-06-03T16:02:43.918590+00:00,betswirl-chainlink-vrf-v2.5
11050bc3dfc07687bddc1f4153035a0701f7f13ef85de15745663e7a3cf6e334,0x9cCC8e15c58bfEa77D820D1B784f9Ec931B76c3b,236,0e75ec6095fb9b588815c8ebbb6d8589764955dfc869dfdd345e4cca56ce1ae8,37.0,2026-06-03T16:02:43.918637+00:00,betswirl-chainlink-vrf-v2.5
11050bc3dfc07687bddc1f4153035a0701f7f13ef85de15745663e7a3cf6e334,0x9cCC8e15c58bfEa77D820D1B784f9Ec931B76c3b,237,897727e87ba3f560993ad5ed75ad074b039714b7a0390961dfe70dc9527d0229,46.0,2026-06-03T16:02:43.918675+00:00,betswirl-chainlink-vrf-v2.5
11050bc3dfc07687bddc1f4153035a0701f7f13ef85de15745663e7a3cf6e334,0x9cCC8e15c58bfEa77D820D1B784f9Ec931B76c3b,238,74855faaf693ace234cbbfc276cf29f2ee29fa3b910ee0f8ab4f26b700211bd0,97.0,2026-06-03T16:02:43.918711+00:00,betswirl-chainlink-vrf-v2.5
11050bc3dfc07687bddc1f4153035a0701f7f13ef85de15745663e7a3cf6e334,0x9cCC8e15c58bfEa77D820D1B784f9Ec931B76c3b,239,d982c7e1bbd9331727ee60d0035862a68cc4447242d982736183fba1ba6c6adf,40.0,2026-06-03T16:02:43.918743+00:00,betswirl-chainlink-vrf-v2.5
11050bc3dfc07687bddc1f4153035a0701f7f13ef85de15745663e7a3cf6e334,0x9cCC8e15c58bfEa77D820D1B784f9Ec931B76c3b,240,d2b64f4a588ccdfcbca1a4dead19d8a247d369149d919d8d7c740e81b6b6101f,48.0,2026-06-03T16:02:43.918778+00:00,betswirl-chainlink-vrf-v2.5
11050bc3dfc07687bddc1f4153035a0701f7f13ef85de15745663e7a3cf6e334,0x9cCC8e15c58bfEa77D820D1B784f9Ec931B76c3b,241,67999eb490adc1f1fb9f7fb7ff810fd81544567157370599639e0d74140c9839,66.0,2026-06-03T16:02:43.918812+00:00,betswirl-chainlink-vrf-v2.5
11050bc3dfc07687bddc1f4153035a0701f7f13ef85de15745663e7a3cf6e334,0x9cCC8e15c58bfEa77D820D1B784f9Ec931B76c3b,242,42c7cb54a50c389af822af5d335b2e04bfdfdfe3b3d2e6f359d24c487899b184,37.0,2026-06-03T16:02:43.918845+00:00,betswirl-chainlink-vrf-v2.5
11050bc3dfc07687bddc1f4153035a0701f7f13ef85de15745663e7a3cf6e334,0x9cCC8e15c58bfEa77D820D1B784f9Ec931B76c3b,243,46fb65133cdf4c0a76d836af900c2526ce30cada3e6a728831f496f9bbc675d3,52.0,2026-06-03T16:02:43.918876+00:00,betswirl-chainlink-vrf-v2.5
11050bc3dfc07687bddc1f4153035a0701f7f13ef85de15745663e7a3cf6e334,0x9cCC8e15c58bfEa77D820D1B784f9Ec931B76c3b,244,4097a7fd7211eb1053704aaa43625754b541eee30707e22869964c71c9e2196c,53.0,2026-06-03T16:02:43.918908+00:00,betswirl-chainlink-vrf-v2.5
11050bc3dfc07687bddc1f4153035a0701f7f13ef85de15745663e7a3cf6e334,0x9cCC8e15c58bfEa77D820D1B784f9Ec931B76c3b,245,cf463a9b83d5d2702a90d251833415b9e922f9477f812033813fddfc70eef8e6,67.0,2026-06-03T16:02:43.918941+00:00,betswirl-chainlink-vrf-v2.5
11050bc3dfc07687bddc1f4153035a0701f7f13ef85de15745663e7a3cf6e334,0x9cCC8e15c58bfEa77D820D1B784f9Ec931B76c3b,246,ee7a19987c582694fddc88815863eed1656b77b4f009b296ffacd4ebc0c88730,21.0,2026-06-03T16:02:43.918976+00:00,betswirl-chainlink-vrf-v2.5
11050bc3dfc07687bddc1f4153035a0701f7f13ef85de15745663e7a3cf6e334,0x9cCC8e15c58bfEa77D820D1B784f9Ec931B76c3b,247,f52f974df3ec9428dfbdc1cf89473086e3ea33051dbb6686fe3c01f170fcd0ff,72.0,2026-06-03T16:02:43.919019+00:00,betswirl-chainlink-vrf-v2.5
11050bc3dfc07687bddc1f4153035a0701f7f13ef85de15745663e7a3cf6e334,0x9cCC8e15c58bfEa77D820D1B784f9Ec931B76c3b,248,5589aef015f3074685552a48977c337c4acfe1826d9d6548f2355c957d54bf27,100.0,2026-06-03T16:02:43.919056+00:00,betswirl-chainlink-vrf-v2.5
11050bc3dfc07687bddc1f4153035a0701f7f13ef85de15745663e7a3cf6e334,0x9cCC8e15c58bfEa77D820D1B784f9Ec931B76c3b,249,b6c2e69f5cb55a0c86f6bab73d5c4d8930258025eb8a83153d2a053a4ffa2aea,83.0,2026-06-03T16:02:43.919088+00:00,betswirl-chainlink-vrf-v2.5
11050bc3dfc07687bddc1f4153035a0701f7f13ef85de15745663e7a3cf6e334,0x9cCC8e15c58bfEa77D820D1B784f9Ec931B76c3b,250,cce0c17c7ac9d284cb123ab5171cf755310e903fdf8fd24ef07a5b9d015f6acc,89.0,2026-06-03T16:02:43.919117+00:00,betswirl-chainlink-vrf-v2.5
11050bc3dfc07687bddc1f4153035a0701f7f13ef85de15745663e7a3cf6e334,0x9cCC8e15c58bfEa77D820D1B784f9Ec931B76c3b,251,d9c9e3cb5cdc5cb4578785599e5b6a8ac2f134b3cf3d8d307469206246a4c4f2,31.0,2026-06-03T16:02:43.919147+00:00,betswirl-chainlink-vrf-v2.5
11050bc3dfc07687bddc1f4153035a0701f7f13ef85de15745663e7a3cf6e334,0x9cCC8e15c58bfEa77D820D1B784f9Ec931B76c3b,252,f71d4a69c489f933bf2ed6df7e42e75a24cff2f7a6a1d316b4f5f8aa175f1ab3,24.0,2026-06-03T16:02:43.919199+00:00,betswirl-chainlink-vrf-v2.5
11050bc3dfc07687bddc1f4153035a0701f7f13ef85de15745663e7a3cf6e334,0x9cCC8e15c58bfEa77D820D1B784f9Ec931B76c3b,253,300f50100c668f40673b79254cac7fc074f3a18100701e78a008312963cd2543,100.0,2026-06-03T16:02:43.919269+00:00,betswirl-chainlink-vrf-v2.5
11050bc3dfc07687bddc1f4153035a0701f7f13ef85de15745663e7a3cf6e334,0x9cCC8e15c58bfEa77D820D1B784f9Ec931B76c3b,254,a02abeadeb2c08df26e00fc8b1e793563dd34cc15c3e0f569114b9161d931410,49.0,2026-06-03T16:02:43.919311+00:00,betswirl-chainlink-vrf-v2.5
11050bc3dfc07687bddc1f4153035a0701f7f13ef85de15745663e7a3cf6e334,0x9cCC8e15c58bfEa77D820D1B784f9Ec931B76c3b,255,b79f3e19bf48b955e09e617e786f949f5b288f3f595261f2baf64f6a454c3ba7,96.0,2026-06-03T16:02:43.919361+00:00,betswirl-chainlink-vrf-v2.5
11050bc3dfc07687bddc1f4153035a0701f7f13ef85de15745663e7a3cf6e334,0x9cCC8e15c58bfEa77D820D1B784f9Ec931B76c3b,256,b15beff63a2b30237a7f225ced6f6e95afacc2afba51a1d44e0a1c843f0ca0ab,40.0,2026-06-03T16:02:43.919401+00:00,betswirl-chainlink-vrf-v2.5
11050bc3dfc07687bddc1f4153035a0701f7f13ef85de15745663e7a3cf6e334,0x9cCC8e15c58bfEa77D820D1B784f9Ec931B76c3b,257,f7ff0a04ea91ab4eb4b5cb946962731b916ab3cc82ff49d769c22c6d449d6c23,64.0,2026-06-03T16:02:43.919464+00:00,betswirl-chainlink-vrf-v2.5
11050bc3dfc07687bddc1f4153035a0701f7f13ef85de15745663e7a3cf6e334,0x9cCC8e15c58bfEa77D820D1B784f9Ec931B76c3b,258,da4c2221df5beec5005ec8ffb24859daaba6b90ac6934facf0d0a5e9ff497863,88.0,2026-06-03T16:02:43.919519+00:00,betswirl-chainlink-vrf-v2.5
11050bc3dfc07687bddc1f4153035a0701f7f13ef85de15745663e7a3cf6e334,0x9cCC8e15c58bfEa77D820D1B784f9Ec931B76c3b,259,cf2e700232a0e9ce40f0ebb62c8287731b20dae0df976d6c8d8f4879502009c2,11.0,2026-06-03T16:02:43.919551+00:00,betswirl-chainlink-vrf-v2.5
11050bc3dfc07687bddc1f4153035a0701f7f13ef85de15745663e7a3cf6e334,0x9cCC8e15c58bfEa77D820D1B784f9Ec931B76c3b,260,b7663e34f47ecbfc10794c0bcad46f05aaef6624fa1f99d4e3ee6bdb73f6ed16,83.0,2026-06-03T16:02:43.919593+00:00,betswirl-chainlink-vrf-v2.5
11050bc3dfc07687bddc1f4153035a0701f7f13ef85de15745663e7a3cf6e334,0x9cCC8e15c58bfEa77D820D1B784f9Ec931B76c3b,261,085d52be033c301ea24621103c36d2227b038ecc39cf5d3bf1b70f5f66b06310,49.0,2026-06-03T16:02:43.919658+00:00,betswirl-chainlink-vrf-v2.5
11050bc3dfc07687bddc1f4153035a0701f7f13ef85de15745663e7a3cf6e334,0x9cCC8e15c58bfEa77D820D1B784f9Ec931B76c3b,262,447795d066287042b296cc6946171360a047f347b1478099583467221f81b604,17.0,2026-06-03T16:02:43.919709+00:00,betswirl-chainlink-vrf-v2.5
11050bc3dfc07687bddc1f4153035a0701f7f13ef85de15745663e7a3cf6e334,0x9cCC8e15c58bfEa77D820D1B784f9Ec931B76c3b,263,f3247b629feffed02a4e9054577ae86acd2edc4bb0ef00cf4f3d11d46f209e4f,28.0,2026-06-03T16:02:43.919755+00:00,betswirl-chainlink-vrf-v2.5
11050bc3dfc07687bddc1f4153035a0701f7f13ef85de15745663e7a3cf6e334,0x9cCC8e15c58bfEa77D820D1B784f9Ec931B76c3b,264,e26c982ecb629267d4c16aacba893f402f268abf847f630cf8cf3dfdf8614ef8,85.0,2026-06-03T16:02:43.919804+00:00,betswirl-chainlink-vrf-v2.5
11050bc3dfc07687bddc1f4153035a0701f7f13ef85de15745663e7a3cf6e334,0x9cCC8e15c58bfEa77D820D1B784f9Ec931B76c3b,265,619b0aa68f99717e18d33d79cbc86276c18f4ee161a1fd16923de16c027d0c04,45.0,2026-06-03T16:02:43.919872+00:00,betswirl-chainlink-vrf-v2.5
11050bc3dfc07687bddc1f4153035a0701f7f13ef85de15745663e7a3cf6e334,0x9cCC8e15c58bfEa77D820D1B784f9Ec931B76c3b,266,426916f5c090271b4b3b08baf89bda43a04cb6d2269a54d9f2f57e1b9d9e3c67,96.0,2026-06-03T16:02:43.919924+00:00,betswirl-chainlink-vrf-v2.5
11050bc3dfc07687bddc1f4153035a0701f7f13ef85de15745663e7a3cf6e334,0x9cCC8e15c58bfEa77D820D1B784f9Ec931B76c3b,267,fa209ed2792ec1167cdac49a3aa903efbcdb66b467cb398781aa0dfaab8f210e,99.0,2026-06-03T16:02:43.919952+00:00,betswirl-chainlink-vrf-v2.5
11050bc3dfc07687bddc1f4153035a0701f7f13ef85de15745663e7a3cf6e334,0x9cCC8e15c58bfEa77D820D1B784f9Ec931B76c3b,268,bc31764e4e3e74a2974364e462498665151f8a9f9a7441976652e29979988e5d,70.0,2026-06-03T16:02:43.919995+00:00,betswirl-chainlink-vrf-v2.5
11050bc3dfc07687bddc1f4153035a0701f7f13ef85de15745663e7a3cf6e334,0x9cCC8e15c58bfEa77D820D1B784f9Ec931B76c3b,269,ea236e42cb85a75f83bc7f272df95f0d4684eae1e26d032f47ecf331e2c8c7b5,42.0,2026-06-03T16:02:43.920032+00:00,betswirl-chainlink-vrf-v2.5
11050bc3dfc07687bddc1f4153035a0701f7f13ef85de15745663e7a3cf6e334,0x9cCC8e15c58bfEa77D820D1B784f9Ec931B76c3b,270,1694cbdcdd3d3b8050a9671091eea5b784d5822dee7cac56ab8eab7375585707,80.0,2026-06-03T16:02:43.920104+00:00,betswirl-chainlink-vrf-v2.5
11050bc3dfc07687bddc1f4153035a0701f7f13ef85de15745663e7a3cf6e334,0x9cCC8e15c58bfEa77D820D1B784f9Ec931B76c3b,271,793232ffcdcbc78f10c0c2ab3a055c2f28b255e135dbbcc7428be2b3f025ebfe,15.0,2026-06-03T16:02:43.920176+00:00,betswirl-chainlink-vrf-v2.5
11050bc3dfc07687bddc1f4153035a0701f7f13ef85de15745663e7a3cf6e334,0x9cCC8e15c58bfEa77D820D1B784f9Ec931B76c3b,272,eb9d05698f46d2a076ce5cc5aa5599016422ef14314e2eacedf16c2ab810af87,84.0,2026-06-03T16:02:43.920231+00:00,betswirl-chainlink-vrf-v2.5
11050bc3dfc07687bddc1f4153035a0701f7f13ef85de15745663e7a3cf6e334,0x9cCC8e15c58bfEa77D820D1B784f9Ec931B76c3b,273,d4afd63f90038ef3465b0026d2145209c0fa03d63cf1ffef7070faef891fe077,60.0,2026-06-03T16:02:43.920302+00:00,betswirl-chainlink-vrf-v2.5
11050bc3dfc07687bddc1f4153035a0701f7f13ef85de15745663e7a3cf6e334,0x9cCC8e15c58bfEa77D820D1B784f9Ec931B76c3b,274,f3ee14b0ae1731b4f045e0b3dc3aab9eb30fa85c92f1d56088ba3acd318ae790,65.0,2026-06-03T16:02:43.920358+00:00,betswirl-chainlink-vrf-v2.5
11050bc3dfc07687bddc1f4153035a0701f7f13ef85de15745663e7a3cf6e334,0x9cCC8e15c58bfEa77D820D1B784f9Ec931B76c3b,275,5dabd26d53b8c2f5cd4f8c8170d5505f7cc285632057b30844c6f2f200af66ce,27.0,2026-06-03T16:02:43.920399+00:00,betswirl-chainlink-vrf-v2.5
11050bc3dfc07687bddc1f4153035a0701f7f13ef85de15745663e7a3cf6e334,0x9cCC8e15c58bfEa77D820D1B784f9Ec931B76c3b,276,8aed97799b23c8413a0c70342d0e2d7922ccc18933dbbdcaed16c1df2f416194,53.0,2026-06-03T16:02:43.920467+00:00,betswirl-chainlink-vrf-v2.5
11050bc3dfc07687bddc1f4153035a0701f7f13ef85de15745663e7a3cf6e334,0x9cCC8e15c58bfEa77D820D1B784f9Ec931B76c3b,277,d4ea42a81a915dcaf27a1e886f032b84dacb8dd01f77a5602c2b3cc00e847d99,90.0,2026-06-03T16:02:43.920522+00:00,betswirl-chainlink-vrf-v2.5
11050bc3dfc07687bddc1f4153035a0701f7f13ef85de15745663e7a3cf6e334,0x9cCC8e15c58bfEa77D820D1B784f9Ec931B76c3b,278,d7ff7ecaa6d7cac479aae9823665b11312fcd18f0c19eefdd266633f411e7e40,57.0,2026-06-03T16:02:43.920583+00:00,betswirl-chainlink-vrf-v2.5
11050bc3dfc07687bddc1f4153035a0701f7f13ef85de15745663e7a3cf6e334,0x9cCC8e15c58bfEa77D820D1B784f9Ec931B76c3b,279,babd6771e23b3bf23ab1bee52c635e05cece4a88a05590eff85428d77c773214,29.0,2026-06-03T16:02:43.920614+00:00,betswirl-chainlink-vrf-v2.5
11050bc3dfc07687bddc1f4153035a0701f7f13ef85de15745663e7a3cf6e334,0x9cCC8e15c58bfEa77D820D1B784f9Ec931B76c3b,280,23d5d07adf852cf369b5a9ba04e66d7a1a227d98e852dcb66317bcb2fce27333,88.0,2026-06-03T16:02:43.920644+00:00,betswirl-chainlink-vrf-v2.5
11050bc3dfc07687bddc1f4153035a0701f7f13ef85de15745663e7a3cf6e334,0x9cCC8e15c58bfEa77D820D1B784f9Ec931B76c3b,281,2d5fb2b81fa1424df80df8b0f899946e8eccade6869a10e4b2217d40024a5bbf,56.0,2026-06-03T16:02:43.920673+00:00,betswirl-chainlink-vrf-v2.5
11050bc3dfc07687bddc1f4153035a0701f7f13ef85de15745663e7a3cf6e334,0x9cCC8e15c58bfEa77D820D1B784f9Ec931B76c3b,282,d81838d90c191e9c8ea9f9dc84a06bbf6d13e846675e7a223ae477e8a69cdb9b,28.0,2026-06-03T16:02:43.920702+00:00,betswirl-chainlink-vrf-v2.5
11050bc3dfc07687bddc1f4153035a0701f7f13ef85de15745663e7a3cf6e334,0x9cCC8e15c58bfEa77D820D1B784f9Ec931B76c3b,283,ba762213241ba9bff23b1f8b81a3db89d0067b53b779faf407f8ec2b83823672,91.0,2026-06-03T16:02:43.920729+00:00,betswirl-chainlink-vrf-v2.5
11050bc3dfc07687bddc1f4153035a0701f7f13ef85de15745663e7a3cf6e334,0x9cCC8e15c58bfEa77D820D1B784f9Ec931B76c3b,284,fff7546b265c6f9ee0cf67a3279cb96e201ddadc9b871fe793f3e297a4da8e51,18.0,2026-06-03T16:02:43.920760+00:00,betswirl-chainlink-vrf-v2.5
11050bc3dfc07687bddc1f4153035a0701f7f13ef85de15745663e7a3cf6e334,0x9cCC8e15c58bfEa77D820D1B784f9Ec931B76c3b,285,1f349eb970915074bfe0da493982497336dcc8955de9bbceceb769984198b3bd,94.0,2026-06-03T16:02:43.920810+00:00,betswirl-chainlink-vrf-v2.5
11050bc3dfc07687bddc1f4153035a0701f7f13ef85de15745663e7a3cf6e334,0x9cCC8e15c58bfEa77D820D1B784f9Ec931B76c3b,286,474ea71be94b92e748d2a9650c73e3bdaad575869ca2823bf47fb96083090ee3,68.0,2026-06-03T16:02:43.920868+00:00,betswirl-chainlink-vrf-v2.5
11050bc3dfc07687bddc1f4153035a0701f7f13ef85de15745663e7a3cf6e334,0x9cCC8e15c58bfEa77D820D1B784f9Ec931B76c3b,287,1162fce61c6a9533a1b418c26a57432f5ba07293692e5021952d1e89088a8528,69.0,2026-06-03T16:02:43.920936+00:00,betswirl-chainlink-vrf-v2.5
11050bc3dfc07687bddc1f4153035a0701f7f13ef85de15745663e7a3cf6e334,0x9cCC8e15c58bfEa77D820D1B784f9Ec931B76c3b,288,7eed345a3c8bd2e806cafc6235a5a8a5ec7df5dae0a75a7f0952b9cfd1f78a97,96.0,2026-06-03T16:02:43.920986+00:00,betswirl-chainlink-vrf-v2.5
11050bc3dfc07687bddc1f4153035a0701f7f13ef85de15745663e7a3cf6e334,0x9cCC8e15c58bfEa77D820D1B784f9Ec931B76c3b,289,65076f215ba63d3f90c14821486c43d91f4745c070f970d8663cf5f41af770ff,28.0,2026-06-03T16:02:43.921015+00:00,betswirl-chainlink-vrf-v2.5
11050bc3dfc07687bddc1f4153035a0701f7f13ef85de15745663e7a3cf6e334,0x9cCC8e15c58bfEa77D820D1B784f9Ec931B76c3b,290,7e92362a4590e894bda0331781d734d4f5f119e253f3bea66e7be486d683a809,54.0,2026-06-03T16:02:43.921038+00:00,betswirl-chainlink-vrf-v2.5
11050bc3dfc07687bddc1f4153035a0701f7f13ef85de15745663e7a3cf6e334,0x9cCC8e15c58bfEa77D820D1B784f9Ec931B76c3b,291,192b7bec2dc198f729effcf87e0bdf1b9052ec919b08e149d092135b9993e794,13.0,2026-06-03T16:02:43.921061+00:00,betswirl-chainlink-vrf-v2.5
11050bc3dfc07687bddc1f4153035a0701f7f13ef85de15745663e7a3cf6e334,0x9cCC8e15c58bfEa77D820D1B784f9Ec931B76c3b,292,4c5244b5c9246222f10b7cedbbb49d79771568f554f7e73b1eb471a741b1fc4d,66.0,2026-06-03T16:02:43.921125+00:00,betswirl-chainlink-vrf-v2.5
11050bc3dfc07687bddc1f4153035a0701f7f13ef85de15745663e7a3cf6e334,0x9cCC8e15c58bfEa77D820D1B784f9Ec931B76c3b,293,58f8ba6296fcfc66d7095e128ada6d2cb7cb894c2fb35404827026333ded3e6e,91.0,2026-06-03T16:02:43.921205+00:00,betswirl-chainlink-vrf-v2.5
11050bc3dfc07687bddc1f4153035a0701f7f13ef85de15745663e7a3cf6e334,0x9cCC8e15c58bfEa77D820D1B784f9Ec931B76c3b,294,bec6f72011d272077ec4a4ef2cb8a2eebc7a216f4e31ad2f9baa7d40fb0b2425,54.0,2026-06-03T16:02:43.921270+00:00,betswirl-chainlink-vrf-v2.5
11050bc3dfc07687bddc1f4153035a0701f7f13ef85de15745663e7a3cf6e334,0x9cCC8e15c58bfEa77D820D1B784f9Ec931B76c3b,295,67d55d7b2394faacfe7f30c440c92eb02d1f430740e782666b4d51bcb223e211,26.0,2026-06-03T16:02:43.921316+00:00,betswirl-chainlink-vrf-v2.5
11050bc3dfc07687bddc1f4153035a0701f7f13ef85de15745663e7a3cf6e334,0x9cCC8e15c58bfEa77D820D1B784f9Ec931B76c3b,296,4a3aec3295132b82247e44719fc16f503ca44df493056b27a415029329ceecad,54.0,2026-06-03T16:02:43.921643+00:00,betswirl-chainlink-vrf-v2.5
11050bc3dfc07687bddc1f4153035a0701f7f13ef85de15745663e7a3cf6e334,0x9cCC8e15c58bfEa77D820D1B784f9Ec931B76c3b,297,0605f3a248ab60a547af9c706b8fb4c93b3984d21105f22bcba3b7f6f454cd2a,11.0,2026-06-03T16:02:43.922144+00:00,betswirl-chainlink-vrf-v2.5
11050bc3dfc07687bddc1f4153035a0701f7f13ef85de15745663e7a3cf6e334,0x9cCC8e15c58bfEa77D820D1B784f9Ec931B76c3b,298,6e0d508945c183028793a10ab0b7294594292621efb9af0eff14013f3412de65,38.0,2026-06-03T16:02:43.922728+00:00,betswirl-chainlink-vrf-v2.5
11050bc3dfc07687bddc1f4153035a0701f7f13ef85de15745663e7a3cf6e334,0x9cCC8e15c58bfEa77D820D1B784f9Ec931B76c3b,299,b979fdce6180f0b517a385b1f0f31fcc77d3805de2db87a19368a9f25815ad2c,41.0,2026-06-03T16:02:43.923075+00:00,betswirl-chainlink-vrf-v2.5
c9efb834372c6018b56802efa18404ce0cf4704cf85a455f8043ac54e6f41b35,0x9cCC8e15c58bfEa77D820D1B784f9Ec931B76c3b,0,0402eee95d4ff7141e59805fd5f7dc66a735dc9d1f018e389475f825b3f04b6b,4.0,2026-06-03T16:04:02.766631+00:00,betswirl-chainlink-vrf-v2.5
c9efb834372c6018b56802efa18404ce0cf4704cf85a455f8043ac54e6f41b35,0x9cCC8e15c58bfEa77D820D1B784f9Ec931B76c3b,1,959c8b58214f8091396e7fc0bde5850d88abc75ab7542b77b1435bb5d10f1538,85.0,2026-06-03T16:04:02.766802+00:00,betswirl-chainlink-vrf-v2.5
c9efb834372c6018b56802efa18404ce0cf4704cf85a455f8043ac54e6f41b35,0x9cCC8e15c58bfEa77D820D1B784f9Ec931B76c3b,2,b8f08e7f12b39840c0ee63711a4ae4576f4c1e49e6e0d0a50c4615ab62954b54,41.0,2026-06-03T16:04:02.766834+00:00,betswirl-chainlink-vrf-v2.5
c9efb834372c6018b56802efa18404ce0cf4704cf85a455f8043ac54e6f41b35,0x9cCC8e15c58bfEa77D820D1B784f9Ec931B76c3b,3,fa61a86dea0a058ddc666a8fa6ec38eb371fadf98f1e89edfc78aa605cfbfb93,88.0,2026-06-03T16:04:02.766860+00:00,betswirl-chainlink-vrf-v2.5
c9efb834372c6018b56802efa18404ce0cf4704cf85a455f8043ac54e6f41b35,0x9cCC8e15c58bfEa77D820D1B784f9Ec931B76c3b,4,23e50aafb9fc3da0261d189cf1d5c32dcd8f7384aa7d6da4433f1b16f11fee7c,65.0,2026-06-03T16:04:02.766885+00:00,betswirl-chainlink-vrf-v2.5
c9efb834372c6018b56802efa18404ce0cf4704cf85a455f8043ac54e6f41b35,0x9cCC8e15c58bfEa77D820D1B784f9Ec931B76c3b,5,56a94c97a4d2a42c1956371166a5725deb1ee02de037018cd7b28a3d02a04a86,63.0,2026-06-03T16:04:02.766908+00:00,betswirl-chainlink-vrf-v2.5
c9efb834372c6018b56802efa18404ce0cf4704cf85a455f8043ac54e6f41b35,0x9cCC8e15c58bfEa77D820D1B784f9Ec931B76c3b,6,4ef39d9ac99beb583ea58b64c461c9cc4d8d4eb79a5b7b0dddb681d099a45423,32.0,2026-06-03T16:04:02.766934+00:00,betswirl-chainlink-vrf-v2.5
c9efb834372c6018b56802efa18404ce0cf4704cf85a455f8043ac54e6f41b35,0x9cCC8e15c58bfEa77D820D1B784f9Ec931B76c3b,7,cf1e4e5db0b2610c248e1fa0533b1e9d86640e26399621e201664a0692da2b6e,47.0,2026-06-03T16:04:02.766956+00:00,betswirl-chainlink-vrf-v2.5
c9efb834372c6018b56802efa18404ce0cf4704cf85a455f8043ac54e6f41b35,0x9cCC8e15c58bfEa77D820D1B784f9Ec931B76c3b,8,2fc231467738de1c082eb2d66b70756acca378c7769e2c18fcd4091e936d04ac,49.0,2026-06-03T16:04:02.767003+00:00,betswirl-chainlink-vrf-v2.5
c9efb834372c6018b56802efa18404ce0cf4704cf85a455f8043ac54e6f41b35,0x9cCC8e15c58bfEa77D820D1B784f9Ec931B76c3b,9,8101e8c77f0f6a4f4be2eae5f48cdb2b4f7eda856391a50d39040945ef8d8a93,56.0,2026-06-03T16:04:02.767056+00:00,betswirl-chainlink-vrf-v2.5
c9efb834372c6018b56802efa18404ce0cf4704cf85a455f8043ac54e6f41b35,0x9cCC8e15c58bfEa77D820D1B784f9Ec931B76c3b,10,ed3dc751be977ec7e962f9ac2ecea83fcfdd2023153e87f4f9f2f3f8478fe395,54.0,2026-06-03T16:04:02.767097+00:00,betswirl-chainlink-vrf-v2.5
c9efb834372c6018b56802efa18404ce0cf4704cf85a455f8043ac54e6f41b35,0x9cCC8e15c58bfEa77D820D1B784f9Ec931B76c3b,11,f67d3e79feac699247a27d332836fb7b6d209259bb36bf5db442cf841675efb8,17.0,2026-06-03T16:04:02.767127+00:00,betswirl-chainlink-vrf-v2.5
c9efb834372c6018b56802efa18404ce0cf4704cf85a455f8043ac54e6f41b35,0x9cCC8e15c58bfEa77D820D1B784f9Ec931B76c3b,12,0149042e189d879a48aeb9e18a9c6f5dd02b84afa26ab4121e348ab0f7b68dd0,77.0,2026-06-03T16:04:02.767152+00:00,betswirl-chainlink-vrf-v2.5
c9efb834372c6018b56802efa18404ce0cf4704cf85a455f8043ac54e6f41b35,0x9cCC8e15c58bfEa77D820D1B784f9Ec931B76c3b,13,bf94dab57446ef873905b6d7844c9af74e5d59a8f99ded77fcb776b12bdbe797,76.0,2026-06-03T16:04:02.767175+00:00,betswirl-chainlink-vrf-v2.5
c9efb834372c6018b56802efa18404ce0cf4704cf85a455f8043ac54e6f41b35,0x9cCC8e15c58bfEa77D820D1B784f9Ec931B76c3b,14,c605f88e28a09fb21f5849c7460b61fd89f1a58e15f493a3842e7c6a98d966b2,55.0,2026-06-03T16:04:02.767198+00:00,betswirl-chainlink-vrf-v2.5
c9efb834372c6018b56802efa18404ce0cf4704cf85a455f8043ac54e6f41b35,0x9cCC8e15c58bfEa77D820D1B784f9Ec931B76c3b,15,b5de913acc29c1feb86015eb74607d07717c1ac5fda7c876991bd66dc2fae316,83.0,2026-06-03T16:04:02.767220+00:00,betswirl-chainlink-vrf-v2.5
c9efb834372c6018b56802efa18404ce0cf4704cf85a455f8043ac54e6f41b35,0x9cCC8e15c58bfEa77D820D1B784f9Ec931B76c3b,16,2c41920f25e31cb29ba0a3fd50731a64a8940f3390700c6c114efdf0e6308597,36.0,2026-06-03T16:04:02.767244+00:00,betswirl-chainlink-vrf-v2.5
c9efb834372c6018b56802efa18404ce0cf4704cf85a455f8043ac54e6f41b35,0x9cCC8e15c58bfEa77D820D1B784f9Ec931B76c3b,17,2068edd50da7cc8726dee9ce9acb04aee6b5ec242cb60fcc177111386eb5877b,76.0,2026-06-03T16:04:02.767265+00:00,betswirl-chainlink-vrf-v2.5
c9efb834372c6018b56802efa18404ce0cf4704cf85a455f8043ac54e6f41b35,0x9cCC8e15c58bfEa77D820D1B784f9Ec931B76c3b,18,90b0f03cc378459d295ed340356820ac88ac85b56addce7a7a079baa2a75473f,12.0,2026-06-03T16:04:02.767286+00:00,betswirl-chainlink-vrf-v2.5
c9efb834372c6018b56802efa18404ce0cf4704cf85a455f8043ac54e6f41b35,0x9cCC8e15c58bfEa77D820D1B784f9Ec931B76c3b,19,9550e29c74ca26fbce7c7aa97e70f1b35355f7f4490274b4b1692d627479810a,99.0,2026-06-03T16:04:02.767306+00:00,betswirl-chainlink-vrf-v2.5
c9efb834372c6018b56802efa18404ce0cf4704cf85a455f8043ac54e6f41b35,0x9cCC8e15c58bfEa77D820D1B784f9Ec931B76c3b,20,79eb3420046adc8eaf7ad112db88fe3940b57e5056cdc239bd9bb1a5edecffa8,53.0,2026-06-03T16:04:02.767331+00:00,betswirl-chainlink-vrf-v2.5
c9efb834372c6018b56802efa18404ce0cf4704cf85a455f8043ac54e6f41b35,0x9cCC8e15c58bfEa77D820D1B784f9Ec931B76c3b,21,8f32b524fa704225b84b2025825929a29782354071b13cb5b9cf3b82e1a3b7f2,19.0,2026-06-03T16:04:02.767352+00:00,betswirl-chainlink-vrf-v2.5
c9efb834372c6018b56802efa18404ce0cf4704cf85a455f8043ac54e6f41b35,0x9cCC8e15c58bfEa77D820D1B784f9Ec931B76c3b,22,f1b2597c3b59a2486a26700c007f1e84dd60e0a49e8bfec2063d64e75cfcf509,18.0,2026-06-03T16:04:02.767372+00:00,betswirl-chainlink-vrf-v2.5
c9efb834372c6018b56802efa18404ce0cf4704cf85a455f8043ac54e6f41b35,0x9cCC8e15c58bfEa77D820D1B784f9Ec931B76c3b,23,549ee9b9de0403809bd11dd83f1a71d4f46864c4d44e4dcec4c1b6836fce80b6,7.0,2026-06-03T16:04:02.767392+00:00,betswirl-chainlink-vrf-v2.5
c9efb834372c6018b56802efa18404ce0cf4704cf85a455f8043ac54e6f41b35,0x9cCC8e15c58bfEa77D820D1B784f9Ec931B76c3b,24,416e074a14214653948787775969e0c25e7d2c619459cb0438417427d23146d0,9.0,2026-06-03T16:04:02.767412+00:00,betswirl-chainlink-vrf-v2.5
c9efb834372c6018b56802efa18404ce0cf4704cf85a455f8043ac54e6f41b35,0x9cCC8e15c58bfEa77D820D1B784f9Ec931B76c3b,25,65e5984a376987e464d2d8af2e54e5394270061c90dea6930f709bee3dd00083,28.0,2026-06-03T16:04:02.767433+00:00,betswirl-chainlink-vrf-v2.5
c9efb834372c6018b56802efa18404ce0cf4704cf85a455f8043ac54e6f41b35,0x9cCC8e15c58bfEa77D820D1B784f9Ec931B76c3b,26,f14a1a1bccaf3793744f799c4243122434782f30ba383a56543c4bf8a64c9bb1,98.0,2026-06-03T16:04:02.767458+00:00,betswirl-chainlink-vrf-v2.5
c9efb834372c6018b56802efa18404ce0cf4704cf85a455f8043ac54e6f41b35,0x9cCC8e15c58bfEa77D820D1B784f9Ec931B76c3b,27,fa09e62fd67513dcaba81c2abd17f030e2389e964fcc0ba5a70eb9ca102c137e,3.0,2026-06-03T16:04:02.767480+00:00,betswirl-chainlink-vrf-v2.5
c9efb834372c6018b56802efa18404ce0cf4704cf85a455f8043ac54e6f41b35,0x9cCC8e15c58bfEa77D820D1B784f9Ec931B76c3b,28,54164dd80ede668da4655e339fc81a0db8c4f4ed8f1d89a6e3694ba29ca1b577,84.0,2026-06-03T16:04:02.767501+00:00,betswirl-chainlink-vrf-v2.5
c9efb834372c6018b56802efa18404ce0cf4704cf85a455f8043ac54e6f41b35,0x9cCC8e15c58bfEa77D820D1B784f9Ec931B76c3b,29,ff4c178f1f37cd7a076c8d484aeb4241fa6e6e5a349fd8d6f67eb34cb9ff09b8,45.0,2026-06-03T16:04:02.767521+00:00,betswirl-chainlink-vrf-v2.5
c9efb834372c6018b56802efa18404ce0cf4704cf85a455f8043ac54e6f41b35,0x9cCC8e15c58bfEa77D820D1B784f9Ec931B76c3b,30,4c9916798b9f70c2cbd0ce02a2f6c29be1777edd9aea08f30e0d66d60097ea50,61.0,2026-06-03T16:04:02.767542+00:00,betswirl-chainlink-vrf-v2.5
c9efb834372c6018b56802efa18404ce0cf4704cf85a455f8043ac54e6f41b35,0x9cCC8e15c58bfEa77D820D1B784f9Ec931B76c3b,31,674ac071f35f481fff33e0947a91cf6838919f07bbb2fc4bad6bf386d2c5ff36,67.0,2026-06-03T16:04:02.767563+00:00,betswirl-chainlink-vrf-v2.5
c9efb834372c6018b56802efa18404ce0cf4704cf85a455f8043ac54e6f41b35,0x9cCC8e15c58bfEa77D820D1B784f9Ec931B76c3b,32,22bb78165fc093010c05f125b46290ce9857e191fffe2259a33efbe0b5296071,54.0,2026-06-03T16:04:02.767583+00:00,betswirl-chainlink-vrf-v2.5
c9efb834372c6018b56802efa18404ce0cf4704cf85a455f8043ac54e6f41b35,0x9cCC8e15c58bfEa77D820D1B784f9Ec931B76c3b,33,addbf2939250567c7372bcdb80af74196be1dcb6887e854b2b2da275cdfb371f,76.0,2026-06-03T16:04:02.767602+00:00,betswirl-chainlink-vrf-v2.5
c9efb834372c6018b56802efa18404ce0cf4704cf85a455f8043ac54e6f41b35,0x9cCC8e15c58bfEa77D820D1B784f9Ec931B76c3b,34,de584bb2896bd9a4798c92cc9d1cd0efbc214aabb94387163f33da52a7770c4c,5.0,2026-06-03T16:04:02.767622+00:00,betswirl-chainlink-vrf-v2.5
c9efb834372c6018b56802efa18404ce0cf4704cf85a455f8043ac54e6f41b35,0x9cCC8e15c58bfEa77D820D1B784f9Ec931B76c3b,35,04be9f3d8fe91c7701cc7c4729b04945c63c6027ea308acfa49c965f72b03fa4,69.0,2026-06-03T16:04:02.767644+00:00,betswirl-chainlink-vrf-v2.5
c9efb834372c6018b56802efa18404ce0cf4704cf85a455f8043ac54e6f41b35,0x9cCC8e15c58bfEa77D820D1B784f9Ec931B76c3b,36,4793dcb6a8424554b0acb92ee06d69784e2b6a163c7825b4f83758f689715ea1,98.0,2026-06-03T16:04:02.767667+00:00,betswirl-chainlink-vrf-v2.5
c9efb834372c6018b56802efa18404ce0cf4704cf85a455f8043ac54e6f41b35,0x9cCC8e15c58bfEa77D820D1B784f9Ec931B76c3b,37,54df9f14838b71826f3c4f928e22714677474f7df02477eb20e4fbec96483077,60.0,2026-06-03T16:04:02.767697+00:00,betswirl-chainlink-vrf-v2.5
c9efb834372c6018b56802efa18404ce0cf4704cf85a455f8043ac54e6f41b35,0x9cCC8e15c58bfEa77D820D1B784f9Ec931B76c3b,38,68c498c3dc13ae9d8fc06504e7e4c9f681c849d62fc0fbaf6e84ff57366ca790,37.0,2026-06-03T16:04:02.767722+00:00,betswirl-chainlink-vrf-v2.5
c9efb834372c6018b56802efa18404ce0cf4704cf85a455f8043ac54e6f41b35,0x9cCC8e15c58bfEa77D820D1B784f9Ec931B76c3b,39,bb7bf2e76ee079f89c576b8c0fae0a9cccffdf18961b3aa693c1a3fd303f0a8c,41.0,2026-06-03T16:04:02.767745+00:00,betswirl-chainlink-vrf-v2.5
c9efb834372c6018b56802efa18404ce0cf4704cf85a455f8043ac54e6f41b35,0x9cCC8e15c58bfEa77D820D1B784f9Ec931B76c3b,40,f40b274881ef5cd2491143357eed50f0a2acc513fb408c3ccb8b531de4b90699,6.0,2026-06-03T16:04:02.767766+00:00,betswirl-chainlink-vrf-v2.5
c9efb834372c6018b56802efa18404ce0cf4704cf85a455f8043ac54e6f41b35,0x9cCC8e15c58bfEa77D820D1B784f9Ec931B76c3b,41,7254bba1af59910603d989a67f8f127ff71d31a08f8e5f0ffe53a3e4aefa72d8,77.0,2026-06-03T16:04:02.767787+00:00,betswirl-chainlink-vrf-v2.5
c9efb834372c6018b56802efa18404ce0cf4704cf85a455f8043ac54e6f41b35,0x9cCC8e15c58bfEa77D820D1B784f9Ec931B76c3b,42,593773c0d45e4bce38bf0acbf91b5ac13a3fbcea59df6d0bd21d7d17be08fb2a,71.0,2026-06-03T16:04:02.767807+00:00,betswirl-chainlink-vrf-v2.5
c9efb834372c6018b56802efa18404ce0cf4704cf85a455f8043ac54e6f41b35,0x9cCC8e15c58bfEa77D820D1B784f9Ec931B76c3b,43,ace17d4c960bccb2d9c1455cd2375f103da291b766598dd5032ac0a7928e6705,10.0,2026-06-03T16:04:02.767828+00:00,betswirl-chainlink-vrf-v2.5
c9efb834372c6018b56802efa18404ce0cf4704cf85a455f8043ac54e6f41b35,0x9cCC8e15c58bfEa77D820D1B784f9Ec931B76c3b,44,daebda18bb29d48d45878053b887959e940807544252221b89c74fe4778aa9c6,11.0,2026-06-03T16:04:02.767848+00:00,betswirl-chainlink-vrf-v2.5
c9efb834372c6018b56802efa18404ce0cf4704cf85a455f8043ac54e6f41b35,0x9cCC8e15c58bfEa77D820D1B784f9Ec931B76c3b,45,71d44ead7050a73ed0615ac8e4f7edb5f5f644f67b163f4fa39891f1abc94cff,92.0,2026-06-03T16:04:02.767872+00:00,betswirl-chainlink-vrf-v2.5
c9efb834372c6018b56802efa18404ce0cf4704cf85a455f8043ac54e6f41b35,0x9cCC8e15c58bfEa77D820D1B784f9Ec931B76c3b,46,7fe7065c52f22b390a01e7c749483b501cd6c0659ba93e64afeb726507abf326,71.0,2026-06-03T16:04:02.767892+00:00,betswirl-chainlink-vrf-v2.5
c9efb834372c6018b56802efa18404ce0cf4704cf85a455f8043ac54e6f41b35,0x9cCC8e15c58bfEa77D820D1B784f9Ec931B76c3b,47,51a939218f40428262a0f60eb4630d52b399121f115454a7592e938b743efb10,25.0,2026-06-03T16:04:02.767911+00:00,betswirl-chainlink-vrf-v2.5
c9efb834372c6018b56802efa18404ce0cf4704cf85a455f8043ac54e6f41b35,0x9cCC8e15c58bfEa77D820D1B784f9Ec931B76c3b,48,bbd31ed3c76669b0b611b88c5a91735d142b8a2b7715cda863b9e16dc2528768,33.0,2026-06-03T16:04:02.767931+00:00,betswirl-chainlink-vrf-v2.5
c9efb834372c6018b56802efa18404ce0cf4704cf85a455f8043ac54e6f41b35,0x9cCC8e15c58bfEa77D820D1B784f9Ec931B76c3b,49,076ffdc629f3af9251a6a6245ad1c03dda3fb8b44f8a2e21605609921a68eb61,86.0,2026-06-03T16:04:02.767951+00:00,betswirl-chainlink-vrf-v2.5
c9efb834372c6018b56802efa18404ce0cf4704cf85a455f8043ac54e6f41b35,0x9cCC8e15c58bfEa77D820D1B784f9Ec931B76c3b,50,fa82771fd8e71806978fb635fd5e9b5aaa9632251590f16d353ba13bce16d1f9,14.0,2026-06-03T16:04:02.767972+00:00,betswirl-chainlink-vrf-v2.5
c9efb834372c6018b56802efa18404ce0cf4704cf85a455f8043ac54e6f41b35,0x9cCC8e15c58bfEa77D820D1B784f9Ec931B76c3b,51,90c1551e51d80629701ea87ddab1efd69383e4237d500c98a718fbee8bb19485,22.0,2026-06-03T16:04:02.767992+00:00,betswirl-chainlink-vrf-v2.5
c9efb834372c6018b56802efa18404ce0cf4704cf85a455f8043ac54e6f41b35,0x9cCC8e15c58bfEa77D820D1B784f9Ec931B76c3b,52,934197defd6817d158ebdb97b314900a617b5ab296ce5fbcb0b4bb1ad557c7e2,67.0,2026-06-03T16:04:02.768012+00:00,betswirl-chainlink-vrf-v2.5
c9efb834372c6018b56802efa18404ce0cf4704cf85a455f8043ac54e6f41b35,0x9cCC8e15c58bfEa77D820D1B784f9Ec931B76c3b,53,6390840b847d66efefca0264072ce35eb31daa1b9e7d00126c255fdb505eb05d,38.0,2026-06-03T16:04:02.768032+00:00,betswirl-chainlink-vrf-v2.5
c9efb834372c6018b56802efa18404ce0cf4704cf85a455f8043ac54e6f41b35,0x9cCC8e15c58bfEa77D820D1B784f9Ec931B76c3b,54,bf0f1ce8c03a73032cc928969020ab410aadd520c4be784771febf7a19a0a72e,15.0,2026-06-03T16:04:02.768052+00:00,betswirl-chainlink-vrf-v2.5
c9efb834372c6018b56802efa18404ce0cf4704cf85a455f8043ac54e6f41b35,0x9cCC8e15c58bfEa77D820D1B784f9Ec931B76c3b,55,991ea533a3a91713060ab76a4eb3c5a19fdf6305a345b7591c0ed05ce1515847,96.0,2026-06-03T16:04:02.768073+00:00,betswirl-chainlink-vrf-v2.5
c9efb834372c6018b56802efa18404ce0cf4704cf85a455f8043ac54e6f41b35,0x9cCC8e15c58bfEa77D820D1B784f9Ec931B76c3b,56,b8c998832ffb9c72abf4438fa5667216e1ca34b6833ac5e9a96c725a8beb8fd8,69.0,2026-06-03T16:04:02.768093+00:00,betswirl-chainlink-vrf-v2.5
c9efb834372c6018b56802efa18404ce0cf4704cf85a455f8043ac54e6f41b35,0x9cCC8e15c58bfEa77D820D1B784f9Ec931B76c3b,57,eb2b28db201b7862167804b307902a80413195e6f9448c85aed09beddb381ad7,44.0,2026-06-03T16:04:02.768113+00:00,betswirl-chainlink-vrf-v2.5
c9efb834372c6018b56802efa18404ce0cf4704cf85a455f8043ac54e6f41b35,0x9cCC8e15c58bfEa77D820D1B784f9Ec931B76c3b,58,71487bd730bbb4425e10e45905742abe8eb3db3995a4cbdbbc73f818d97129b4,73.0,2026-06-03T16:04:02.768132+00:00,betswirl-chainlink-vrf-v2.5
c9efb834372c6018b56802efa18404ce0cf4704cf85a455f8043ac54e6f41b35,0x9cCC8e15c58bfEa77D820D1B784f9Ec931B76c3b,59,c997fbd978eeb831bcf681699aefbe09ab8c809eb9eda13ec186f7b3b0ae9a36,15.0,2026-06-03T16:04:02.768152+00:00,betswirl-chainlink-vrf-v2.5
c9efb834372c6018b56802efa18404ce0cf4704cf85a455f8043ac54e6f41b35,0x9cCC8e15c58bfEa77D820D1B784f9Ec931B76c3b,60,87244dc0c0098c6b235a290ef7c095a73a9c6b5b33a54015e5a3f29397f09421,50.0,2026-06-03T16:04:02.768171+00:00,betswirl-chainlink-vrf-v2.5
c9efb834372c6018b56802efa18404ce0cf4704cf85a455f8043ac54e6f41b35,0x9cCC8e15c58bfEa77D820D1B784f9Ec931B76c3b,61,250b952a4c1d57cfa7541aff80008d24898d48df685e7b9ec556d1cde32a1ecc,73.0,2026-06-03T16:04:02.768190+00:00,betswirl-chainlink-vrf-v2.5
c9efb834372c6018b56802efa18404ce0cf4704cf85a455f8043ac54e6f41b35,0x9cCC8e15c58bfEa77D820D1B784f9Ec931B76c3b,62,5b07cd11b868c809101316214f4ea56a7ccb6aa417eb3ba53b9a78209e8606b6,55.0,2026-06-03T16:04:02.768210+00:00,betswirl-chainlink-vrf-v2.5
c9efb834372c6018b56802efa18404ce0cf4704cf85a455f8043ac54e6f41b35,0x9cCC8e15c58bfEa77D820D1B784f9Ec931B76c3b,63,ae7ae2e57edbffeb41310c9c4309a2f14d48b304046fe8f161258adc30d14c19,58.0,2026-06-03T16:04:02.768229+00:00,betswirl-chainlink-vrf-v2.5
c9efb834372c6018b56802efa18404ce0cf4704cf85a455f8043ac54e6f41b35,0x9cCC8e15c58bfEa77D820D1B784f9Ec931B76c3b,64,256848cabd5ce8e7ba417e8885f8cef12376892b3f6587582d779dca79c5cb48,17.0,2026-06-03T16:04:02.768251+00:00,betswirl-chainlink-vrf-v2.5
c9efb834372c6018b56802efa18404ce0cf4704cf85a455f8043ac54e6f41b35,0x9cCC8e15c58bfEa77D820D1B784f9Ec931B76c3b,65,617756d97c699d087f0e331adc34ac6357fbdc3ff5bed311276d05728dba1bc2,79.0,2026-06-03T16:04:02.768272+00:00,betswirl-chainlink-vrf-v2.5
c9efb834372c6018b56802efa18404ce0cf4704cf85a455f8043ac54e6f41b35,0x9cCC8e15c58bfEa77D820D1B784f9Ec931B76c3b,66,71765c0a0261d9c19edf43deb6e0107b4d63aa57d16d1ad02375c3a57d925b38,13.0,2026-06-03T16:04:02.768293+00:00,betswirl-chainlink-vrf-v2.5
c9efb834372c6018b56802efa18404ce0cf4704cf85a455f8043ac54e6f41b35,0x9cCC8e15c58bfEa77D820D1B784f9Ec931B76c3b,67,a8187db87213e75bde59c1b414d379a8e88e0b49a4b2a240d9c7bd8769949b94,13.0,2026-06-03T16:04:02.768312+00:00,betswirl-chainlink-vrf-v2.5
c9efb834372c6018b56802efa18404ce0cf4704cf85a455f8043ac54e6f41b35,0x9cCC8e15c58bfEa77D820D1B784f9Ec931B76c3b,68,ad636bec1616d1689789c5db46879aab877534962c5752e6d79ae1b034b0f235,62.0,2026-06-03T16:04:02.768332+00:00,betswirl-chainlink-vrf-v2.5
c9efb834372c6018b56802efa18404ce0cf4704cf85a455f8043ac54e6f41b35,0x9cCC8e15c58bfEa77D820D1B784f9Ec931B76c3b,69,e23b36f62822e332d2d60ce5af666601466c8056768cb76fc6b24e5c71f08d53,64.0,2026-06-03T16:04:02.768351+00:00,betswirl-chainlink-vrf-v2.5
c9efb834372c6018b56802efa18404ce0cf4704cf85a455f8043ac54e6f41b35,0x9cCC8e15c58bfEa77D820D1B784f9Ec931B76c3b,70,35bf9a4f32fcd88ff0944ca1e286bf279c0da0970efc63c98c120aeb9dc1c72f,24.0,2026-06-03T16:04:02.768370+00:00,betswirl-chainlink-vrf-v2.5
c9efb834372c6018b56802efa18404ce0cf4704cf85a455f8043ac54e6f41b35,0x9cCC8e15c58bfEa77D820D1B784f9Ec931B76c3b,71,7f8e54d3555a405cb499febf51a94489dd3536464ca9dc5d7e93fb29ed19fa36,71.0,2026-06-03T16:04:02.768389+00:00,betswirl-chainlink-vrf-v2.5
c9efb834372c6018b56802efa18404ce0cf4704cf85a455f8043ac54e6f41b35,0x9cCC8e15c58bfEa77D820D1B784f9Ec931B76c3b,72,de56338a3b40300416edaf16983e3f6e60bc56d2b139dc37cc452f55c293a7f7,40.0,2026-06-03T16:04:02.768409+00:00,betswirl-chainlink-vrf-v2.5
c9efb834372c6018b56802efa18404ce0cf4704cf85a455f8043ac54e6f41b35,0x9cCC8e15c58bfEa77D820D1B784f9Ec931B76c3b,73,475acd749c14587ff774c69c94e6214ed7585f8f9d64cd5ba396dc1cf873ab49,2.0,2026-06-03T16:04:02.768432+00:00,betswirl-chainlink-vrf-v2.5
c9efb834372c6018b56802efa18404ce0cf4704cf85a455f8043ac54e6f41b35,0x9cCC8e15c58bfEa77D820D1B784f9Ec931B76c3b,74,2c884a359df57678ef1d0ce2db008abcbab404afb8de013d4a37ac5dd73b3de7,32.0,2026-06-03T16:04:02.768452+00:00,betswirl-chainlink-vrf-v2.5
c9efb834372c6018b56802efa18404ce0cf4704cf85a455f8043ac54e6f41b35,0x9cCC8e15c58bfEa77D820D1B784f9Ec931B76c3b,75,cafbea2c6307baef9dc4a51dfe69e4d470c427fe33cdae8d129d04ddc77a3821,46.0,2026-06-03T16:04:02.768473+00:00,betswirl-chainlink-vrf-v2.5
c9efb834372c6018b56802efa18404ce0cf4704cf85a455f8043ac54e6f41b35,0x9cCC8e15c58bfEa77D820D1B784f9Ec931B76c3b,76,133c7a32f7701bf7128bb0d1c6c8c64a3649b100769c1949a780a2d2de1b66ab,12.0,2026-06-03T16:04:02.768494+00:00,betswirl-chainlink-vrf-v2.5
c9efb834372c6018b56802efa18404ce0cf4704cf85a455f8043ac54e6f41b35,0x9cCC8e15c58bfEa77D820D1B784f9Ec931B76c3b,77,dd8ae6bbbf3b6a5fda323464b9a5fcb85b222f5d718563037c6341b76e2626b4,89.0,2026-06-03T16:04:02.768513+00:00,betswirl-chainlink-vrf-v2.5
c9efb834372c6018b56802efa18404ce0cf4704cf85a455f8043ac54e6f41b35,0x9cCC8e15c58bfEa77D820D1B784f9Ec931B76c3b,78,b93684c88b2500146b499a7184c3ade09b179dbdc4ce1b63f17a35c7809c54b5,50.0,2026-06-03T16:04:02.768533+00:00,betswirl-chainlink-vrf-v2.5
c9efb834372c6018b56802efa18404ce0cf4704cf85a455f8043ac54e6f41b35,0x9cCC8e15c58bfEa77D820D1B784f9Ec931B76c3b,79,b0c2d43706a7a6774a48f80169733563db611221368f6ee44beef5698a2f2fd2,55.0,2026-06-03T16:04:02.768552+00:00,betswirl-chainlink-vrf-v2.5
c9efb834372c6018b56802efa18404ce0cf4704cf85a455f8043ac54e6f41b35,0x9cCC8e15c58bfEa77D820D1B784f9Ec931B76c3b,80,b1655650fd2d3a15e61c053fefc1f476ef91bffdbede2984e0ffedafb77775a5,50.0,2026-06-03T16:04:02.768571+00:00,betswirl-chainlink-vrf-v2.5
c9efb834372c6018b56802efa18404ce0cf4704cf85a455f8043ac54e6f41b35,0x9cCC8e15c58bfEa77D820D1B784f9Ec931B76c3b,81,dd8b3c95d6be8ccdf69815a1fdcdfaf16d99655b3027617ce3f9c398f1008bb3,92.0,2026-06-03T16:04:02.768591+00:00,betswirl-chainlink-vrf-v2.5
c9efb834372c6018b56802efa18404ce0cf4704cf85a455f8043ac54e6f41b35,0x9cCC8e15c58bfEa77D820D1B784f9Ec931B76c3b,82,f844e38e3e304a9d7902469c61816a84b902c28e43b1555eb320a278dd246b71,46.0,2026-06-03T16:04:02.768611+00:00,betswirl-chainlink-vrf-v2.5
c9efb834372c6018b56802efa18404ce0cf4704cf85a455f8043ac54e6f41b35,0x9cCC8e15c58bfEa77D820D1B784f9Ec931B76c3b,83,03449e726e172404637d60d9223db5e8e194478fd9df59d744b08424186e03e8,9.0,2026-06-03T16:04:02.768630+00:00,betswirl-chainlink-vrf-v2.5
c9efb834372c6018b56802efa18404ce0cf4704cf85a455f8043ac54e6f41b35,0x9cCC8e15c58bfEa77D820D1B784f9Ec931B76c3b,84,e049b6fe4f290e9f32738027f72526857b2e3cbc5be213af60b34fbbf4ad3ba6,15.0,2026-06-03T16:04:02.768649+00:00,betswirl-chainlink-vrf-v2.5
c9efb834372c6018b56802efa18404ce0cf4704cf85a455f8043ac54e6f41b35,0x9cCC8e15c58bfEa77D820D1B784f9Ec931B76c3b,85,b387aa31f8aeff35804348e52b6d4093b0f93a0a735934b0be7d27f181735e46,91.0,2026-06-03T16:04:02.768668+00:00,betswirl-chainlink-vrf-v2.5
c9efb834372c6018b56802efa18404ce0cf4704cf85a455f8043ac54e6f41b35,0x9cCC8e15c58bfEa77D820D1B784f9Ec931B76c3b,86,fce74bc8d36cbaf74bac6b62bb2e124ac4c8ce30ce589a0ef21902ddf9d084d9,86.0,2026-06-03T16:04:02.768692+00:00,betswirl-chainlink-vrf-v2.5
c9efb834372c6018b56802efa18404ce0cf4704cf85a455f8043ac54e6f41b35,0x9cCC8e15c58bfEa77D820D1B784f9Ec931B76c3b,87,b7c5b5791e50cdd027dcefce68c298da65c6d23fd4fe44b760bc8fbed29107ca,3.0,2026-06-03T16:04:02.768713+00:00,betswirl-chainlink-vrf-v2.5
c9efb834372c6018b56802efa18404ce0cf4704cf85a455f8043ac54e6f41b35,0x9cCC8e15c58bfEa77D820D1B784f9Ec931B76c3b,88,3a56e4e128332e18e5f56b2bc74f28939bb79e0d8d0300e2e08b0f0eba912985,94.0,2026-06-03T16:04:02.768732+00:00,betswirl-chainlink-vrf-v2.5
c9efb834372c6018b56802efa18404ce0cf4704cf85a455f8043ac54e6f41b35,0x9cCC8e15c58bfEa77D820D1B784f9Ec931B76c3b,89,59ad7a379e7d7b2531bcd7b0e8182ec1a70777bca177d5d41663e9caae067dd4,85.0,2026-06-03T16:04:02.768753+00:00,betswirl-chainlink-vrf-v2.5
c9efb834372c6018b56802efa18404ce0cf4704cf85a455f8043ac54e6f41b35,0x9cCC8e15c58bfEa77D820D1B784f9Ec931B76c3b,90,1cc97bc2ca8b2346392562aabc3f6b326e6e7277c35dff60c690cddccbf55926,67.0,2026-06-03T16:04:02.768773+00:00,betswirl-chainlink-vrf-v2.5
c9efb834372c6018b56802efa18404ce0cf4704cf85a455f8043ac54e6f41b35,0x9cCC8e15c58bfEa77D820D1B784f9Ec931B76c3b,91,9b5a9e09e5e781cce9fd729c9a2d5189c33398871f3ecc19de3999448b4e3bf5,30.0,2026-06-03T16:04:02.768793+00:00,betswirl-chainlink-vrf-v2.5
c9efb834372c6018b56802efa18404ce0cf4704cf85a455f8043ac54e6f41b35,0x9cCC8e15c58bfEa77D820D1B784f9Ec931B76c3b,92,d46d459ebe804e912c8b760eafaa60e7f89ecabf379d314a6cd32b81d03b5f67,12.0,2026-06-03T16:04:02.768812+00:00,betswirl-chainlink-vrf-v2.5
c9efb834372c6018b56802efa18404ce0cf4704cf85a455f8043ac54e6f41b35,0x9cCC8e15c58bfEa77D820D1B784f9Ec931B76c3b,93,68fd1f709fcec434b001a4e14dc8ea12e86f1e932b350263d79f6ffa8a202b3c,9.0,2026-06-03T16:04:02.768832+00:00,betswirl-chainlink-vrf-v2.5
c9efb834372c6018b56802efa18404ce0cf4704cf85a455f8043ac54e6f41b35,0x9cCC8e15c58bfEa77D820D1B784f9Ec931B76c3b,94,cd5662797a4d5331992a0616db78ba1c4172de2f9fc5df541c7b9b41a26f1bee,63.0,2026-06-03T16:04:02.768854+00:00,betswirl-chainlink-vrf-v2.5
c9efb834372c6018b56802efa18404ce0cf4704cf85a455f8043ac54e6f41b35,0x9cCC8e15c58bfEa77D820D1B784f9Ec931B76c3b,95,6b6a9992034a270f6f491c03a8c282e98b88e27eba03aaa2a3399c35c60b2029,18.0,2026-06-03T16:04:02.768874+00:00,betswirl-chainlink-vrf-v2.5
c9efb834372c6018b56802efa18404ce0cf4704cf85a455f8043ac54e6f41b35,0x9cCC8e15c58bfEa77D820D1B784f9Ec931B76c3b,96,51f69bd27e963662b38a5bf1b82920cb0102e13a6e8d7262510c1f9d1b3ef9ba,59.0,2026-06-03T16:04:02.768893+00:00,betswirl-chainlink-vrf-v2.5
c9efb834372c6018b56802efa18404ce0cf4704cf85a455f8043ac54e6f41b35,0x9cCC8e15c58bfEa77D820D1B784f9Ec931B76c3b,97,f5266d8cc21bda86411ce104d20ce754387a468eb6194fa6cd8887bb440505aa,23.0,2026-06-03T16:04:02.768913+00:00,betswirl-chainlink-vrf-v2.5
c9efb834372c6018b56802efa18404ce0cf4704cf85a455f8043ac54e6f41b35,0x9cCC8e15c58bfEa77D820D1B784f9Ec931B76c3b,98,f02eb07d968e2fa92458a2f4e3a96e44b7f8d0f092d18b89c455188c905b4662,63.0,2026-06-03T16:04:02.768933+00:00,betswirl-chainlink-vrf-v2.5
c9efb834372c6018b56802efa18404ce0cf4704cf85a455f8043ac54e6f41b35,0x9cCC8e15c58bfEa77D820D1B784f9Ec931B76c3b,99,3a2f168c64541785480cde1918db89d886fd28d20f875f38f793052cc065d8d8,81.0,2026-06-03T16:04:02.768953+00:00,betswirl-chainlink-vrf-v2.5
