server_seed,client_seed,nonce,raw_output,outcome,timestamp,mechanism_id
a1fb3c503e2a28c4f32526ccfe2607eae177052d3fc4d423e6d807fd8a620530,example-player-secret-12345,29231748,b98c58e6867869bd9acae98c047a2c050613b11356359352c0d82b6a24a9951c,59.0,2026-06-03T15:47:29.004263+00:00,blockrand-drand-quicknet
a1fb3c503e2a28c4f32526ccfe2607eae177052d3fc4d423e6d807fd8a620530,example-player-secret-12345,29231749,a7cd7d9858bfc75a9b3a809c3626717f5019347384067983764baa49ed51d6c0,5.0,2026-06-03T15:47:29.004334+00:00,blockrand-drand-quicknet
a1fb3c503e2a28c4f32526ccfe2607eae177052d3fc4d423e6d807fd8a620530,example-player-secret-12345,29231750,8cdf014d491bd4253e61398f57b938cf4ae508f08e8b107dd0a8565b5b08fdb1,2.0,2026-06-03T15:47:29.004385+00:00,blockrand-drand-quicknet
a1fb3c503e2a28c4f32526ccfe2607eae177052d3fc4d423e6d807fd8a620530,example-player-secret-12345,29231751,1afd77339e0a726c0f9d1dac11ea8c590164f907de5b7588a5009776277d0473,40.0,2026-06-03T15:47:29.004430+00:00,blockrand-drand-quicknet
a1fb3c503e2a28c4f32526ccfe2607eae177052d3fc4d423e6d807fd8a620530,example-player-secret-12345,29231752,25c999b20a551e40cd2fc20052a6afcd157b193857efbbe3fe09c72f5fdc7fe9,75.0,2026-06-03T15:47:29.004472+00:00,blockrand-drand-quicknet
a1fb3c503e2a28c4f32526ccfe2607eae177052d3fc4d423e6d807fd8a620530,example-player-secret-12345,29231753,483138318ad96c9ece27c86ff273fcae2458916a84f8ed433b0078452eafdb57,2.0,2026-06-03T15:47:29.004513+00:00,blockrand-drand-quicknet
a1fb3c503e2a28c4f32526ccfe2607eae177052d3fc4d423e6d807fd8a620530,example-player-secret-12345,29231754,6246859a60de6feb4b4aaf3484488804858b2958d1895f2edc4eaf34fee102fb,91.0,2026-06-03T15:47:29.004553+00:00,blockrand-drand-quicknet
a1fb3c503e2a28c4f32526ccfe2607eae177052d3fc4d423e6d807fd8a620530,example-player-secret-12345,29231755,f1e74c4696aa4c47e73de175f5562d7842ef9cfcd1b984078ab08c183d40a874,99.0,2026-06-03T15:47:29.004591+00:00,blockrand-drand-quicknet
a1fb3c503e2a28c4f32526ccfe2607eae177052d3fc4d423e6d807fd8a620530,example-player-secret-12345,29231756,5be9cc053c9f0714e90c566b7275ae444cac85572290ed33c9fe0cf3341dc4cc,74.0,2026-06-03T15:47:29.004628+00:00,blockrand-drand-quicknet
a1fb3c503e2a28c4f32526ccfe2607eae177052d3fc4d423e6d807fd8a620530,example-player-secret-12345,29231757,4b176ede15845d411b635f01740064567f08df4ddc81e0f6bb1dd9892fab06f4,11.0,2026-06-03T15:47:29.004666+00:00,blockrand-drand-quicknet
a1fb3c503e2a28c4f32526ccfe2607eae177052d3fc4d423e6d807fd8a620530,example-player-secret-12345,29231758,a58fd444d1cdaaddf1f13c4d4180d4006544714d077a4a7a280314c381f744bc,29.0,2026-06-03T15:47:29.004705+00:00,blockrand-drand-quicknet
a1fb3c503e2a28c4f32526ccfe2607eae177052d3fc4d423e6d807fd8a620530,example-player-secret-12345,29231759,7e75300fb6441463c213dbf0ae8de9b5f61c33b506eb023c9aa371c16d93405a,32.0,2026-06-03T15:47:29.004743+00:00,blockrand-drand-quicknet
a1fb3c503e2a28c4f32526ccfe2607eae177052d3fc4d423e6d807fd8a620530,example-player-secret-12345,29231760,1740f790c03e3bfd67246fecc00bee0ab44fb9836a1983a1efa9cf2e0e006d34,49.0,2026-06-03T15:47:29.004782+00:00,blockrand-drand-quicknet
a1fb3c503e2a28c4f32526ccfe2607eae177052d3fc4d423e6d807fd8a620530,example-player-secret-12345,29231761,1a96cfc03af6fd283df882ff365853271b8720a009ff12adbc8ab824a0c3c03e,1.0,2026-06-03T15:47:29.004890+00:00,blockrand-drand-quicknet
a1fb3c503e2a28c4f32526ccfe2607eae177052d3fc4d423e6d807fd8a620530,example-player-secret-12345,29231762,c80076c75c60b6783c1b84ac1ddd2a05cf5e7d3fac098297b3dfdd17dc47e327,8.0,2026-06-03T15:47:29.004935+00:00,blockrand-drand-quicknet
a1fb3c503e2a28c4f32526ccfe2607eae177052d3fc4d423e6d807fd8a620530,example-player-secret-12345,29231763,beef203848a2a55e3f43fe01db757e22ce69d97f71d51bac56b9c699fd592492,93.0,2026-06-03T15:47:29.004974+00:00,blockrand-drand-quicknet
a1fb3c503e2a28c4f32526ccfe2607eae177052d3fc4d423e6d807fd8a620530,example-player-secret-12345,29231764,62fcc4b946b9ab3c6a74df6bec96c5299892e54dfcfde4995d952bd9173925ca,2.0,2026-06-03T15:47:29.005013+00:00,blockrand-drand-quicknet
a1fb3c503e2a28c4f32526ccfe2607eae177052d3fc4d423e6d807fd8a620530,example-player-secret-12345,29231765,83d167b3477c503b0dab9f5d4094ea6fca9cac38f6af266652c228335fc22968,68.0,2026-06-03T15:47:29.005051+00:00,blockrand-drand-quicknet
a1fb3c503e2a28c4f32526ccfe2607eae177052d3fc4d423e6d807fd8a620530,example-player-secret-12345,29231766,02b3ddb984acec271fdf98c53bcd2200f965eb51f5e741e90eafa32907ff5155,38.0,2026-06-03T15:47:29.005089+00:00,blockrand-drand-quicknet
a1fb3c503e2a28c4f32526ccfe2607eae177052d3fc4d423e6d807fd8a620530,example-player-secret-12345,29231767,d0478b13c06a2c01896ffb3561dad0fa636e29a5225b232abfd3b93bb6264400,88.0,2026-06-03T15:47:29.005128+00:00,blockrand-drand-quicknet
a1fb3c503e2a28c4f32526ccfe2607eae177052d3fc4d423e6d807fd8a620530,example-player-secret-12345,29231768,01f0a71782acfab90d3a19b640523e94cd879fe0b2f34946ec5e920ad7368eb0,32.0,2026-06-03T15:47:29.005165+00:00,blockrand-drand-quicknet
a1fb3c503e2a28c4f32526ccfe2607eae177052d3fc4d423e6d807fd8a620530,example-player-secret-12345,29231769,a5ac8a0b53208a6fa5569ceb1110ab5c88332572a404bcc62571e782c2aae03e,72.0,2026-06-03T15:47:29.005201+00:00,blockrand-drand-quicknet
a1fb3c503e2a28c4f32526ccfe2607eae177052d3fc4d423e6d807fd8a620530,example-player-secret-12345,29231770,648b5981bfd8f4ca6283f6b89be238bd129bbcde1dcbafd99350c865f143129e,18.0,2026-06-03T15:47:29.005239+00:00,blockrand-drand-quicknet
a1fb3c503e2a28c4f32526ccfe2607eae177052d3fc4d423e6d807fd8a620530,example-player-secret-12345,29231771,f944c2835e285eb99834130297be07eeb2b8684c1115dadf5282db8b8d97c1ac,28.0,2026-06-03T15:47:29.005279+00:00,blockrand-drand-quicknet
a1fb3c503e2a28c4f32526ccfe2607eae177052d3fc4d423e6d807fd8a620530,example-player-secret-12345,29231772,a744d49e74b0238a728fc6b6386ac823834cec25ccbe87d1c13e6a0cfb32ee79,51.0,2026-06-03T15:47:29.005317+00:00,blockrand-drand-quicknet
a1fb3c503e2a28c4f32526ccfe2607eae177052d3fc4d423e6d807fd8a620530,example-player-secret-12345,29231773,3d23c93753090b2c1a2d799d4bb0550ee4f090604bb131b3d4a493f5efa812b3,48.0,2026-06-03T15:47:29.005356+00:00,blockrand-drand-quicknet
a1fb3c503e2a28c4f32526ccfe2607eae177052d3fc4d423e6d807fd8a620530,example-player-secret-12345,29231774,2093d1700c9203bf841c909bd81e774c853fa47cdcedad8f2ee6b43d370e95bb,21.0,2026-06-03T15:47:29.005393+00:00,blockrand-drand-quicknet
a1fb3c503e2a28c4f32526ccfe2607eae177052d3fc4d423e6d807fd8a620530,example-player-secret-12345,29231775,2c533c21b5a6f2fdcfeb1231a48324ddf91e7fba09e5605a58e9400bb63f306e,86.0,2026-06-03T15:47:29.005431+00:00,blockrand-drand-quicknet
a1fb3c503e2a28c4f32526ccfe2607eae177052d3fc4d423e6d807fd8a620530,example-player-secret-12345,29231776,572078ed849d1fe5a292546edb0aaecc0efe7f28ec98a9ca0e8d8b35b1b45fec,2.0,2026-06-03T15:47:29.005468+00:00,blockrand-drand-quicknet
a1fb3c503e2a28c4f32526ccfe2607eae177052d3fc4d423e6d807fd8a620530,example-player-secret-12345,29231777,a31cdcebb0f0b830f59e3a13ac708d76a38efda1213627c3bdceb007ecd914b1,72.0,2026-06-03T15:47:29.005508+00:00,blockrand-drand-quicknet
a1fb3c503e2a28c4f32526ccfe2607eae177052d3fc4d423e6d807fd8a620530,example-player-secret-12345,29231778,1f5495443c7c1f1f8f2a574120f37cd82282c2fa95ca535cf9630038964f3b87,33.0,2026-06-03T15:47:29.005584+00:00,blockrand-drand-quicknet
a1fb3c503e2a28c4f32526ccfe2607eae177052d3fc4d423e6d807fd8a620530,example-player-secret-12345,29231779,34c6d3fcf184a2c91a64a006f60ee0bd062c3f35f4a8b262d65a749745e1b616,29.0,2026-06-03T15:47:29.005622+00:00,blockrand-drand-quicknet
a1fb3c503e2a28c4f32526ccfe2607eae177052d3fc4d423e6d807fd8a620530,example-player-secret-12345,29231780,028d2ad25efb7620421c606293f3ad8563d5c51520e6f95da56610ebb8b245af,71.0,2026-06-03T15:47:29.005668+00:00,blockrand-drand-quicknet
a1fb3c503e2a28c4f32526ccfe2607eae177052d3fc4d423e6d807fd8a620530,example-player-secret-12345,29231781,c3b2eebd583883430297d0d061481dcc6698f221dbe257f4514846b2a20de3a7,46.0,2026-06-03T15:47:29.005705+00:00,blockrand-drand-quicknet
a1fb3c503e2a28c4f32526ccfe2607eae177052d3fc4d423e6d807fd8a620530,example-player-secret-12345,29231782,ca0e8e6943464a90783bca7fd013fe3b3f6737d8b108550f8d6bc1116c716620,94.0,2026-06-03T15:47:29.005741+00:00,blockrand-drand-quicknet
a1fb3c503e2a28c4f32526ccfe2607eae177052d3fc4d423e6d807fd8a620530,example-player-secret-12345,29231783,d0935a8576e6726f149c769caf28dfe32a463638e6f7baca768d7944a36b5d19,94.0,2026-06-03T15:47:29.005777+00:00,blockrand-drand-quicknet
a1fb3c503e2a28c4f32526ccfe2607eae177052d3fc4d423e6d807fd8a620530,example-player-secret-12345,29231784,4a87e20f13a493b61b9ca2f6fed056263febeaaa846e4b1d31d5400d832f5c20,16.0,2026-06-03T15:47:29.005812+00:00,blockrand-drand-quicknet
a1fb3c503e2a28c4f32526ccfe2607eae177052d3fc4d423e6d807fd8a620530,example-player-secret-12345,29231785,b1b7547d2d339d8af69cda756f40e0a9ebd0f4be5782eac07660f6f530a66e5b,50.0,2026-06-03T15:47:29.005848+00:00,blockrand-drand-quicknet
a1fb3c503e2a28c4f32526ccfe2607eae177052d3fc4d423e6d807fd8a620530,example-player-secret-12345,29231786,4d1a141eebc47668379ca5872a766db0a4a17ecd53ec62b72a40c3e0b17acad3,19.0,2026-06-03T15:47:29.005883+00:00,blockrand-drand-quicknet
a1fb3c503e2a28c4f32526ccfe2607eae177052d3fc4d423e6d807fd8a620530,example-player-secret-12345,29231787,3d62657a8664a4caea11b0beed05d43541bb5335b1c763c640582024f1a52565,83.0,2026-06-03T15:47:29.005919+00:00,blockrand-drand-quicknet
a1fb3c503e2a28c4f32526ccfe2607eae177052d3fc4d423e6d807fd8a620530,example-player-secret-12345,29231788,e6ceafc10b8f40f85cf565d68cded1671a35fed9bc357235858374dd1e9211df,90.0,2026-06-03T15:47:29.005954+00:00,blockrand-drand-quicknet
a1fb3c503e2a28c4f32526ccfe2607eae177052d3fc4d423e6d807fd8a620530,example-player-secret-12345,29231789,9c1d9cc769c0b6c4df3c7936a90ed1ce2fb1753095beabfeaebdb14fcb5c9f3d,76.0,2026-06-03T15:47:29.005990+00:00,blockrand-drand-quicknet
a1fb3c503e2a28c4f32526ccfe2607eae177052d3fc4d423e6d807fd8a620530,example-player-secret-12345,29231790,e64099e7017c51987beea7c74c159bed10e570084da15c1780f22640110dbe03,84.0,2026-06-03T15:47:29.006026+00:00,blockrand-drand-quicknet
a1fb3c503e2a28c4f32526ccfe2607eae177052d3fc4d423e6d807fd8a620530,example-player-secret-12345,29231791,1841bba43e3afc90e2a16aa7558e4f2f86cc49d4c70e1ae79a16846707d373e0,61.0,2026-06-03T15:47:29.006062+00:00,blockrand-drand-quicknet
a1fb3c503e2a28c4f32526ccfe2607eae177052d3fc4d423e6d807fd8a620530,example-player-secret-12345,29231792,9359d312560842902c2d7d64ec62c6d2f3c7761ed4f2dfcbd22bf7e45bab906a,91.0,2026-06-03T15:47:29.006097+00:00,blockrand-drand-quicknet
a1fb3c503e2a28c4f32526ccfe2607eae177052d3fc4d423e6d807fd8a620530,example-player-secret-12345,29231793,0f8132fefc30081868f03475d693da7a9558374a719062143747c78e96a8db2d,39.0,2026-06-03T15:47:29.006132+00:00,blockrand-drand-quicknet
a1fb3c503e2a28c4f32526ccfe2607eae177052d3fc4d423e6d807fd8a620530,example-player-secret-12345,29231794,a295a2714a5154c8c4f5f5c09481a7fd854ffb055d480f8cc1d75c93953327ec,42.0,2026-06-03T15:47:29.006172+00:00,blockrand-drand-quicknet
a1fb3c503e2a28c4f32526ccfe2607eae177052d3fc4d423e6d807fd8a620530,example-player-secret-12345,29231795,9bd2c3e786899a5896b5aaf6c593b6dfec55c7addf498e0a8f2e36b99975822b,92.0,2026-06-03T15:47:29.006208+00:00,blockrand-drand-quicknet
a1fb3c503e2a28c4f32526ccfe2607eae177052d3fc4d423e6d807fd8a620530,example-player-secret-12345,29231796,ff21392b380ed41a5f1cf82fb9d91ccfac67e39efcffce95b5c9eb2a2fc9a4d5,4.0,2026-06-03T15:47:29.006245+00:00,blockrand-drand-quicknet
a1fb3c503e2a28c4f32526ccfe2607eae177052d3fc4d423e6d807fd8a620530,example-player-secret-12345,29231797,a508d02e10948118f6647f0caf743a752c83acbf6415a057277271a8e920b974,23.0,2026-06-03T15:47:29.006282+00:00,blockrand-drand-quicknet
a1fb3c503e2a28c4f32526ccfe2607eae177052d3fc4d423e6d807fd8a620530,example-player-secret-12345,29231798,b25767f72910c3320cce193f51b2764ae6d68176b18ba4e8a27475b1a4266467,96.0,2026-06-03T15:47:29.006318+00:00,blockrand-drand-quicknet
a1fb3c503e2a28c4f32526ccfe2607eae177052d3fc4d423e6d807fd8a620530,example-player-secret-12345,29231799,868f0cf99f63a74adcc508a2cac2d6ae4d5cecb557b1410080105d915d16faa4,14.0,2026-06-03T15:47:29.006353+00:00,blockrand-drand-quicknet
a1fb3c503e2a28c4f32526ccfe2607eae177052d3fc4d423e6d807fd8a620530,example-player-secret-12345,29231800,1480cf07937ffb43344130c6e2fe4e916d760c0e26218e105a8d19fa58584f70,28.0,2026-06-03T15:47:29.006389+00:00,blockrand-drand-quicknet
a1fb3c503e2a28c4f32526ccfe2607eae177052d3fc4d423e6d807fd8a620530,example-player-secret-12345,29231801,978aa93749200990730be57e193593bf34cb33eab28d34b7c518af4eea433fe3,4.0,2026-06-03T15:47:29.006425+00:00,blockrand-drand-quicknet
a1fb3c503e2a28c4f32526ccfe2607eae177052d3fc4d423e6d807fd8a620530,example-player-secret-12345,29231802,4f665d55ab502ba65f209ce847e978d9388b701ad886b383fccba5045a12880a,30.0,2026-06-03T15:47:29.006461+00:00,blockrand-drand-quicknet
a1fb3c503e2a28c4f32526ccfe2607eae177052d3fc4d423e6d807fd8a620530,example-player-secret-12345,29231803,5d45d81705a301d08be444ef80a22f71cff7dca51e5ff8b651423cc8d367ec95,92.0,2026-06-03T15:47:29.006497+00:00,blockrand-drand-quicknet
a1fb3c503e2a28c4f32526ccfe2607eae177052d3fc4d423e6d807fd8a620530,example-player-secret-12345,29231804,47183daed368bc4f0e9ef484c65118e83d054c699e5bfb9f07120b146dae4903,91.0,2026-06-03T15:47:29.006532+00:00,blockrand-drand-quicknet
a1fb3c503e2a28c4f32526ccfe2607eae177052d3fc4d423e6d807fd8a620530,example-player-secret-12345,29231805,a48980b8348d145c45feb6e625ed9b6cb7a57fa999af31efe06836b93d05c03d,9.0,2026-06-03T15:47:29.006570+00:00,blockrand-drand-quicknet
a1fb3c503e2a28c4f32526ccfe2607eae177052d3fc4d423e6d807fd8a620530,example-player-secret-12345,29231806,2458e48cd868296c3c69b3ee234fbc0677b8fb3887cfde570404148dd9a06a3d,53.0,2026-06-03T15:47:29.006606+00:00,blockrand-drand-quicknet
a1fb3c503e2a28c4f32526ccfe2607eae177052d3fc4d423e6d807fd8a620530,example-player-secret-12345,29231807,feadf68f8b7e07e18186608740726d8e2b0174bc52a7e973916a08322c35a7cd,12.0,2026-06-03T15:47:29.006642+00:00,blockrand-drand-quicknet
a1fb3c503e2a28c4f32526ccfe2607eae177052d3fc4d423e6d807fd8a620530,example-player-secret-12345,29231808,61627c865d8afc58e8fe8a415761b62788f464555a3914c8ee5e6c0c5ffefb83,59.0,2026-06-03T15:47:29.006677+00:00,blockrand-drand-quicknet
a1fb3c503e2a28c4f32526ccfe2607eae177052d3fc4d423e6d807fd8a620530,example-player-secret-12345,29231809,a6b0ac7963abf69723a30d3c72aa63c190d126bdc8ab1e775da766f3d0f6f110,46.0,2026-06-03T15:47:29.006712+00:00,blockrand-drand-quicknet
a1fb3c503e2a28c4f32526ccfe2607eae177052d3fc4d423e6d807fd8a620530,example-player-secret-12345,29231810,e77db0939c1ae54e9ac6a58d1e14da80be025669dc6e68cfac8d8fca95c97a31,100.0,2026-06-03T15:47:29.006769+00:00,blockrand-drand-quicknet
a1fb3c503e2a28c4f32526ccfe2607eae177052d3fc4d423e6d807fd8a620530,example-player-secret-12345,29231811,2d513a1cdf7f5bd75898e7f5dd57fd992f2782b38640ee78c8fb32b71d6679a7,13.0,2026-06-03T15:47:29.006818+00:00,blockrand-drand-quicknet
a1fb3c503e2a28c4f32526ccfe2607eae177052d3fc4d423e6d807fd8a620530,example-player-secret-12345,29231812,ebeafc3b28e04d1fb92c2c3958230de6e0f6900b887a5f37af9cae21cb3d6786,56.0,2026-06-03T15:47:29.006855+00:00,blockrand-drand-quicknet
a1fb3c503e2a28c4f32526ccfe2607eae177052d3fc4d423e6d807fd8a620530,example-player-secret-12345,29231813,63c0cd3ca00736e352e9e7dfd8a507d819843e758da9c3014f38eb9e0012ee2e,37.0,2026-06-03T15:47:29.006893+00:00,blockrand-drand-quicknet
a1fb3c503e2a28c4f32526ccfe2607eae177052d3fc4d423e6d807fd8a620530,example-player-secret-12345,29231814,1218b2fae74b201a98a18ae6d3d5be590a941a15a3713f3b5c3a07efdbfccf81,71.0,2026-06-03T15:47:29.006932+00:00,blockrand-drand-quicknet
a1fb3c503e2a28c4f32526ccfe2607eae177052d3fc4d423e6d807fd8a620530,example-player-secret-12345,29231815,c2e47821dbb6972c9d9cae26cd082499e1689ff834c86e6c84e6edc04a2ee912,66.0,2026-06-03T15:47:29.006968+00:00,blockrand-drand-quicknet
a1fb3c503e2a28c4f32526ccfe2607eae177052d3fc4d423e6d807fd8a620530,example-player-secret-12345,29231816,b1131bfbfcbb611bf2828cd0e3d468ad398747bf345563216e3d7260938067e7,80.0,2026-06-03T15:47:29.007003+00:00,blockrand-drand-quicknet
a1fb3c503e2a28c4f32526ccfe2607eae177052d3fc4d423e6d807fd8a620530,example-player-secret-12345,29231817,a3aa922a26d7473e1e5abf94c715738c4c57c69f85edb536a5df9ddaca4adde9,47.0,2026-06-03T15:47:29.007038+00:00,blockrand-drand-quicknet
a1fb3c503e2a28c4f32526ccfe2607eae177052d3fc4d423e6d807fd8a620530,example-player-secret-12345,29231818,c5a84849ded9e43fd8d83d4fbbf6f5c0ed57e85646cfd3a8ef01edf056ffb2d4,6.0,2026-06-03T15:47:29.007073+00:00,blockrand-drand-quicknet
a1fb3c503e2a28c4f32526ccfe2607eae177052d3fc4d423e6d807fd8a620530,example-player-secret-12345,29231819,20d0bc29c236c85243b6de55ff4302a0a81f097c1bfc849f1dabe273d0786fa4,70.0,2026-06-03T15:47:29.007109+00:00,blockrand-drand-quicknet
a1fb3c503e2a28c4f32526ccfe2607eae177052d3fc4d423e6d807fd8a620530,example-player-secret-12345,29231820,ab4e818afba9dd9ab3d1855fe0324c6df30a28d53973591507959905fab816ab,7.0,2026-06-03T15:47:29.007145+00:00,blockrand-drand-quicknet
a1fb3c503e2a28c4f32526ccfe2607eae177052d3fc4d423e6d807fd8a620530,example-player-secret-12345,29231821,d438d3d56e9f1d615c5bec009b4411b32a46361626713d7b4cc5c217326692c7,38.0,2026-06-03T15:47:29.007179+00:00,blockrand-drand-quicknet
a1fb3c503e2a28c4f32526ccfe2607eae177052d3fc4d423e6d807fd8a620530,example-player-secret-12345,29231822,32e615185a980b570581cd72aa816dc1d21606de4a6b87bb57e5663315dd7551,81.0,2026-06-03T15:47:29.007215+00:00,blockrand-drand-quicknet
a1fb3c503e2a28c4f32526ccfe2607eae177052d3fc4d423e6d807fd8a620530,example-player-secret-12345,29231823,ff00638b1ebd19965afeca10840d1176b435a330cdc7f129799b60e23515cded,64.0,2026-06-03T15:47:29.007251+00:00,blockrand-drand-quicknet
a1fb3c503e2a28c4f32526ccfe2607eae177052d3fc4d423e6d807fd8a620530,example-player-secret-12345,29231824,005edbded9f421b38a1da0779820e0c87fd1adc1048b91794d2303310bdf9ac1,71.0,2026-06-03T15:47:29.007289+00:00,blockrand-drand-quicknet
a1fb3c503e2a28c4f32526ccfe2607eae177052d3fc4d423e6d807fd8a620530,example-player-secret-12345,29231825,c2421cee823f3eaba276a74adcf9b501b871ac856c176a7bdc3bb0dbf6865a3e,87.0,2026-06-03T15:47:29.007329+00:00,blockrand-drand-quicknet
a1fb3c503e2a28c4f32526ccfe2607eae177052d3fc4d423e6d807fd8a620530,example-player-secret-12345,29231826,ec8eebd184f26763d49f80746eb46e896b3d440a84e982e7a3953e34721a0d28,58.0,2026-06-03T15:47:29.007365+00:00,blockrand-drand-quicknet
a1fb3c503e2a28c4f32526ccfe2607eae177052d3fc4d423e6d807fd8a620530,example-player-secret-12345,29231827,eab4b9a074c5d6d4671eda28b4a0576bea10c03c1cc0fe673b1a46065f9d1779,45.0,2026-06-03T15:47:29.007435+00:00,blockrand-drand-quicknet
a1fb3c503e2a28c4f32526ccfe2607eae177052d3fc4d423e6d807fd8a620530,example-player-secret-12345,29231828,66157df2245c57062a55f16264c315f3f38f2e37bfc4dd77fbf67cdd212186b9,31.0,2026-06-03T15:47:29.007476+00:00,blockrand-drand-quicknet
a1fb3c503e2a28c4f32526ccfe2607eae177052d3fc4d423e6d807fd8a620530,example-player-secret-12345,29231829,01ed09ada057db60226264eb4b66de10e5f8e20adab3624830eccd9485756394,26.0,2026-06-03T15:47:29.007513+00:00,blockrand-drand-quicknet
a1fb3c503e2a28c4f32526ccfe2607eae177052d3fc4d423e6d807fd8a620530,example-player-secret-12345,29231830,eb088c8cce2ee16b7132a6b55046c34fde674cbaa83d73459299d40dd3008ddb,29.0,2026-06-03T15:47:29.007550+00:00,blockrand-drand-quicknet
a1fb3c503e2a28c4f32526ccfe2607eae177052d3fc4d423e6d807fd8a620530,example-player-secret-12345,29231831,863354c86d09f2698b6837174ba17f72d9597d12a13bb2287233644f830afeb8,85.0,2026-06-03T15:47:29.007586+00:00,blockrand-drand-quicknet
a1fb3c503e2a28c4f32526ccfe2607eae177052d3fc4d423e6d807fd8a620530,example-player-secret-12345,29231832,f8a1488b625e4db07c8700d4b8181c3c6c3b1c32d41a71c343cc9467221c1c26,36.0,2026-06-03T15:47:29.007623+00:00,blockrand-drand-quicknet
a1fb3c503e2a28c4f32526ccfe2607eae177052d3fc4d423e6d807fd8a620530,example-player-secret-12345,29231833,440ef64bdc9a97e6163baad62c67924581add246abe401f6212aff817421d091,44.0,2026-06-03T15:47:29.007668+00:00,blockrand-drand-quicknet
a1fb3c503e2a28c4f32526ccfe2607eae177052d3fc4d423e6d807fd8a620530,example-player-secret-12345,29231834,30d3e396bde503009d658f0cfa487828887788da36551a770360e18e4de8a252,27.0,2026-06-03T15:47:29.007705+00:00,blockrand-drand-quicknet
a1fb3c503e2a28c4f32526ccfe2607eae177052d3fc4d423e6d807fd8a620530,example-player-secret-12345,29231835,3596db4da573d2fbd783a94e31186478530267633bf6d831c9ebf65a1b405cdc,90.0,2026-06-03T15:47:29.007740+00:00,blockrand-drand-quicknet
a1fb3c503e2a28c4f32526ccfe2607eae177052d3fc4d423e6d807fd8a620530,example-player-secret-12345,29231836,c281cbd753db5391742399c36287d4bb793253bd2d42384f53c37cc3705cdf24,32.0,2026-06-03T15:47:29.007777+00:00,blockrand-drand-quicknet
a1fb3c503e2a28c4f32526ccfe2607eae177052d3fc4d423e6d807fd8a620530,example-player-secret-12345,29231837,2fa865f781ac1c927394fcf5931672e00d664005475ed34321c02b9842950a06,4.0,2026-06-03T15:47:29.007814+00:00,blockrand-drand-quicknet
a1fb3c503e2a28c4f32526ccfe2607eae177052d3fc4d423e6d807fd8a620530,example-player-secret-12345,29231838,fa2ab6d67232c14cc1a4cd9f9fd40716a9504b87a4d5ad00da16894161b21219,19.0,2026-06-03T15:47:29.007850+00:00,blockrand-drand-quicknet
a1fb3c503e2a28c4f32526ccfe2607eae177052d3fc4d423e6d807fd8a620530,example-player-secret-12345,29231839,440ec91c54b05c37648011f7327e0b19fa0e4034a3728abb22db967b38dfbf03,77.0,2026-06-03T15:47:29.007887+00:00,blockrand-drand-quicknet
a1fb3c503e2a28c4f32526ccfe2607eae177052d3fc4d423e6d807fd8a620530,example-player-secret-12345,29231840,fee3c69ab33da42ee6f4e3d4054ce076f628989816f90c424c2f20131780ced4,79.0,2026-06-03T15:47:29.007923+00:00,blockrand-drand-quicknet
a1fb3c503e2a28c4f32526ccfe2607eae177052d3fc4d423e6d807fd8a620530,example-player-secret-12345,29231841,07ceec6f1954fe7e8382a6a6d5417478372af344a3f2cefb00ddb5d6855dab58,56.0,2026-06-03T15:47:29.007960+00:00,blockrand-drand-quicknet
a1fb3c503e2a28c4f32526ccfe2607eae177052d3fc4d423e6d807fd8a620530,example-player-secret-12345,29231842,2346204e669ef0bed0625902944db392eab4bcdfe5fb6bd16008732973126201,51.0,2026-06-03T15:47:29.007996+00:00,blockrand-drand-quicknet
a1fb3c503e2a28c4f32526ccfe2607eae177052d3fc4d423e6d807fd8a620530,example-player-secret-12345,29231843,6d62d1b75bc455708bab63ec4d231c9003120ba97a642af429c1ac0e6d5540a2,60.0,2026-06-03T15:47:29.008033+00:00,blockrand-drand-quicknet
a1fb3c503e2a28c4f32526ccfe2607eae177052d3fc4d423e6d807fd8a620530,example-player-secret-12345,29231844,c61a9adad3d666d0e4e1771620bfda81570e8011dcb4814a9073d3458cd3c9a1,47.0,2026-06-03T15:47:29.008072+00:00,blockrand-drand-quicknet
a1fb3c503e2a28c4f32526ccfe2607eae177052d3fc4d423e6d807fd8a620530,example-player-secret-12345,29231845,bd72883a522bb4c53c7f0caa3ddf541fc5ca2fa8d9e278b5940ca0d7059e9094,3.0,2026-06-03T15:47:29.008110+00:00,blockrand-drand-quicknet
a1fb3c503e2a28c4f32526ccfe2607eae177052d3fc4d423e6d807fd8a620530,example-player-secret-12345,29231846,66f3bd63ec222074ca4707b6c8c18996048b0743b39b94f6a6c7dd8e3ace7e85,64.0,2026-06-03T15:47:29.008147+00:00,blockrand-drand-quicknet
a1fb3c503e2a28c4f32526ccfe2607eae177052d3fc4d423e6d807fd8a620530,example-player-secret-12345,29231847,1970f7fee43ccae8ef3008d1eb2a3df5540dc0deaa8faf65478a3375ac387181,19.0,2026-06-03T15:47:29.008183+00:00,blockrand-drand-quicknet
a1fb3c503e2a28c4f32526ccfe2607eae177052d3fc4d423e6d807fd8a620530,example-player-secret-12345,29231848,805b3e764d0b2d53cc0a4bc81b70b53fa215a48fe00587e34aa2a873e6b28c73,15.0,2026-06-03T15:47:29.008219+00:00,blockrand-drand-quicknet
a1fb3c503e2a28c4f32526ccfe2607eae177052d3fc4d423e6d807fd8a620530,example-player-secret-12345,29231849,98cc3fed34a4fa191fa04402772d472c207a83acc98000a9d78897779dec3497,42.0,2026-06-03T15:47:29.008255+00:00,blockrand-drand-quicknet
a1fb3c503e2a28c4f32526ccfe2607eae177052d3fc4d423e6d807fd8a620530,example-player-secret-12345,29231850,c994bdecdd6e94611a8f19ba43cfeb3aa2a1ad685d885c096bb629f65a33fed4,65.0,2026-06-03T15:47:29.008291+00:00,blockrand-drand-quicknet
a1fb3c503e2a28c4f32526ccfe2607eae177052d3fc4d423e6d807fd8a620530,example-player-secret-12345,29231851,8a94c4c08ab75958559788f336c661dfb974b184bab74f12e60318fdaafbbd95,5.0,2026-06-03T15:47:29.008327+00:00,blockrand-drand-quicknet
a1fb3c503e2a28c4f32526ccfe2607eae177052d3fc4d423e6d807fd8a620530,example-player-secret-12345,29231852,867222c3a85c490096e8abb83d6072f78aa28441357caa237381463af6dc4ded,48.0,2026-06-03T15:47:29.008363+00:00,blockrand-drand-quicknet
a1fb3c503e2a28c4f32526ccfe2607eae177052d3fc4d423e6d807fd8a620530,example-player-secret-12345,29231853,a0be79fecc7b5a8ca899fe61c0c79c6a107dc7437c39ff3f74b121feb4d3656f,31.0,2026-06-03T15:47:29.008402+00:00,blockrand-drand-quicknet
a1fb3c503e2a28c4f32526ccfe2607eae177052d3fc4d423e6d807fd8a620530,example-player-secret-12345,29231854,c0fa5030b329385ef01016285db9620003be8175a1773ac5566fadda133b80e4,1.0,2026-06-03T15:47:29.008441+00:00,blockrand-drand-quicknet
a1fb3c503e2a28c4f32526ccfe2607eae177052d3fc4d423e6d807fd8a620530,example-player-secret-12345,29231855,f48f0eafb24c45003179cc69dffbb5b13ab242ac81f9f41b00e9d390a47a80cd,12.0,2026-06-03T15:47:29.008476+00:00,blockrand-drand-quicknet
a1fb3c503e2a28c4f32526ccfe2607eae177052d3fc4d423e6d807fd8a620530,example-player-secret-12345,29231856,17edfa6683f4d8804ab843054578dcfffc1d057f504994477db90001a62e5f1a,3.0,2026-06-03T15:47:29.008512+00:00,blockrand-drand-quicknet
a1fb3c503e2a28c4f32526ccfe2607eae177052d3fc4d423e6d807fd8a620530,example-player-secret-12345,29231857,59ed44b29a806be2f1df4617bd8fffdc45d9b42862f1dd1a803509240153cf00,43.0,2026-06-03T15:47:29.008550+00:00,blockrand-drand-quicknet
a1fb3c503e2a28c4f32526ccfe2607eae177052d3fc4d423e6d807fd8a620530,example-player-secret-12345,29231858,ae21140d697fe592ef116817a893abcb2d6ac7fd50c22623e8dea431a7bf83c2,6.0,2026-06-03T15:47:29.008596+00:00,blockrand-drand-quicknet
a1fb3c503e2a28c4f32526ccfe2607eae177052d3fc4d423e6d807fd8a620530,example-player-secret-12345,29231859,640e32ad27cb3a95a075785113b19dcef6611315685aebee4ae746f7fe389c0a,78.0,2026-06-03T15:47:29.008789+00:00,blockrand-drand-quicknet
a1fb3c503e2a28c4f32526ccfe2607eae177052d3fc4d423e6d807fd8a620530,example-player-secret-12345,29231860,9b8bb2281064bde3f7a1919e012e9de78b0bb27c4b51c2f621faefab5f3ea07a,93.0,2026-06-03T15:47:29.008893+00:00,blockrand-drand-quicknet
a1fb3c503e2a28c4f32526ccfe2607eae177052d3fc4d423e6d807fd8a620530,example-player-secret-12345,29231861,49ed9d4a0c344837d34f856c0e8faa527e8e846139026df7489ae5936f232107,67.0,2026-06-03T15:47:29.008945+00:00,blockrand-drand-quicknet
a1fb3c503e2a28c4f32526ccfe2607eae177052d3fc4d423e6d807fd8a620530,example-player-secret-12345,29231862,3dfc523a8b8d9df90c8c08ef996badbcc1d4879946868e841e334d9f9ef5e025,99.0,2026-06-03T15:47:29.008985+00:00,blockrand-drand-quicknet
a1fb3c503e2a28c4f32526ccfe2607eae177052d3fc4d423e6d807fd8a620530,example-player-secret-12345,29231863,076f34bffcc0a82911dbf6ceb1acfe00da61b206c0fac8cd32f606f9527000b3,12.0,2026-06-03T15:47:29.009022+00:00,blockrand-drand-quicknet
a1fb3c503e2a28c4f32526ccfe2607eae177052d3fc4d423e6d807fd8a620530,example-player-secret-12345,29231864,c14eca46a2ba9d0f61dd6c1005ea72cb16150faf0e2be28324af5e450b196114,79.0,2026-06-03T15:47:29.009059+00:00,blockrand-drand-quicknet
a1fb3c503e2a28c4f32526ccfe2607eae177052d3fc4d423e6d807fd8a620530,example-player-secret-12345,29231865,a995ee3a3e9ba420081133fdc5a8f034c1b14b8f7b4c8b1808a3a071b2eb90f6,55.0,2026-06-03T15:47:29.009096+00:00,blockrand-drand-quicknet
a1fb3c503e2a28c4f32526ccfe2607eae177052d3fc4d423e6d807fd8a620530,example-player-secret-12345,29231866,35c28a4bc3e7c31d908edf4782353aa17c23f40e45445093e788c5c4f281b9e1,36.0,2026-06-03T15:47:29.009160+00:00,blockrand-drand-quicknet
a1fb3c503e2a28c4f32526ccfe2607eae177052d3fc4d423e6d807fd8a620530,example-player-secret-12345,29231867,a9060bf6d0438f1d12a4c10c0b19b6416df2fb25df4e7912d8a4a37a222f39cd,83.0,2026-06-03T15:47:29.009230+00:00,blockrand-drand-quicknet
a1fb3c503e2a28c4f32526ccfe2607eae177052d3fc4d423e6d807fd8a620530,example-player-secret-12345,29231868,c1ef4cff61aa4e29a7dd88f821afe8cae078f596d07e68d459162c242f34ccb3,4.0,2026-06-03T15:47:29.009275+00:00,blockrand-drand-quicknet
a1fb3c503e2a28c4f32526ccfe2607eae177052d3fc4d423e6d807fd8a620530,example-player-secret-12345,29231869,959ede8e95d01b30ef174935aa548dc039c5994f9e7783d01ef4e80aad4e3c2e,47.0,2026-06-03T15:47:29.009315+00:00,blockrand-drand-quicknet
a1fb3c503e2a28c4f32526ccfe2607eae177052d3fc4d423e6d807fd8a620530,example-player-secret-12345,29231870,cfd0db1e3906c5d8268ce04d0c01a46018146300e25448ff4d5bc1ba3ca7c515,95.0,2026-06-03T15:47:29.009354+00:00,blockrand-drand-quicknet
a1fb3c503e2a28c4f32526ccfe2607eae177052d3fc4d423e6d807fd8a620530,example-player-secret-12345,29231871,3a2d8eedffe875d2e8619ed771dedfa251b5d689c423d3767b64f59aabbf9594,38.0,2026-06-03T15:47:29.009392+00:00,blockrand-drand-quicknet
a1fb3c503e2a28c4f32526ccfe2607eae177052d3fc4d423e6d807fd8a620530,example-player-secret-12345,29231872,0437519c2dd27804ed11cf5f3edc4a7d09195b39f944423361f1217068eff766,37.0,2026-06-03T15:47:29.009429+00:00,blockrand-drand-quicknet
a1fb3c503e2a28c4f32526ccfe2607eae177052d3fc4d423e6d807fd8a620530,example-player-secret-12345,29231873,5b1d69e59233565c8eca4a75b44bcccb5fd7aea88da3f6b4a7d21160925d1277,10.0,2026-06-03T15:47:29.009466+00:00,blockrand-drand-quicknet
a1fb3c503e2a28c4f32526ccfe2607eae177052d3fc4d423e6d807fd8a620530,example-player-secret-12345,29231874,eaf09110a3a9e5efcbbdddb0acab94540bd332ad4ace22b4291aea70fe5608f4,21.0,2026-06-03T15:47:29.009504+00:00,blockrand-drand-quicknet
a1fb3c503e2a28c4f32526ccfe2607eae177052d3fc4d423e6d807fd8a620530,example-player-secret-12345,29231875,846bfb656ed34e3e4765005d176457678d252e6190eb0d116ba789118c56da59,22.0,2026-06-03T15:47:29.009542+00:00,blockrand-drand-quicknet
a1fb3c503e2a28c4f32526ccfe2607eae177052d3fc4d423e6d807fd8a620530,example-player-secret-12345,29231876,723f1d4323a50652f5dac65bf43b2e7f3660ba64d76d62ad8ec5be20ba4db138,84.0,2026-06-03T15:47:29.009587+00:00,blockrand-drand-quicknet
a1fb3c503e2a28c4f32526ccfe2607eae177052d3fc4d423e6d807fd8a620530,example-player-secret-12345,29231877,9fc74f952390cc2481de18ce9d08f9d1a5decb733b574de63d9f52a88c484e11,82.0,2026-06-03T15:47:29.009629+00:00,blockrand-drand-quicknet
a1fb3c503e2a28c4f32526ccfe2607eae177052d3fc4d423e6d807fd8a620530,example-player-secret-12345,29231878,df82eb718d2c12848ca55469681fc33b270d2f67b2c1a0f2bb69386cc52d7e05,22.0,2026-06-03T15:47:29.009668+00:00,blockrand-drand-quicknet
a1fb3c503e2a28c4f32526ccfe2607eae177052d3fc4d423e6d807fd8a620530,example-player-secret-12345,29231879,262f731ee8126ebaa6bcd742f22a26c22c6a3de152754b66ab51fa3a572ea406,71.0,2026-06-03T15:47:29.009705+00:00,blockrand-drand-quicknet
a1fb3c503e2a28c4f32526ccfe2607eae177052d3fc4d423e6d807fd8a620530,example-player-secret-12345,29231880,46b97d63b70fa0a757c881748c28cc30bf902f6413830b128f5c86428609a3da,80.0,2026-06-03T15:47:29.009742+00:00,blockrand-drand-quicknet
a1fb3c503e2a28c4f32526ccfe2607eae177052d3fc4d423e6d807fd8a620530,example-player-secret-12345,29231881,16a17b8e36fecf414a5f37c645d75039c8348a2061cca6c55ead4ad55c893c80,79.0,2026-06-03T15:47:29.009781+00:00,blockrand-drand-quicknet
a1fb3c503e2a28c4f32526ccfe2607eae177052d3fc4d423e6d807fd8a620530,example-player-secret-12345,29231882,742035d3aee8a46c84388e5c7d036e6d660c7ba710ffbc701e0e454e55d6a501,88.0,2026-06-03T15:47:29.009818+00:00,blockrand-drand-quicknet
a1fb3c503e2a28c4f32526ccfe2607eae177052d3fc4d423e6d807fd8a620530,example-player-secret-12345,29231883,d7c34003fe5611dda6b9fcc84771eae9134e8fe6f9e076ebbd0231bd4ab5d950,48.0,2026-06-03T15:47:29.009854+00:00,blockrand-drand-quicknet
a1fb3c503e2a28c4f32526ccfe2607eae177052d3fc4d423e6d807fd8a620530,example-player-secret-12345,29231884,c0f6ded0cdfd0d4bf229cdcaf87c4cc9a4f4f4eae715cff51b394d8f3b275fb5,69.0,2026-06-03T15:47:29.009890+00:00,blockrand-drand-quicknet
a1fb3c503e2a28c4f32526ccfe2607eae177052d3fc4d423e6d807fd8a620530,example-player-secret-12345,29231885,41f8344a0347e1079d9d313da05607e93b84db855ec2db90fc0d78ec0679096f,55.0,2026-06-03T15:47:29.009926+00:00,blockrand-drand-quicknet
a1fb3c503e2a28c4f32526ccfe2607eae177052d3fc4d423e6d807fd8a620530,example-player-secret-12345,29231886,d1041c7498c5feb50e1f17daa23692ed41afd76b95d1835b940693bdc8864752,73.0,2026-06-03T15:47:29.009962+00:00,blockrand-drand-quicknet
a1fb3c503e2a28c4f32526ccfe2607eae177052d3fc4d423e6d807fd8a620530,example-player-secret-12345,29231887,5856a06dc1e2bd4aa46abac331af0fc86c50ea4304124eead9f1c33c9eb82e4c,74.0,2026-06-03T15:47:29.010001+00:00,blockrand-drand-quicknet
a1fb3c503e2a28c4f32526ccfe2607eae177052d3fc4d423e6d807fd8a620530,example-player-secret-12345,29231888,0313479dbdbf6efe6e89b8d0568291467de3a6b2cd645b76c5e7df7328238023,66.0,2026-06-03T15:47:29.010037+00:00,blockrand-drand-quicknet
a1fb3c503e2a28c4f32526ccfe2607eae177052d3fc4d423e6d807fd8a620530,example-player-secret-12345,29231889,546ce0147476adda50e3113e2f5dfe100ee028c797c43adc962a6c117ba16f7d,97.0,2026-06-03T15:47:29.010073+00:00,blockrand-drand-quicknet
a1fb3c503e2a28c4f32526ccfe2607eae177052d3fc4d423e6d807fd8a620530,example-player-secret-12345,29231890,dc9d20da9720ca24b38c727409286e88dd917d2945942d497ad029370e009bef,83.0,2026-06-03T15:47:29.010108+00:00,blockrand-drand-quicknet
a1fb3c503e2a28c4f32526ccfe2607eae177052d3fc4d423e6d807fd8a620530,example-player-secret-12345,29231891,1c485e0f8aec4e18ad2e1b9ea2e570210cce1d15d3abccde1c389989790769cc,20.0,2026-06-03T15:47:29.010143+00:00,blockrand-drand-quicknet
a1fb3c503e2a28c4f32526ccfe2607eae177052d3fc4d423e6d807fd8a620530,example-player-secret-12345,29231892,e75f77322548a2ca3489e99fae997dd1fbaa2d285955e64442d3a9792db40fbb,31.0,2026-06-03T15:47:29.010181+00:00,blockrand-drand-quicknet
a1fb3c503e2a28c4f32526ccfe2607eae177052d3fc4d423e6d807fd8a620530,example-player-secret-12345,29231893,61e224ec683397c25f4033e744ed0b5749462f0002f9b1c874641a84060b998b,41.0,2026-06-03T15:47:29.010220+00:00,blockrand-drand-quicknet
a1fb3c503e2a28c4f32526ccfe2607eae177052d3fc4d423e6d807fd8a620530,example-player-secret-12345,29231894,0d6aced4deef2b5e4bb8dc14da9b87eb1c17e75a5b035c50cc6a36c046c7e467,73.0,2026-06-03T15:47:29.010256+00:00,blockrand-drand-quicknet
a1fb3c503e2a28c4f32526ccfe2607eae177052d3fc4d423e6d807fd8a620530,example-player-secret-12345,29231895,ff9fe2e7a07b56202f34167f387ea4a7e4c15dbe339d563a1a843f79b2869170,92.0,2026-06-03T15:47:29.010292+00:00,blockrand-drand-quicknet
a1fb3c503e2a28c4f32526ccfe2607eae177052d3fc4d423e6d807fd8a620530,example-player-secret-12345,29231896,c5c1dcf5167db0cfdc0fe78b8f4e06847498276d5035e02054ded683fb267668,66.0,2026-06-03T15:47:29.010341+00:00,blockrand-drand-quicknet
a1fb3c503e2a28c4f32526ccfe2607eae177052d3fc4d423e6d807fd8a620530,example-player-secret-12345,29231897,b363b552485865d2208e7938f4c43f23437fac8862a82c3df40dad433ec0ad99,47.0,2026-06-03T15:47:29.010379+00:00,blockrand-drand-quicknet
a1fb3c503e2a28c4f32526ccfe2607eae177052d3fc4d423e6d807fd8a620530,example-player-secret-12345,29231898,66b5c05279aebba79dd2c182bcf92f1d5414af217dc74cf27042a4636c6891f2,83.0,2026-06-03T15:47:29.010414+00:00,blockrand-drand-quicknet
a1fb3c503e2a28c4f32526ccfe2607eae177052d3fc4d423e6d807fd8a620530,example-player-secret-12345,29231899,f387636bb706edd9faf4de04e75b0960634b78f569e0b1824c9c38be8c686b9d,100.0,2026-06-03T15:47:29.010450+00:00,blockrand-drand-quicknet
a1fb3c503e2a28c4f32526ccfe2607eae177052d3fc4d423e6d807fd8a620530,example-player-secret-12345,29231900,aa785d0c4b7658af4e1eb4db5cb7a0ec10d3e95450b94c423f7c16f3260a37b0,61.0,2026-06-03T15:47:29.010493+00:00,blockrand-drand-quicknet
a1fb3c503e2a28c4f32526ccfe2607eae177052d3fc4d423e6d807fd8a620530,example-player-secret-12345,29231901,206ee5f258529cd3a56e6650447d6b0766f5a382a1ba01edb369ccfdcab386f2,39.0,2026-06-03T15:47:29.010529+00:00,blockrand-drand-quicknet
a1fb3c503e2a28c4f32526ccfe2607eae177052d3fc4d423e6d807fd8a620530,example-player-secret-12345,29231902,13135d16212d95ec6dbdb2a57c21da3e971d86e6ae5694a735995afa0a140ebc,19.0,2026-06-03T15:47:29.010566+00:00,blockrand-drand-quicknet
a1fb3c503e2a28c4f32526ccfe2607eae177052d3fc4d423e6d807fd8a620530,example-player-secret-12345,29231903,07dde79191c15aa9189832af4fc2e188f0631701e12ad6fc4c2d7836808ecbaf,50.0,2026-06-03T15:47:29.010602+00:00,blockrand-drand-quicknet
a1fb3c503e2a28c4f32526ccfe2607eae177052d3fc4d423e6d807fd8a620530,example-player-secret-12345,29231904,65d6dc3012a8a90170ebefadf2f769fc8a1e0b937adaaab5f04e2555f1391eda,89.0,2026-06-03T15:47:29.010637+00:00,blockrand-drand-quicknet
a1fb3c503e2a28c4f32526ccfe2607eae177052d3fc4d423e6d807fd8a620530,example-player-secret-12345,29231905,e4b5cdc5082c952754904c4503700b527bde29278b89f60dad529c9da0e9f3b1,42.0,2026-06-03T15:47:29.010672+00:00,blockrand-drand-quicknet
a1fb3c503e2a28c4f32526ccfe2607eae177052d3fc4d423e6d807fd8a620530,example-player-secret-12345,29231906,509e38df424d29f4e023b96ffd04a0012c1189be7261bb89c0b75cf198edd377,28.0,2026-06-03T15:47:29.010708+00:00,blockrand-drand-quicknet
a1fb3c503e2a28c4f32526ccfe2607eae177052d3fc4d423e6d807fd8a620530,example-player-secret-12345,29231907,a09c3c24144312b5212e9d8698985c2ea90210797772038abeeb1abb873b62e8,73.0,2026-06-03T15:47:29.010743+00:00,blockrand-drand-quicknet
a1fb3c503e2a28c4f32526ccfe2607eae177052d3fc4d423e6d807fd8a620530,example-player-secret-12345,29231908,dfb5947ea64c2d171339cb0671d54ed93fd7bed6c27d973323b9f791cd2b78ad,99.0,2026-06-03T15:47:29.010782+00:00,blockrand-drand-quicknet
a1fb3c503e2a28c4f32526ccfe2607eae177052d3fc4d423e6d807fd8a620530,example-player-secret-12345,29231909,19ba1989222460706570d4773e6c994439046528246ffaab952efbcb8531a811,34.0,2026-06-03T15:47:29.010819+00:00,blockrand-drand-quicknet
a1fb3c503e2a28c4f32526ccfe2607eae177052d3fc4d423e6d807fd8a620530,example-player-secret-12345,29231910,23f0a6a21d1d4929c7fa78ed88b45bc2b1808f9dd82740746175e5960da3da95,59.0,2026-06-03T15:47:29.010855+00:00,blockrand-drand-quicknet
a1fb3c503e2a28c4f32526ccfe2607eae177052d3fc4d423e6d807fd8a620530,example-player-secret-12345,29231911,ea3132ecf1f3a03f236b231c006c23777bf4c74522a93181786175396429a47e,45.0,2026-06-03T15:47:29.010891+00:00,blockrand-drand-quicknet
a1fb3c503e2a28c4f32526ccfe2607eae177052d3fc4d423e6d807fd8a620530,example-player-secret-12345,29231912,c45fa006aad5d74d8df62cf34a64d5ded9564515885c1aee327115a50d57701e,23.0,2026-06-03T15:47:29.010927+00:00,blockrand-drand-quicknet
a1fb3c503e2a28c4f32526ccfe2607eae177052d3fc4d423e6d807fd8a620530,example-player-secret-12345,29231913,b4006445f93c1f793fa6c2f6e95ceb7984254e777ad29bed321695640f0fe8f2,50.0,2026-06-03T15:47:29.010962+00:00,blockrand-drand-quicknet
a1fb3c503e2a28c4f32526ccfe2607eae177052d3fc4d423e6d807fd8a620530,example-player-secret-12345,29231914,ae0bcec4457abe273980fa9e4ef7d5f455ca89f3d9c75b8b0adbf9d558fd8bbf,13.0,2026-06-03T15:47:29.010997+00:00,blockrand-drand-quicknet
a1fb3c503e2a28c4f32526ccfe2607eae177052d3fc4d423e6d807fd8a620530,example-player-secret-12345,29231915,56a02b4d337f04b22ec59db52b982514fe84a30599e832efb7ee845dfc8e38a0,22.0,2026-06-03T15:47:29.011033+00:00,blockrand-drand-quicknet
a1fb3c503e2a28c4f32526ccfe2607eae177052d3fc4d423e6d807fd8a620530,example-player-secret-12345,29231916,7c195fb6b3e8ed53501e05048e9a96b9f38dc1acced0b8c783cd3eb3ff5eeec9,87.0,2026-06-03T15:47:29.011068+00:00,blockrand-drand-quicknet
a1fb3c503e2a28c4f32526ccfe2607eae177052d3fc4d423e6d807fd8a620530,example-player-secret-12345,29231917,cbe2342bfc4869a0cfd6dc59b16a17aec2555c5bf500a37e5b92164499961334,40.0,2026-06-03T15:47:29.011103+00:00,blockrand-drand-quicknet
a1fb3c503e2a28c4f32526ccfe2607eae177052d3fc4d423e6d807fd8a620530,example-player-secret-12345,29231918,801665ebe517d08ffd76a27e6db22bc684be43c15cabb1a6db37c28be7fdbc0f,32.0,2026-06-03T15:47:29.011138+00:00,blockrand-drand-quicknet
a1fb3c503e2a28c4f32526ccfe2607eae177052d3fc4d423e6d807fd8a620530,example-player-secret-12345,29231919,1e820e424414ad40fbbe8a3ef78a1a62b6b15dd13fa4eb472dc1c8d5ba957d1b,11.0,2026-06-03T15:47:29.011173+00:00,blockrand-drand-quicknet
a1fb3c503e2a28c4f32526ccfe2607eae177052d3fc4d423e6d807fd8a620530,example-player-secret-12345,29231920,0c1ad9a018d59eb91489c9bdaac9c933632ea3fa95fa7ac0c73b8e9528aff092,41.0,2026-06-03T15:47:29.011212+00:00,blockrand-drand-quicknet
a1fb3c503e2a28c4f32526ccfe2607eae177052d3fc4d423e6d807fd8a620530,example-player-secret-12345,29231921,b9c18a20fedc2ff51105d1006647e136cb6f9e40b2e2821b52cc53c872002de1,69.0,2026-06-03T15:47:29.011267+00:00,blockrand-drand-quicknet
a1fb3c503e2a28c4f32526ccfe2607eae177052d3fc4d423e6d807fd8a620530,example-player-secret-12345,29231922,308a4f689039c15871bb925694757afea6757ef48de138f99abd0235e86ed74e,65.0,2026-06-03T15:47:29.011304+00:00,blockrand-drand-quicknet
a1fb3c503e2a28c4f32526ccfe2607eae177052d3fc4d423e6d807fd8a620530,example-player-secret-12345,29231923,8194189ccd148debd691eb9192d0864d7b857edc1390213ecaf625b7d27cf936,93.0,2026-06-03T15:47:29.011340+00:00,blockrand-drand-quicknet
a1fb3c503e2a28c4f32526ccfe2607eae177052d3fc4d423e6d807fd8a620530,example-player-secret-12345,29231924,0b0147a9293299f6897abe76030faee15d7e0608cb0ffaf0625ef60223dccfe9,58.0,2026-06-03T15:47:29.011376+00:00,blockrand-drand-quicknet
a1fb3c503e2a28c4f32526ccfe2607eae177052d3fc4d423e6d807fd8a620530,example-player-secret-12345,29231925,ac15b5f85dbf5a409feb8d78f30ab58583c25922486b3b8b1015ca19f56733e1,93.0,2026-06-03T15:47:29.011418+00:00,blockrand-drand-quicknet
a1fb3c503e2a28c4f32526ccfe2607eae177052d3fc4d423e6d807fd8a620530,example-player-secret-12345,29231926,e1ba7a432c4fae0cb6dea815ac976a6775dca575aa3f459d5695d20f33085742,96.0,2026-06-03T15:47:29.011455+00:00,blockrand-drand-quicknet
a1fb3c503e2a28c4f32526ccfe2607eae177052d3fc4d423e6d807fd8a620530,example-player-secret-12345,29231927,94e800e0028345627f2f63f1c65a00f07cb307a6a8ba2b7b4b948c5d193cf644,45.0,2026-06-03T15:47:29.011491+00:00,blockrand-drand-quicknet
a1fb3c503e2a28c4f32526ccfe2607eae177052d3fc4d423e6d807fd8a620530,example-player-secret-12345,29231928,ea40d826b90bd1bb7fa0bcc0f228c259a5c0a07304384d1fdabeefb48c116ab8,83.0,2026-06-03T15:47:29.011527+00:00,blockrand-drand-quicknet
a1fb3c503e2a28c4f32526ccfe2607eae177052d3fc4d423e6d807fd8a620530,example-player-secret-12345,29231929,91c5f110dad3e19e7518d8a89514764b0d474500b32d6f676024e51c54daa268,25.0,2026-06-03T15:47:29.011563+00:00,blockrand-drand-quicknet
a1fb3c503e2a28c4f32526ccfe2607eae177052d3fc4d423e6d807fd8a620530,example-player-secret-12345,29231930,ffbb14a2877d12e6d9f4f32e30a89a06c9c3283622985f42f690a8a13c131751,95.0,2026-06-03T15:47:29.011600+00:00,blockrand-drand-quicknet
a1fb3c503e2a28c4f32526ccfe2607eae177052d3fc4d423e6d807fd8a620530,example-player-secret-12345,29231931,2e10ca975e381dea36c55378fc7c75f8bb054101a2bc6b957baa044c75b5f3a9,76.0,2026-06-03T15:47:29.011636+00:00,blockrand-drand-quicknet
a1fb3c503e2a28c4f32526ccfe2607eae177052d3fc4d423e6d807fd8a620530,example-player-secret-12345,29231932,e3dfabf02939eecf06a5d4489f1e0f2b86182bea2df47f9eb4325661363214e9,77.0,2026-06-03T15:47:29.011671+00:00,blockrand-drand-quicknet
a1fb3c503e2a28c4f32526ccfe2607eae177052d3fc4d423e6d807fd8a620530,example-player-secret-12345,29231933,3ca0a6d3d1fc1d2ea11e7f82e77f44043570612d0ccfd13cdcc840c8ff35de23,28.0,2026-06-03T15:47:29.011707+00:00,blockrand-drand-quicknet
a1fb3c503e2a28c4f32526ccfe2607eae177052d3fc4d423e6d807fd8a620530,example-player-secret-12345,29231934,a6e00269743d1ae01dd7f421f5a041df17ca96597c3127184fa3877dbf11a5e0,38.0,2026-06-03T15:47:29.011742+00:00,blockrand-drand-quicknet
a1fb3c503e2a28c4f32526ccfe2607eae177052d3fc4d423e6d807fd8a620530,example-player-secret-12345,29231935,d973663f339a4e29fa082a30d28b8b24db266df55cc77433fae3c325f884003e,88.0,2026-06-03T15:47:29.011779+00:00,blockrand-drand-quicknet
a1fb3c503e2a28c4f32526ccfe2607eae177052d3fc4d423e6d807fd8a620530,example-player-secret-12345,29231936,9dcfacb6b9bdcfec56dfbc429d748903092e6d8e504d18bf4c54d6e576e82ab3,79.0,2026-06-03T15:47:29.011814+00:00,blockrand-drand-quicknet
a1fb3c503e2a28c4f32526ccfe2607eae177052d3fc4d423e6d807fd8a620530,example-player-secret-12345,29231937,d19a01f3b6e03ebbe18fba804e2ddd0bcc0779fd2b46c063837cac5146a8f6d0,88.0,2026-06-03T15:47:29.011850+00:00,blockrand-drand-quicknet
3bdab1450ee7c7d6d309ca16b6515108a0dbe6e76da7fd4e14512f210cf0ccd6,example-player-secret-12345,29231938,4780e68933a85146e8edaab3ef8d65eb554eec4585e88cc6238918e2c6b3dd8b,62.0,2026-06-03T15:47:29.011917+00:00,blockrand-drand-quicknet
3bdab1450ee7c7d6d309ca16b6515108a0dbe6e76da7fd4e14512f210cf0ccd6,example-player-secret-12345,29231939,d54ca7eb0804a69c674d8913c0e5b7ae604d32a66f237cfd36ed81b936627346,32.0,2026-06-03T15:47:29.011960+00:00,blockrand-drand-quicknet
3bdab1450ee7c7d6d309ca16b6515108a0dbe6e76da7fd4e14512f210cf0ccd6,example-player-secret-12345,29231940,fa6b02b0a7811e3d10c05756fa8779d10948b0dda75c194529f9823a3e48946e,41.0,2026-06-03T15:47:29.011997+00:00,blockrand-drand-quicknet
3bdab1450ee7c7d6d309ca16b6515108a0dbe6e76da7fd4e14512f210cf0ccd6,example-player-secret-12345,29231941,0d399b272f0c610050f6fbe750485ff4a56aa4820d7c27e72427b65e3c8a938f,80.0,2026-06-03T15:47:29.012036+00:00,blockrand-drand-quicknet
3bdab1450ee7c7d6d309ca16b6515108a0dbe6e76da7fd4e14512f210cf0ccd6,example-player-secret-12345,29231942,ba1ceeb02557da21b83eac94af69d8b93df658e3038598291770a8ea11dcf2c3,89.0,2026-06-03T15:47:29.012073+00:00,blockrand-drand-quicknet
3bdab1450ee7c7d6d309ca16b6515108a0dbe6e76da7fd4e14512f210cf0ccd6,example-player-secret-12345,29231943,d8738d06daf6b4d76d605fc5caefc040af3b897e55cc1a1dba637b1236aa9367,99.0,2026-06-03T15:47:29.012110+00:00,blockrand-drand-quicknet
3bdab1450ee7c7d6d309ca16b6515108a0dbe6e76da7fd4e14512f210cf0ccd6,example-player-secret-12345,29231944,2d2b501eaad5efce70222f6a0a4413b272cbaf1baca5ae27af9c3834bf2ce371,79.0,2026-06-03T15:47:29.012146+00:00,blockrand-drand-quicknet
3bdab1450ee7c7d6d309ca16b6515108a0dbe6e76da7fd4e14512f210cf0ccd6,example-player-secret-12345,29231945,76b0b4e859190a69493844214f118acafdba14a56013896b0eb9afdadf13f641,37.0,2026-06-03T15:47:29.012182+00:00,blockrand-drand-quicknet
3bdab1450ee7c7d6d309ca16b6515108a0dbe6e76da7fd4e14512f210cf0ccd6,example-player-secret-12345,29231946,d51028015a9b440d7ea433c2a2a8ea73c1ae1b05c26664560b805018061f3166,26.0,2026-06-03T15:47:29.012219+00:00,blockrand-drand-quicknet
3bdab1450ee7c7d6d309ca16b6515108a0dbe6e76da7fd4e14512f210cf0ccd6,example-player-secret-12345,29231947,45ee93ae9e4388b7298ff4a3203731e84bf2bb5c3fa5a0437091365f5ab73c2a,79.0,2026-06-03T15:47:29.012254+00:00,blockrand-drand-quicknet
3bdab1450ee7c7d6d309ca16b6515108a0dbe6e76da7fd4e14512f210cf0ccd6,example-player-secret-12345,29231948,c1f3ac696db95d8f230d85cf3a2275ee94bf854f70c279123ab5d524144967d0,74.0,2026-06-03T15:47:29.012289+00:00,blockrand-drand-quicknet
3bdab1450ee7c7d6d309ca16b6515108a0dbe6e76da7fd4e14512f210cf0ccd6,example-player-secret-12345,29231949,97939959e0175746c810ba4da0ce181fc0b8956e1fcc1b56f19390da7521ef28,66.0,2026-06-03T15:47:29.012333+00:00,blockrand-drand-quicknet
3bdab1450ee7c7d6d309ca16b6515108a0dbe6e76da7fd4e14512f210cf0ccd6,example-player-secret-12345,29231950,1f668458f7e5691b60e703fa38dd4d2818dffcf3e6e4646296dda394ba622f4f,49.0,2026-06-03T15:47:29.012371+00:00,blockrand-drand-quicknet
3bdab1450ee7c7d6d309ca16b6515108a0dbe6e76da7fd4e14512f210cf0ccd6,example-player-secret-12345,29231951,8f33fc983f7f694353ae84ac48791d943985c970a1cb7ca0a966fe00adb3794b,89.0,2026-06-03T15:47:29.012408+00:00,blockrand-drand-quicknet
3bdab1450ee7c7d6d309ca16b6515108a0dbe6e76da7fd4e14512f210cf0ccd6,example-player-secret-12345,29231952,166b6ab1ee6c6ad3b8bf5fa8e23d8828e033db5d697c6451421a0fec53067d27,18.0,2026-06-03T15:47:29.012444+00:00,blockrand-drand-quicknet
3bdab1450ee7c7d6d309ca16b6515108a0dbe6e76da7fd4e14512f210cf0ccd6,example-player-secret-12345,29231953,15cc8dfbf1dcb589855a9ac5b431d4ec4da1050d5213ff43ba8f5d07f7e25e65,28.0,2026-06-03T15:47:29.012479+00:00,blockrand-drand-quicknet
3bdab1450ee7c7d6d309ca16b6515108a0dbe6e76da7fd4e14512f210cf0ccd6,example-player-secret-12345,29231954,bc8c55355f8a2e87ef0046c06df7516b708f6ac7a7729a4303a4d408d62499b9,62.0,2026-06-03T15:47:29.012515+00:00,blockrand-drand-quicknet
3bdab1450ee7c7d6d309ca16b6515108a0dbe6e76da7fd4e14512f210cf0ccd6,example-player-secret-12345,29231955,5420e89e1d3e6ef333da0330f5da660d4898dcea1778a4ce4d8ca36152a26cc7,47.0,2026-06-03T15:47:29.012551+00:00,blockrand-drand-quicknet
3bdab1450ee7c7d6d309ca16b6515108a0dbe6e76da7fd4e14512f210cf0ccd6,example-player-secret-12345,29231956,8e306c43f137997c33ec6359b343358ca51aea894f74a4de6a4845c09bd85e5c,16.0,2026-06-03T15:47:29.012586+00:00,blockrand-drand-quicknet
3bdab1450ee7c7d6d309ca16b6515108a0dbe6e76da7fd4e14512f210cf0ccd6,example-player-secret-12345,29231957,4c3e42518f337ff733c4b61d113ec7f7aef8e5cbdfbf3b20b6c5bb0618d18f1e,26.0,2026-06-03T15:47:29.012624+00:00,blockrand-drand-quicknet
3bdab1450ee7c7d6d309ca16b6515108a0dbe6e76da7fd4e14512f210cf0ccd6,example-player-secret-12345,29231958,d19633dfbde8dcb871b5a563cfa1e4321152dd637cf231e3afd35263e6f8fa50,24.0,2026-06-03T15:47:29.012662+00:00,blockrand-drand-quicknet
3bdab1450ee7c7d6d309ca16b6515108a0dbe6e76da7fd4e14512f210cf0ccd6,example-player-secret-12345,29231959,f7af5fb9084590f77f200fc9d8a7b77a275d714c883b778e73c0194e8c8311cc,58.0,2026-06-03T15:47:29.012699+00:00,blockrand-drand-quicknet
3bdab1450ee7c7d6d309ca16b6515108a0dbe6e76da7fd4e14512f210cf0ccd6,example-player-secret-12345,29231960,9dece083e40a5036be44fe5e59b216ef0b5dbc55fef7a9c6aa675b789adb5128,84.0,2026-06-03T15:47:29.012734+00:00,blockrand-drand-quicknet
3bdab1450ee7c7d6d309ca16b6515108a0dbe6e76da7fd4e14512f210cf0ccd6,example-player-secret-12345,29231961,a18771170c100f67c6cef3f91e23775cf8369427d86748075bd63821adce2745,88.0,2026-06-03T15:47:29.012771+00:00,blockrand-drand-quicknet
3bdab1450ee7c7d6d309ca16b6515108a0dbe6e76da7fd4e14512f210cf0ccd6,example-player-secret-12345,29231962,096403ebbb6ac1a8f747526f0c0400a21c4fdd4cfc3789ed62ace40f6423db01,48.0,2026-06-03T15:47:29.012807+00:00,blockrand-drand-quicknet
3bdab1450ee7c7d6d309ca16b6515108a0dbe6e76da7fd4e14512f210cf0ccd6,example-player-secret-12345,29231963,2c1a0a6c387ba151a7b70c392e964244bc2e60f3a5cbd0dcf68ebb2281946994,9.0,2026-06-03T15:47:29.012842+00:00,blockrand-drand-quicknet
3bdab1450ee7c7d6d309ca16b6515108a0dbe6e76da7fd4e14512f210cf0ccd6,example-player-secret-12345,29231964,341b2bf70c1192f8f09506e685068b92a83f5ef5706a3dee1cdaf4052773dffc,60.0,2026-06-03T15:47:29.012877+00:00,blockrand-drand-quicknet
3bdab1450ee7c7d6d309ca16b6515108a0dbe6e76da7fd4e14512f210cf0ccd6,example-player-secret-12345,29231965,05741baab93645fbfc25a26fc927002e4fe5e5469a359c621439ea41d48b71c7,39.0,2026-06-03T15:47:29.012913+00:00,blockrand-drand-quicknet
3bdab1450ee7c7d6d309ca16b6515108a0dbe6e76da7fd4e14512f210cf0ccd6,example-player-secret-12345,29231966,f095a54d491ced6dddb7a0e5aad4e5a89b1f1facdedcbf59d44a683adbc672ed,22.0,2026-06-03T15:47:29.012948+00:00,blockrand-drand-quicknet
3bdab1450ee7c7d6d309ca16b6515108a0dbe6e76da7fd4e14512f210cf0ccd6,example-player-secret-12345,29231967,9d6d7771b1aa4ac47eacb326a946a85311a7a8b11426c965868562cda9cecffb,14.0,2026-06-03T15:47:29.012984+00:00,blockrand-drand-quicknet
3bdab1450ee7c7d6d309ca16b6515108a0dbe6e76da7fd4e14512f210cf0ccd6,example-player-secret-12345,29231968,d99cca5ef1a2801caffbe7b64e2e4268ee423ac674d1dc909aa2a243db0c25c9,95.0,2026-06-03T15:47:29.013019+00:00,blockrand-drand-quicknet
3bdab1450ee7c7d6d309ca16b6515108a0dbe6e76da7fd4e14512f210cf0ccd6,example-player-secret-12345,29231969,35777c9bad9f01ea84ec124c5a6b75b6b6b9ea89bff0798b65dd72be4dccf746,32.0,2026-06-03T15:47:29.013054+00:00,blockrand-drand-quicknet
3bdab1450ee7c7d6d309ca16b6515108a0dbe6e76da7fd4e14512f210cf0ccd6,example-player-secret-12345,29231970,52332f55b0eeb8aaf83cab95306bda5c275f68d81c5058df84426936ec53b291,66.0,2026-06-03T15:47:29.013089+00:00,blockrand-drand-quicknet
3bdab1450ee7c7d6d309ca16b6515108a0dbe6e76da7fd4e14512f210cf0ccd6,example-player-secret-12345,29231971,f1565dd16c06d0ac3b1bbf42df9216e64ae5b3a52627ecdb2c1d8f8b1b298e5f,70.0,2026-06-03T15:47:29.013124+00:00,blockrand-drand-quicknet
3bdab1450ee7c7d6d309ca16b6515108a0dbe6e76da7fd4e14512f210cf0ccd6,example-player-secret-12345,29231972,83a9be6b3125a446352e31099cdfaa60f54e780189533af63907f2119f1d53be,28.0,2026-06-03T15:47:29.013159+00:00,blockrand-drand-quicknet
3bdab1450ee7c7d6d309ca16b6515108a0dbe6e76da7fd4e14512f210cf0ccd6,example-player-secret-12345,29231973,d19b0d1859955644a63a38e4ca7b48b1e04d87e5f9bdd030841bdaeb0b743018,77.0,2026-06-03T15:47:29.013196+00:00,blockrand-drand-quicknet
3bdab1450ee7c7d6d309ca16b6515108a0dbe6e76da7fd4e14512f210cf0ccd6,example-player-secret-12345,29231974,d8f477723391e8385e434da48375912150d25c975981c6d819c55ff00d651dac,19.0,2026-06-03T15:47:29.013234+00:00,blockrand-drand-quicknet
3bdab1450ee7c7d6d309ca16b6515108a0dbe6e76da7fd4e14512f210cf0ccd6,example-player-secret-12345,29231975,131908ddda561e00e29b69984a6ebd2b3b871b52252621e40c4bc6eea3635ae0,74.0,2026-06-03T15:47:29.013269+00:00,blockrand-drand-quicknet
3bdab1450ee7c7d6d309ca16b6515108a0dbe6e76da7fd4e14512f210cf0ccd6,example-player-secret-12345,29231976,8a00e0f34119b27b19646ae6c83b44ac4a8c9caf22aaec77eb7a0939798d960b,96.0,2026-06-03T15:47:29.013305+00:00,blockrand-drand-quicknet
3bdab1450ee7c7d6d309ca16b6515108a0dbe6e76da7fd4e14512f210cf0ccd6,example-player-secret-12345,29231977,cb9b5ad03ac0b6b6283701e8580225830e3eb668ac5475caa588e46d9ca38b18,77.0,2026-06-03T15:47:29.013340+00:00,blockrand-drand-quicknet
3bdab1450ee7c7d6d309ca16b6515108a0dbe6e76da7fd4e14512f210cf0ccd6,example-player-secret-12345,29231978,d732b81eac8d19ad27312d074c986704a7f09086c1620749421cf7650cb11b49,75.0,2026-06-03T15:47:29.013375+00:00,blockrand-drand-quicknet
3bdab1450ee7c7d6d309ca16b6515108a0dbe6e76da7fd4e14512f210cf0ccd6,example-player-secret-12345,29231979,15f992721424dc3e59c1cd62d8761471661cf966f72db3aea25968bebbd2f24e,91.0,2026-06-03T15:47:29.013410+00:00,blockrand-drand-quicknet
3bdab1450ee7c7d6d309ca16b6515108a0dbe6e76da7fd4e14512f210cf0ccd6,example-player-secret-12345,29231980,f593bd8902e9d9c338ba536f7bf597c08303e6ad64dc2fad2ce52d9442a1fccd,34.0,2026-06-03T15:47:29.013445+00:00,blockrand-drand-quicknet
3bdab1450ee7c7d6d309ca16b6515108a0dbe6e76da7fd4e14512f210cf0ccd6,example-player-secret-12345,29231981,b3c9a3663df8433a93887b84fdad3a795885f30e3b5969ab3ee0c097f12abee3,31.0,2026-06-03T15:47:29.013484+00:00,blockrand-drand-quicknet
3bdab1450ee7c7d6d309ca16b6515108a0dbe6e76da7fd4e14512f210cf0ccd6,example-player-secret-12345,29231982,d1f500e3fd36a2390c6b5c6cecf994fce178462b9fa635e757a117ec7397b4f0,92.0,2026-06-03T15:47:29.013531+00:00,blockrand-drand-quicknet
3bdab1450ee7c7d6d309ca16b6515108a0dbe6e76da7fd4e14512f210cf0ccd6,example-player-secret-12345,29231983,30599127b4ba0c79c2c39143984af080fada5ad940955190fc3a5e970098be26,32.0,2026-06-03T15:47:29.013572+00:00,blockrand-drand-quicknet
3bdab1450ee7c7d6d309ca16b6515108a0dbe6e76da7fd4e14512f210cf0ccd6,example-player-secret-12345,29231984,bb01629822824c1f6f5735b4d6721ad80e160c210780e66b46d3221f80ad9084,69.0,2026-06-03T15:47:29.013608+00:00,blockrand-drand-quicknet
3bdab1450ee7c7d6d309ca16b6515108a0dbe6e76da7fd4e14512f210cf0ccd6,example-player-secret-12345,29231985,efdac619ee289b53da832f71c0393732345307ec59af6a8b2ab4b690cdb410cb,86.0,2026-06-03T15:47:29.013643+00:00,blockrand-drand-quicknet
3bdab1450ee7c7d6d309ca16b6515108a0dbe6e76da7fd4e14512f210cf0ccd6,example-player-secret-12345,29231986,4254d7f05b9d182834d704e29a8d462ae2e849e883aa83b8a9ef1ecb7fc90569,61.0,2026-06-03T15:47:29.013679+00:00,blockrand-drand-quicknet
3bdab1450ee7c7d6d309ca16b6515108a0dbe6e76da7fd4e14512f210cf0ccd6,example-player-secret-12345,29231987,7b5f09021e070e31cca0154bdb1c2a095e0196f74a373f64438c20368d3fa8dc,95.0,2026-06-03T15:47:29.013715+00:00,blockrand-drand-quicknet
3bdab1450ee7c7d6d309ca16b6515108a0dbe6e76da7fd4e14512f210cf0ccd6,example-player-secret-12345,29231988,a7e62f20b298c339e1880f8444481e30b0d7a42d86719f7fea96dc3d513c4fc2,17.0,2026-06-03T15:47:29.013749+00:00,blockrand-drand-quicknet
3bdab1450ee7c7d6d309ca16b6515108a0dbe6e76da7fd4e14512f210cf0ccd6,example-player-secret-12345,29231989,f24183033c04eec76e4e1b3d2ce81133f334c6b2a90ec9421cf2340930ef1e74,52.0,2026-06-03T15:47:29.013784+00:00,blockrand-drand-quicknet
3bdab1450ee7c7d6d309ca16b6515108a0dbe6e76da7fd4e14512f210cf0ccd6,example-player-secret-12345,29231990,f33316a3bb62b531a1d9a9af36cded8fdfb2fed640919998e979c0069f714b59,20.0,2026-06-03T15:47:29.013822+00:00,blockrand-drand-quicknet
3bdab1450ee7c7d6d309ca16b6515108a0dbe6e76da7fd4e14512f210cf0ccd6,example-player-secret-12345,29231991,f44b8dcb10f475b650c30cc3a51af80cba366962deacb0dd4e8dfa465cdb2c2d,4.0,2026-06-03T15:47:29.013860+00:00,blockrand-drand-quicknet
3bdab1450ee7c7d6d309ca16b6515108a0dbe6e76da7fd4e14512f210cf0ccd6,example-player-secret-12345,29231992,96930d6796a801c6138234aadca4e1088872360cd528e1afd063363c8d0d65ba,24.0,2026-06-03T15:47:29.013896+00:00,blockrand-drand-quicknet
3bdab1450ee7c7d6d309ca16b6515108a0dbe6e76da7fd4e14512f210cf0ccd6,example-player-secret-12345,29231993,56674949cbb5bf3595f307302fbe9ac34e20776b7607d9f329c035f36c2eaf74,46.0,2026-06-03T15:47:29.013932+00:00,blockrand-drand-quicknet
3bdab1450ee7c7d6d309ca16b6515108a0dbe6e76da7fd4e14512f210cf0ccd6,example-player-secret-12345,29231994,edb47ee019d40610869b2cbe9046f2e1ff5b755d23fb9669d31d47047794a358,53.0,2026-06-03T15:47:29.013966+00:00,blockrand-drand-quicknet
3bdab1450ee7c7d6d309ca16b6515108a0dbe6e76da7fd4e14512f210cf0ccd6,example-player-secret-12345,29231995,d52550d611459bb8b0c851283622290a5c1440418707e1fa31197c186ab1b5b1,35.0,2026-06-03T15:47:29.014003+00:00,blockrand-drand-quicknet
3bdab1450ee7c7d6d309ca16b6515108a0dbe6e76da7fd4e14512f210cf0ccd6,example-player-secret-12345,29231996,cd3020c88c0542f6bffaae37cff5c24d8a29cff1e6f67f5f8b71bda3b762b89a,1.0,2026-06-03T15:47:29.014038+00:00,blockrand-drand-quicknet
3bdab1450ee7c7d6d309ca16b6515108a0dbe6e76da7fd4e14512f210cf0ccd6,example-player-secret-12345,29231997,f0085003899bfd0b9caddbfb448addd854cb1c17326cdacfc3da88551137effd,12.0,2026-06-03T15:47:29.014074+00:00,blockrand-drand-quicknet
3bdab1450ee7c7d6d309ca16b6515108a0dbe6e76da7fd4e14512f210cf0ccd6,a474b4ea4f54e7123ff6a20fc7104038,29231998,d1decbf1320ccfd94fd2527dd594645b7983484c1abfccafcaa0cec0a7e91443,46.0,2026-06-03T15:47:29.014130+00:00,blockrand-drand-quicknet
3bdab1450ee7c7d6d309ca16b6515108a0dbe6e76da7fd4e14512f210cf0ccd6,a474b4ea4f54e7123ff6a20fc7104038,29231999,6e2fb1c9ddf31a86908021080b10dcf88b3a9a39d43d5dbe55a8df244c52b98f,66.0,2026-06-03T15:47:29.014165+00:00,blockrand-drand-quicknet
3bdab1450ee7c7d6d309ca16b6515108a0dbe6e76da7fd4e14512f210cf0ccd6,a474b4ea4f54e7123ff6a20fc7104038,29232000,901fea665c0b2f377c29ad42177c665749d80cb6d99964429d45366e053ae25a,27.0,2026-06-03T15:47:29.014200+00:00,blockrand-drand-quicknet
3bdab1450ee7c7d6d309ca16b6515108a0dbe6e76da7fd4e14512f210cf0ccd6,a474b4ea4f54e7123ff6a20fc7104038,29232001,f5754a4ef1df16360ea1d892a949ea9e887cde7fe9ca88e3936f6a3bb13f778c,55.0,2026-06-03T15:47:29.014235+00:00,blockrand-drand-quicknet
3bdab1450ee7c7d6d309ca16b6515108a0dbe6e76da7fd4e14512f210cf0ccd6,a474b4ea4f54e7123ff6a20fc7104038,29232002,6dd3004e6129ebb7c1b918165433c8616a165ee7f211d3b7234754b41a95c4d2,19.0,2026-06-03T15:47:29.014270+00:00,blockrand-drand-quicknet
3bdab1450ee7c7d6d309ca16b6515108a0dbe6e76da7fd4e14512f210cf0ccd6,a474b4ea4f54e7123ff6a20fc7104038,29232003,54cbc58c3f18abb37e0d5acfa95acb900e0de15904ca06c4c80c717afce92b23,25.0,2026-06-03T15:47:29.014307+00:00,blockrand-drand-quicknet
3bdab1450ee7c7d6d309ca16b6515108a0dbe6e76da7fd4e14512f210cf0ccd6,a474b4ea4f54e7123ff6a20fc7104038,29232004,0e647847695eb89a8e498ce71f91a58cda535acc752aebe89dba5dfe3eef37ec,16.0,2026-06-03T15:47:29.014354+00:00,blockrand-drand-quicknet
3bdab1450ee7c7d6d309ca16b6515108a0dbe6e76da7fd4e14512f210cf0ccd6,a474b4ea4f54e7123ff6a20fc7104038,29232005,5c55916f0303b66fe6b535c13f155739691c52908cc8dbcc4f6954a60178677d,64.0,2026-06-03T15:47:29.014391+00:00,blockrand-drand-quicknet
3bdab1450ee7c7d6d309ca16b6515108a0dbe6e76da7fd4e14512f210cf0ccd6,a474b4ea4f54e7123ff6a20fc7104038,29232006,a0be85f55b3fcf995b3709e91086edebc6f679f5ca4ded64db1f9d3121e2bd37,94.0,2026-06-03T15:47:29.014495+00:00,blockrand-drand-quicknet
3bdab1450ee7c7d6d309ca16b6515108a0dbe6e76da7fd4e14512f210cf0ccd6,a474b4ea4f54e7123ff6a20fc7104038,29232007,3d5965a470c9c97e2592050a8602291fa3dd256b76ff4a583e4ded71b18098e2,1.0,2026-06-03T15:47:29.014539+00:00,blockrand-drand-quicknet
3bdab1450ee7c7d6d309ca16b6515108a0dbe6e76da7fd4e14512f210cf0ccd6,a474b4ea4f54e7123ff6a20fc7104038,29232008,4fd8e318d987d5f04b098a76b3c77b95f9e985f0f60942221846ba5558fd4a2c,77.0,2026-06-03T15:47:29.014576+00:00,blockrand-drand-quicknet
3bdab1450ee7c7d6d309ca16b6515108a0dbe6e76da7fd4e14512f210cf0ccd6,a474b4ea4f54e7123ff6a20fc7104038,29232009,2a3a4f1cfcd06c876590a13e5f338f1e5d9c7f18559477c07d9cb246470a8302,13.0,2026-06-03T15:47:29.014612+00:00,blockrand-drand-quicknet
3bdab1450ee7c7d6d309ca16b6515108a0dbe6e76da7fd4e14512f210cf0ccd6,a474b4ea4f54e7123ff6a20fc7104038,29232010,322bba4d4580bac511c695e67a400653a359519fe7d43c6c3477b5efbeb6b16b,42.0,2026-06-03T15:47:29.014648+00:00,blockrand-drand-quicknet
3bdab1450ee7c7d6d309ca16b6515108a0dbe6e76da7fd4e14512f210cf0ccd6,a474b4ea4f54e7123ff6a20fc7104038,29232011,b287eda72bebb1b10f219e46336acd45d5ddd00d6fd398688b5c11c71a4e0c31,48.0,2026-06-03T15:47:29.014684+00:00,blockrand-drand-quicknet
3bdab1450ee7c7d6d309ca16b6515108a0dbe6e76da7fd4e14512f210cf0ccd6,a474b4ea4f54e7123ff6a20fc7104038,29232012,3a9784fcb61e48eddc8c4b284dd2e28902db61d14a97b2c9a04fa078826bb385,9.0,2026-06-03T15:47:29.014721+00:00,blockrand-drand-quicknet
3bdab1450ee7c7d6d309ca16b6515108a0dbe6e76da7fd4e14512f210cf0ccd6,a474b4ea4f54e7123ff6a20fc7104038,29232013,666eb3c441b1b9636ac39353b06e10d2f642a60fc0fb0ab784842db3fc9455c2,13.0,2026-06-03T15:47:29.014757+00:00,blockrand-drand-quicknet
3bdab1450ee7c7d6d309ca16b6515108a0dbe6e76da7fd4e14512f210cf0ccd6,a474b4ea4f54e7123ff6a20fc7104038,29232014,7e1824cf94e14cc77aa55469fa0fe417b429ff02ad2a0252a152e8589dd0928d,4.0,2026-06-03T15:47:29.014793+00:00,blockrand-drand-quicknet
3bdab1450ee7c7d6d309ca16b6515108a0dbe6e76da7fd4e14512f210cf0ccd6,a474b4ea4f54e7123ff6a20fc7104038,29232015,084348cbe8963430de7bb227449ac9e02046604351f23146dcede43fb9a4a991,76.0,2026-06-03T15:47:29.014828+00:00,blockrand-drand-quicknet
3bdab1450ee7c7d6d309ca16b6515108a0dbe6e76da7fd4e14512f210cf0ccd6,a474b4ea4f54e7123ff6a20fc7104038,29232016,dfcb824a37bdf4db73792b85274452ac8200ba88ea2939a5336ad9b8843184ca,31.0,2026-06-03T15:47:29.014863+00:00,blockrand-drand-quicknet
3bdab1450ee7c7d6d309ca16b6515108a0dbe6e76da7fd4e14512f210cf0ccd6,a474b4ea4f54e7123ff6a20fc7104038,29232017,32b0a2e2a72fd63b38e176c7b0e0e30f53cf0f2a194770078dc5638dd39788e5,35.0,2026-06-03T15:47:29.014979+00:00,blockrand-drand-quicknet
3bdab1450ee7c7d6d309ca16b6515108a0dbe6e76da7fd4e14512f210cf0ccd6,a474b4ea4f54e7123ff6a20fc7104038,29232018,018eb6d8cfcb726a53030064fd52ea6f31f64ad493564c9b17efb7d44405ef1b,37.0,2026-06-03T15:47:29.015014+00:00,blockrand-drand-quicknet
3bdab1450ee7c7d6d309ca16b6515108a0dbe6e76da7fd4e14512f210cf0ccd6,a474b4ea4f54e7123ff6a20fc7104038,29232019,53e608414069028087f69d3375bee6bf6443351b7da650d8dfd5c75a899d7028,22.0,2026-06-03T15:47:29.015050+00:00,blockrand-drand-quicknet
3bdab1450ee7c7d6d309ca16b6515108a0dbe6e76da7fd4e14512f210cf0ccd6,a474b4ea4f54e7123ff6a20fc7104038,29232020,c45257b3152cf20b06c586aa98d6df996d9e12b8fa51826da97980b7e1939169,40.0,2026-06-03T15:47:29.015085+00:00,blockrand-drand-quicknet
3bdab1450ee7c7d6d309ca16b6515108a0dbe6e76da7fd4e14512f210cf0ccd6,a474b4ea4f54e7123ff6a20fc7104038,29232021,a91191bb6eb972cf75fbfd4aeffeb4a0d53dbc68f267625f6421e95a86b2d1f4,24.0,2026-06-03T15:47:29.015121+00:00,blockrand-drand-quicknet
3bdab1450ee7c7d6d309ca16b6515108a0dbe6e76da7fd4e14512f210cf0ccd6,a474b4ea4f54e7123ff6a20fc7104038,29232022,a8c5199270a40c9bcd7f6bf2ece6032ec185a2569527f62b8b9c471b350bb759,27.0,2026-06-03T15:47:29.015158+00:00,blockrand-drand-quicknet
3bdab1450ee7c7d6d309ca16b6515108a0dbe6e76da7fd4e14512f210cf0ccd6,a474b4ea4f54e7123ff6a20fc7104038,29232023,6f27d4c1cd6dc992aea5719ff0606e2fa3a1e45b179911e86a46c39f9b8b6106,46.0,2026-06-03T15:47:29.015202+00:00,blockrand-drand-quicknet
3bdab1450ee7c7d6d309ca16b6515108a0dbe6e76da7fd4e14512f210cf0ccd6,a474b4ea4f54e7123ff6a20fc7104038,29232024,89e1e4ed86ece51d96589d5b025c8ad63555285295d8a106a3bfa9eca07e375f,98.0,2026-06-03T15:47:29.015236+00:00,blockrand-drand-quicknet
3bdab1450ee7c7d6d309ca16b6515108a0dbe6e76da7fd4e14512f210cf0ccd6,a474b4ea4f54e7123ff6a20fc7104038,29232025,719ab2074ce56755e45950a6cb07cbbbada847e1943f581f85fc50aa5d051fc8,28.0,2026-06-03T15:47:29.015271+00:00,blockrand-drand-quicknet
3bdab1450ee7c7d6d309ca16b6515108a0dbe6e76da7fd4e14512f210cf0ccd6,a474b4ea4f54e7123ff6a20fc7104038,29232026,308f6486c58cea4e0dca91d0705e492cf3578f12b526704b72c183b3f3fcb49d,51.0,2026-06-03T15:47:29.015306+00:00,blockrand-drand-quicknet
3bdab1450ee7c7d6d309ca16b6515108a0dbe6e76da7fd4e14512f210cf0ccd6,a474b4ea4f54e7123ff6a20fc7104038,29232027,79df62ed77d87f00bf4e15244c4ef9073f4459e640034052f87c016fdf633bfe,90.0,2026-06-03T15:47:29.015342+00:00,blockrand-drand-quicknet
3bdab1450ee7c7d6d309ca16b6515108a0dbe6e76da7fd4e14512f210cf0ccd6,a474b4ea4f54e7123ff6a20fc7104038,29232028,db6e87480f82a1a848cdca2874df931629ce2e1a80a3ec670d59b60cacd01394,97.0,2026-06-03T15:47:29.015377+00:00,blockrand-drand-quicknet
3bdab1450ee7c7d6d309ca16b6515108a0dbe6e76da7fd4e14512f210cf0ccd6,a474b4ea4f54e7123ff6a20fc7104038,29232029,7687228184935a29174bf4ddd6ebd01301a6342e3091237df207040cd062c3ce,82.0,2026-06-03T15:47:29.015411+00:00,blockrand-drand-quicknet
3bdab1450ee7c7d6d309ca16b6515108a0dbe6e76da7fd4e14512f210cf0ccd6,a474b4ea4f54e7123ff6a20fc7104038,29232030,92ac148f7e6a19a02bc566fddca3081baa1f1e30613b27f7982fb11ae114835d,92.0,2026-06-03T15:47:29.015448+00:00,blockrand-drand-quicknet
3bdab1450ee7c7d6d309ca16b6515108a0dbe6e76da7fd4e14512f210cf0ccd6,a474b4ea4f54e7123ff6a20fc7104038,29232031,30dd8a2d5e5770a261abb796d83ba4d01be73e10dec655235882f524e332b6f9,98.0,2026-06-03T15:47:29.015485+00:00,blockrand-drand-quicknet
3bdab1450ee7c7d6d309ca16b6515108a0dbe6e76da7fd4e14512f210cf0ccd6,a474b4ea4f54e7123ff6a20fc7104038,29232032,c9115d6cc353314af9dbcab1f4ca37d7eb174611ac952207b4bdcc815fc5229e,45.0,2026-06-03T15:47:29.015521+00:00,blockrand-drand-quicknet
3bdab1450ee7c7d6d309ca16b6515108a0dbe6e76da7fd4e14512f210cf0ccd6,a474b4ea4f54e7123ff6a20fc7104038,29232033,2e5008e493fb5c745b1c3ee34a082531dc25853cbb41733cbe7db7f4484803b0,93.0,2026-06-03T15:47:29.015562+00:00,blockrand-drand-quicknet
3bdab1450ee7c7d6d309ca16b6515108a0dbe6e76da7fd4e14512f210cf0ccd6,a474b4ea4f54e7123ff6a20fc7104038,29232034,d66328326e5856b9c39079aefcbe8a63bb1a38bfc062a9679f372c8070cfac0b,79.0,2026-06-03T15:47:29.015597+00:00,blockrand-drand-quicknet
3bdab1450ee7c7d6d309ca16b6515108a0dbe6e76da7fd4e14512f210cf0ccd6,a474b4ea4f54e7123ff6a20fc7104038,29232035,4d5da973ce93be014d2aff6a995d6e20587108710df8ebc23f892cef9c3abd4f,60.0,2026-06-03T15:47:29.015633+00:00,blockrand-drand-quicknet
3bdab1450ee7c7d6d309ca16b6515108a0dbe6e76da7fd4e14512f210cf0ccd6,a474b4ea4f54e7123ff6a20fc7104038,29232036,73fbfacd0e6c4886df6d3a9dc918296aa25c6a79678cfa6b439cf1cbae700ada,82.0,2026-06-03T15:47:29.015668+00:00,blockrand-drand-quicknet
3bdab1450ee7c7d6d309ca16b6515108a0dbe6e76da7fd4e14512f210cf0ccd6,a474b4ea4f54e7123ff6a20fc7104038,29232037,40b4a834c3fa286cc849dedecdd1969b70ca570669a84e19fafb87beba5bd7d4,65.0,2026-06-03T15:47:29.015705+00:00,blockrand-drand-quicknet
3bdab1450ee7c7d6d309ca16b6515108a0dbe6e76da7fd4e14512f210cf0ccd6,a474b4ea4f54e7123ff6a20fc7104038,29232038,f19f41f6f1917b83197c1ee933289b0fa09e5cb508da151ecc7f0f7bc0b8d306,67.0,2026-06-03T15:47:29.015740+00:00,blockrand-drand-quicknet
3bdab1450ee7c7d6d309ca16b6515108a0dbe6e76da7fd4e14512f210cf0ccd6,a474b4ea4f54e7123ff6a20fc7104038,29232039,843806045a10a2d8d11bd4a29ed9f85c313a0490eea99f3d753169dcf30e7a4f,69.0,2026-06-03T15:47:29.015783+00:00,blockrand-drand-quicknet
3bdab1450ee7c7d6d309ca16b6515108a0dbe6e76da7fd4e14512f210cf0ccd6,a474b4ea4f54e7123ff6a20fc7104038,29232040,51049bd7df8075b1130a9ddd362034add17d9d6ebc0ed14999ee339273bdcca2,36.0,2026-06-03T15:47:29.015819+00:00,blockrand-drand-quicknet
3bdab1450ee7c7d6d309ca16b6515108a0dbe6e76da7fd4e14512f210cf0ccd6,a474b4ea4f54e7123ff6a20fc7104038,29232041,a8e5bee26804603f80882fbf7e444887134c9eead19b1f3bd90e5e7943cf50c6,99.0,2026-06-03T15:47:29.015856+00:00,blockrand-drand-quicknet
3bdab1450ee7c7d6d309ca16b6515108a0dbe6e76da7fd4e14512f210cf0ccd6,a474b4ea4f54e7123ff6a20fc7104038,29232042,401a7b648fe6d178bcd5f4369a98215caaacc415f68729f16edfd432840952af,49.0,2026-06-03T15:47:29.015896+00:00,blockrand-drand-quicknet
3bdab1450ee7c7d6d309ca16b6515108a0dbe6e76da7fd4e14512f210cf0ccd6,a474b4ea4f54e7123ff6a20fc7104038,29232043,509e024af2a00156ee3b4c3545eea50fb44c412232b40a7145b076b1c1a5afdc,55.0,2026-06-03T15:47:29.015935+00:00,blockrand-drand-quicknet
3bdab1450ee7c7d6d309ca16b6515108a0dbe6e76da7fd4e14512f210cf0ccd6,a474b4ea4f54e7123ff6a20fc7104038,29232044,6e1ff2ea9b7ff9078977cf4a967af8ea57e385dceee3b5a9645b44d621e8cc23,63.0,2026-06-03T15:47:29.015973+00:00,blockrand-drand-quicknet
3bdab1450ee7c7d6d309ca16b6515108a0dbe6e76da7fd4e14512f210cf0ccd6,a474b4ea4f54e7123ff6a20fc7104038,29232045,f43d4b9570d56348c9386e7a83f532ca9968532f2cc69ec260ecd3639f471cd3,50.0,2026-06-03T15:47:29.016012+00:00,blockrand-drand-quicknet
3bdab1450ee7c7d6d309ca16b6515108a0dbe6e76da7fd4e14512f210cf0ccd6,a474b4ea4f54e7123ff6a20fc7104038,29232046,7fec51c66e42ea8adb469f2a3e986f5fd777f0132a4dee07d520546353901a68,63.0,2026-06-03T15:47:29.016053+00:00,blockrand-drand-quicknet
3bdab1450ee7c7d6d309ca16b6515108a0dbe6e76da7fd4e14512f210cf0ccd6,a474b4ea4f54e7123ff6a20fc7104038,29232047,477532d6af3e7310f07a7c59462bda94ef1a0dfef8c8f6e0fc03202ae82418c1,63.0,2026-06-03T15:47:29.016093+00:00,blockrand-drand-quicknet
3bdab1450ee7c7d6d309ca16b6515108a0dbe6e76da7fd4e14512f210cf0ccd6,a474b4ea4f54e7123ff6a20fc7104038,29232048,8d8d745be58c6ea5901c48a676558e2b4d02ba48adf65e20cc0dc24f16457701,20.0,2026-06-03T15:47:29.016186+00:00,blockrand-drand-quicknet
3bdab1450ee7c7d6d309ca16b6515108a0dbe6e76da7fd4e14512f210cf0ccd6,a474b4ea4f54e7123ff6a20fc7104038,29232049,9e07985c70b08e430b941f246069eff2c02af2be40ed9a103636d323d7cc1993,85.0,2026-06-03T15:47:29.016255+00:00,blockrand-drand-quicknet
3bdab1450ee7c7d6d309ca16b6515108a0dbe6e76da7fd4e14512f210cf0ccd6,a474b4ea4f54e7123ff6a20fc7104038,29232050,f682ecb15870e8453d804dd9a6e493e39a5426da8148c7a0e94083a656e1d1eb,10.0,2026-06-03T15:47:29.016299+00:00,blockrand-drand-quicknet
3bdab1450ee7c7d6d309ca16b6515108a0dbe6e76da7fd4e14512f210cf0ccd6,a474b4ea4f54e7123ff6a20fc7104038,29232051,4c28e206377ad10a6327dcdac6f591287706c79a1c4a2d4e5647012e0d350c42,19.0,2026-06-03T15:47:29.016345+00:00,blockrand-drand-quicknet
3bdab1450ee7c7d6d309ca16b6515108a0dbe6e76da7fd4e14512f210cf0ccd6,a474b4ea4f54e7123ff6a20fc7104038,29232052,475c4205bdcbc4e137240a93e2e7bed9579e9140cb0facee1d62e33e886f2101,50.0,2026-06-03T15:47:29.016387+00:00,blockrand-drand-quicknet
3bdab1450ee7c7d6d309ca16b6515108a0dbe6e76da7fd4e14512f210cf0ccd6,a474b4ea4f54e7123ff6a20fc7104038,29232053,3ac91ebfa80943a4c36a795325e02979cef8556f834b4a682e010256da2d7842,36.0,2026-06-03T15:47:29.016426+00:00,blockrand-drand-quicknet
3bdab1450ee7c7d6d309ca16b6515108a0dbe6e76da7fd4e14512f210cf0ccd6,a474b4ea4f54e7123ff6a20fc7104038,29232054,aeb0b60328de78af415829840a51b9d1f542f52bd6c4b94f3d7fb4a30788e94c,16.0,2026-06-03T15:47:29.016463+00:00,blockrand-drand-quicknet
3bdab1450ee7c7d6d309ca16b6515108a0dbe6e76da7fd4e14512f210cf0ccd6,a474b4ea4f54e7123ff6a20fc7104038,29232055,6fc868066ad2c3e64daca43d5244f17a3461cef13a1f0b5913143d67bee01979,7.0,2026-06-03T15:47:29.016506+00:00,blockrand-drand-quicknet
3bdab1450ee7c7d6d309ca16b6515108a0dbe6e76da7fd4e14512f210cf0ccd6,a474b4ea4f54e7123ff6a20fc7104038,29232056,02bdcfb265b18e00508f29fb39c73e3cd967f30a14bf04da67c8e22f1b60a4c9,7.0,2026-06-03T15:47:29.016549+00:00,blockrand-drand-quicknet
3bdab1450ee7c7d6d309ca16b6515108a0dbe6e76da7fd4e14512f210cf0ccd6,a474b4ea4f54e7123ff6a20fc7104038,29232057,f72226c88b77ed819381317166ae5aca09c83e770db59b37aa2ff69f4af1da4b,5.0,2026-06-03T15:47:29.016591+00:00,blockrand-drand-quicknet
3bdab1450ee7c7d6d309ca16b6515108a0dbe6e76da7fd4e14512f210cf0ccd6,a474b4ea4f54e7123ff6a20fc7104038,29232058,2b40a7350d05e65dfd6cc951bca35be16ff307949276a9d70cf1a8b2500df641,98.0,2026-06-03T15:47:29.016632+00:00,blockrand-drand-quicknet
3bdab1450ee7c7d6d309ca16b6515108a0dbe6e76da7fd4e14512f210cf0ccd6,a474b4ea4f54e7123ff6a20fc7104038,29232059,7df1d058a086a141f4e2327cd0c01ccc5f068af9dae125c056171ba6d78d8158,13.0,2026-06-03T15:47:29.016729+00:00,blockrand-drand-quicknet
3bdab1450ee7c7d6d309ca16b6515108a0dbe6e76da7fd4e14512f210cf0ccd6,a474b4ea4f54e7123ff6a20fc7104038,29232060,d8424623ec6635686a8363af172fd430c144ccfb8732db7a6622c7fd82400a37,88.0,2026-06-03T15:47:29.016767+00:00,blockrand-drand-quicknet
3bdab1450ee7c7d6d309ca16b6515108a0dbe6e76da7fd4e14512f210cf0ccd6,a474b4ea4f54e7123ff6a20fc7104038,29232061,d4b5efa81dea73556e29ae8f052c0ac1f61af51a5a7fefac3c7ed75afe0d912f,61.0,2026-06-03T15:47:29.016803+00:00,blockrand-drand-quicknet
3bdab1450ee7c7d6d309ca16b6515108a0dbe6e76da7fd4e14512f210cf0ccd6,a474b4ea4f54e7123ff6a20fc7104038,29232062,6a7a749fe184e7182e16df3ceffaa7e42a62b4bade6e96881da97d64b57bf41d,44.0,2026-06-03T15:47:29.016840+00:00,blockrand-drand-quicknet
3bdab1450ee7c7d6d309ca16b6515108a0dbe6e76da7fd4e14512f210cf0ccd6,a474b4ea4f54e7123ff6a20fc7104038,29232063,6d774be98d9360622d73e66137892b6b212e40a7ffdea2feb9fcf5757a7acea7,62.0,2026-06-03T15:47:29.016877+00:00,blockrand-drand-quicknet
3bdab1450ee7c7d6d309ca16b6515108a0dbe6e76da7fd4e14512f210cf0ccd6,a474b4ea4f54e7123ff6a20fc7104038,29232064,c9086c3477e2ed3c3c153ab5f9eb742a78ba253756ceec919867994dce556f5b,5.0,2026-06-03T15:47:29.016914+00:00,blockrand-drand-quicknet
3bdab1450ee7c7d6d309ca16b6515108a0dbe6e76da7fd4e14512f210cf0ccd6,a474b4ea4f54e7123ff6a20fc7104038,29232065,31d57dbec233dc7353b3409bc5fa8740e6567788b780f5edf3a9b459f4b1faf4,43.0,2026-06-03T15:47:29.016949+00:00,blockrand-drand-quicknet
3bdab1450ee7c7d6d309ca16b6515108a0dbe6e76da7fd4e14512f210cf0ccd6,a474b4ea4f54e7123ff6a20fc7104038,29232066,92df8f2481c41ab8af6f735f3451a103819d3f12f7d2521c95523ac0628bac0d,9.0,2026-06-03T15:47:29.016985+00:00,blockrand-drand-quicknet
3bdab1450ee7c7d6d309ca16b6515108a0dbe6e76da7fd4e14512f210cf0ccd6,a474b4ea4f54e7123ff6a20fc7104038,29232067,89f5a588ff5e443306f0867ff8381e385a707559aef346d4438e18701260e7c7,89.0,2026-06-03T15:47:29.017021+00:00,blockrand-drand-quicknet
3bdab1450ee7c7d6d309ca16b6515108a0dbe6e76da7fd4e14512f210cf0ccd6,a474b4ea4f54e7123ff6a20fc7104038,29232068,4ceacc5f26f5ace6a2f0b02383ebcc82813d7b129616e799920a4cac9f9917d4,60.0,2026-06-03T15:47:29.017056+00:00,blockrand-drand-quicknet
3bdab1450ee7c7d6d309ca16b6515108a0dbe6e76da7fd4e14512f210cf0ccd6,a474b4ea4f54e7123ff6a20fc7104038,29232069,153e9d44beda11bfed3f467b89009129fb3ba672f82b83a762c7d81a22e540e5,29.0,2026-06-03T15:47:29.017095+00:00,blockrand-drand-quicknet
3bdab1450ee7c7d6d309ca16b6515108a0dbe6e76da7fd4e14512f210cf0ccd6,a474b4ea4f54e7123ff6a20fc7104038,29232070,9f8d271b00c96d9c867614a6e0b72175e8c56efdad1685e175802fb862d925d9,32.0,2026-06-03T15:47:29.017132+00:00,blockrand-drand-quicknet
3bdab1450ee7c7d6d309ca16b6515108a0dbe6e76da7fd4e14512f210cf0ccd6,a474b4ea4f54e7123ff6a20fc7104038,29232071,c9020386c7645995698f7ee92d6ffd5b9bec858fe662fb0701f3d80b66cd1204,91.0,2026-06-03T15:47:29.017171+00:00,blockrand-drand-quicknet
3bdab1450ee7c7d6d309ca16b6515108a0dbe6e76da7fd4e14512f210cf0ccd6,a474b4ea4f54e7123ff6a20fc7104038,29232072,70b5edff837d148018a6096afcb11fe1b9c39b15b0cfbb35db329da4699e2fbd,36.0,2026-06-03T15:47:29.017211+00:00,blockrand-drand-quicknet
3bdab1450ee7c7d6d309ca16b6515108a0dbe6e76da7fd4e14512f210cf0ccd6,a474b4ea4f54e7123ff6a20fc7104038,29232073,4244117b34190f579aeecf7817a6ec9155b09d297a39ca931220946b7e39b130,80.0,2026-06-03T15:47:29.017247+00:00,blockrand-drand-quicknet
3bdab1450ee7c7d6d309ca16b6515108a0dbe6e76da7fd4e14512f210cf0ccd6,a474b4ea4f54e7123ff6a20fc7104038,29232074,1c553a43dffa4639c91592f77bf6a5b6de5abc40f33727e05eb739b8687c1dc7,24.0,2026-06-03T15:47:29.017284+00:00,blockrand-drand-quicknet
3bdab1450ee7c7d6d309ca16b6515108a0dbe6e76da7fd4e14512f210cf0ccd6,a474b4ea4f54e7123ff6a20fc7104038,29232075,06b3ba1cf2d0ebc02215e4a5d8a821d89cb045372f28130c89c817b7f0647480,85.0,2026-06-03T15:47:29.017320+00:00,blockrand-drand-quicknet
3bdab1450ee7c7d6d309ca16b6515108a0dbe6e76da7fd4e14512f210cf0ccd6,a474b4ea4f54e7123ff6a20fc7104038,29232076,cf5cd1b5026b92d01e87673cde320f5432d1e0c90c06e86ffc1aefc731ddda84,10.0,2026-06-03T15:47:29.017356+00:00,blockrand-drand-quicknet
3bdab1450ee7c7d6d309ca16b6515108a0dbe6e76da7fd4e14512f210cf0ccd6,a474b4ea4f54e7123ff6a20fc7104038,29232077,a3a468d9b8602f434ae484c2f7af98e229fe7e9f53f594f919e6ed15d064307b,54.0,2026-06-03T15:47:29.017391+00:00,blockrand-drand-quicknet
3bdab1450ee7c7d6d309ca16b6515108a0dbe6e76da7fd4e14512f210cf0ccd6,a474b4ea4f54e7123ff6a20fc7104038,29232078,8e58707dc73cec5cc375ddaad9822bf335736fcf98d19749ef9599349eec1815,38.0,2026-06-03T15:47:29.017427+00:00,blockrand-drand-quicknet
3bdab1450ee7c7d6d309ca16b6515108a0dbe6e76da7fd4e14512f210cf0ccd6,a474b4ea4f54e7123ff6a20fc7104038,29232079,aa21a6f327f885375bdaf7c8bcb3cde01e6fe7b6fe36fd0fb878d5c43c45ac1e,48.0,2026-06-03T15:47:29.017462+00:00,blockrand-drand-quicknet
3bdab1450ee7c7d6d309ca16b6515108a0dbe6e76da7fd4e14512f210cf0ccd6,a474b4ea4f54e7123ff6a20fc7104038,29232080,6aeddb745d37dbf3449b76f39fdaaef0c282e6c43db3c836dddc10576df353a4,9.0,2026-06-03T15:47:29.017498+00:00,blockrand-drand-quicknet
3bdab1450ee7c7d6d309ca16b6515108a0dbe6e76da7fd4e14512f210cf0ccd6,a474b4ea4f54e7123ff6a20fc7104038,29232081,8f787cfcc9999173a4fa78008f8dd00cc828cbbb1aef3407c99a4283abc072d7,5.0,2026-06-03T15:47:29.017534+00:00,blockrand-drand-quicknet
3bdab1450ee7c7d6d309ca16b6515108a0dbe6e76da7fd4e14512f210cf0ccd6,a474b4ea4f54e7123ff6a20fc7104038,29232082,4a146a10fcbd1d9622c48e9f0e1fffa7e930168cf862c9b9e19389c35f4d1f4b,57.0,2026-06-03T15:47:29.017569+00:00,blockrand-drand-quicknet
3bdab1450ee7c7d6d309ca16b6515108a0dbe6e76da7fd4e14512f210cf0ccd6,a474b4ea4f54e7123ff6a20fc7104038,29232083,7b270e234a2d2a525d0c98be8b0faf2029ef524072fa52244f01fa70bd6a2a80,92.0,2026-06-03T15:47:29.017605+00:00,blockrand-drand-quicknet
3bdab1450ee7c7d6d309ca16b6515108a0dbe6e76da7fd4e14512f210cf0ccd6,a474b4ea4f54e7123ff6a20fc7104038,29232084,49100017d32645b232a73164aa46c925d9abc18649d837c87c335bc3ac3dccd2,68.0,2026-06-03T15:47:29.017640+00:00,blockrand-drand-quicknet
3bdab1450ee7c7d6d309ca16b6515108a0dbe6e76da7fd4e14512f210cf0ccd6,a474b4ea4f54e7123ff6a20fc7104038,29232085,eebd62fa6069ad79d2dd71b9ec2ad421f229f9e0394f88b6947737c1e33127c3,51.0,2026-06-03T15:47:29.017676+00:00,blockrand-drand-quicknet
3bdab1450ee7c7d6d309ca16b6515108a0dbe6e76da7fd4e14512f210cf0ccd6,a474b4ea4f54e7123ff6a20fc7104038,29232086,092c5ac5912a219b743a6e517353d3996ee89ca6ea16059b693b3af749be55a2,66.0,2026-06-03T15:47:29.017712+00:00,blockrand-drand-quicknet
3bdab1450ee7c7d6d309ca16b6515108a0dbe6e76da7fd4e14512f210cf0ccd6,a474b4ea4f54e7123ff6a20fc7104038,29232087,6781e4fc241f22052840498c592482cceae7506a67a811272d5895d37ccbc46f,13.0,2026-06-03T15:47:29.017747+00:00,blockrand-drand-quicknet
3bdab1450ee7c7d6d309ca16b6515108a0dbe6e76da7fd4e14512f210cf0ccd6,a474b4ea4f54e7123ff6a20fc7104038,29232088,ee47edeb2961cab9a1bdf982423a4a48482f83c0fc5c518c5e5a67b03a66c478,72.0,2026-06-03T15:47:29.017785+00:00,blockrand-drand-quicknet
3bdab1450ee7c7d6d309ca16b6515108a0dbe6e76da7fd4e14512f210cf0ccd6,a474b4ea4f54e7123ff6a20fc7104038,29232089,7aad076a6081e8322327c83f41c091aa4d5379f0fc620cf37e3b213d104dd671,79.0,2026-06-03T15:47:29.017821+00:00,blockrand-drand-quicknet
3bdab1450ee7c7d6d309ca16b6515108a0dbe6e76da7fd4e14512f210cf0ccd6,a474b4ea4f54e7123ff6a20fc7104038,29232090,0e40debce2a55a9663c7db42c9494cf9327fe56aad6ad4680a5d28db45f563df,49.0,2026-06-03T15:47:29.017856+00:00,blockrand-drand-quicknet
3bdab1450ee7c7d6d309ca16b6515108a0dbe6e76da7fd4e14512f210cf0ccd6,a474b4ea4f54e7123ff6a20fc7104038,29232091,d0b50adf975409d4e16a4d8e0dd88f91d3ee70a348840f64be928f7c6e1a3056,28.0,2026-06-03T15:47:29.017893+00:00,blockrand-drand-quicknet
3bdab1450ee7c7d6d309ca16b6515108a0dbe6e76da7fd4e14512f210cf0ccd6,a474b4ea4f54e7123ff6a20fc7104038,29232092,57c8a570112eba79c496fcbb4bea06077987a75c05c6e8512c8a9d8bf723daec,45.0,2026-06-03T15:47:29.017928+00:00,blockrand-drand-quicknet
3bdab1450ee7c7d6d309ca16b6515108a0dbe6e76da7fd4e14512f210cf0ccd6,a474b4ea4f54e7123ff6a20fc7104038,29232093,510f71e53ec94cbeec04fd7fa61d7d683e2b155cb63d75d131714e44f900a073,94.0,2026-06-03T15:47:29.017964+00:00,blockrand-drand-quicknet
3bdab1450ee7c7d6d309ca16b6515108a0dbe6e76da7fd4e14512f210cf0ccd6,a474b4ea4f54e7123ff6a20fc7104038,29232094,5ef3b001d89ce1c50dfc1581ca6f705ab79cf5d558d793ef3769406d867b3931,10.0,2026-06-03T15:47:29.017999+00:00,blockrand-drand-quicknet
3bdab1450ee7c7d6d309ca16b6515108a0dbe6e76da7fd4e14512f210cf0ccd6,a474b4ea4f54e7123ff6a20fc7104038,29232095,1efd1c3b8b02c56e1145e6d9c0576a5aa6e26a94d3bae6133f6a97639515fac1,16.0,2026-06-03T15:47:29.018034+00:00,blockrand-drand-quicknet
3bdab1450ee7c7d6d309ca16b6515108a0dbe6e76da7fd4e14512f210cf0ccd6,a474b4ea4f54e7123ff6a20fc7104038,29232096,32385347d53984c413914be6f265b94abb5846e38ece5c97b38fa83acf6f34e2,36.0,2026-06-03T15:47:29.018069+00:00,blockrand-drand-quicknet
3bdab1450ee7c7d6d309ca16b6515108a0dbe6e76da7fd4e14512f210cf0ccd6,a474b4ea4f54e7123ff6a20fc7104038,29232097,ea3b6e995edd55d68297f24986d9d5439f551e24c4bc7f95edbf3972557b0d61,82.0,2026-06-03T15:47:29.018105+00:00,blockrand-drand-quicknet
3bdab1450ee7c7d6d309ca16b6515108a0dbe6e76da7fd4e14512f210cf0ccd6,a474b4ea4f54e7123ff6a20fc7104038,29232098,9da6f9e7a6150ce9d1ea1b086b5ee0e98dcd209eaea0dcf72b7005520f498ddb,64.0,2026-06-03T15:47:29.018141+00:00,blockrand-drand-quicknet
3bdab1450ee7c7d6d309ca16b6515108a0dbe6e76da7fd4e14512f210cf0ccd6,a474b4ea4f54e7123ff6a20fc7104038,29232099,a7172d0a140f4f0878b64c43c36274a55789ffb0a857fcfb7481ccdb02af9c56,31.0,2026-06-03T15:47:29.018176+00:00,blockrand-drand-quicknet
3bdab1450ee7c7d6d309ca16b6515108a0dbe6e76da7fd4e14512f210cf0ccd6,a474b4ea4f54e7123ff6a20fc7104038,29232100,b7f544314605716850cabcb2b8fbd522186df7029d07fe3f3c3a600d9d2bce11,6.0,2026-06-03T15:47:29.018211+00:00,blockrand-drand-quicknet
3bdab1450ee7c7d6d309ca16b6515108a0dbe6e76da7fd4e14512f210cf0ccd6,a474b4ea4f54e7123ff6a20fc7104038,29232101,7f539bcf6700918fec58feedef8451be02b6d26cbd7dd11b75ecde9d68b86b8b,8.0,2026-06-03T15:47:29.018248+00:00,blockrand-drand-quicknet
3bdab1450ee7c7d6d309ca16b6515108a0dbe6e76da7fd4e14512f210cf0ccd6,a474b4ea4f54e7123ff6a20fc7104038,29232102,d98b73cd5c379ce5d6e77913f8505f8a673b8d4dbd2f48132ca988b13c01188a,22.0,2026-06-03T15:47:29.018283+00:00,blockrand-drand-quicknet
3bdab1450ee7c7d6d309ca16b6515108a0dbe6e76da7fd4e14512f210cf0ccd6,a474b4ea4f54e7123ff6a20fc7104038,29232103,d605fdf88fb92f889ac9b9c83110269c4c43ae141e9bbf4b363f7e8ab49e679e,21.0,2026-06-03T15:47:29.018319+00:00,blockrand-drand-quicknet
3bdab1450ee7c7d6d309ca16b6515108a0dbe6e76da7fd4e14512f210cf0ccd6,a474b4ea4f54e7123ff6a20fc7104038,29232104,2844e30fd00d559f1fd8c34256246736e290eb9a6168991c71fef250058d41bf,16.0,2026-06-03T15:47:29.018364+00:00,blockrand-drand-quicknet
3bdab1450ee7c7d6d309ca16b6515108a0dbe6e76da7fd4e14512f210cf0ccd6,a474b4ea4f54e7123ff6a20fc7104038,29232105,52f27adb94375593aa393961d3b905c91255d044e65fd84a2b824d88e3bfe1d0,76.0,2026-06-03T15:47:29.018406+00:00,blockrand-drand-quicknet
3bdab1450ee7c7d6d309ca16b6515108a0dbe6e76da7fd4e14512f210cf0ccd6,a474b4ea4f54e7123ff6a20fc7104038,29232106,9331cc78d4cd142d6e26bf9a5eead0254d5bda3543782ca0ce3d3ddf566fbed0,61.0,2026-06-03T15:47:29.018442+00:00,blockrand-drand-quicknet
3bdab1450ee7c7d6d309ca16b6515108a0dbe6e76da7fd4e14512f210cf0ccd6,a474b4ea4f54e7123ff6a20fc7104038,29232107,414b4da72e5b1692d12feabbd23244b07d46c61a8f5c66db26e28d77dd21d2c4,20.0,2026-06-03T15:47:29.018477+00:00,blockrand-drand-quicknet
3bdab1450ee7c7d6d309ca16b6515108a0dbe6e76da7fd4e14512f210cf0ccd6,a474b4ea4f54e7123ff6a20fc7104038,29232108,cbd2d7467c25c38722df0a155884c075c8d42712268e025b3fe68a650a54b07f,19.0,2026-06-03T15:47:29.018513+00:00,blockrand-drand-quicknet
3bdab1450ee7c7d6d309ca16b6515108a0dbe6e76da7fd4e14512f210cf0ccd6,a474b4ea4f54e7123ff6a20fc7104038,29232109,8046b3cd18a165d20b79723cb8864032eb557a3b93ab6f8937918ab943f42ea5,98.0,2026-06-03T15:47:29.018549+00:00,blockrand-drand-quicknet
3bdab1450ee7c7d6d309ca16b6515108a0dbe6e76da7fd4e14512f210cf0ccd6,a474b4ea4f54e7123ff6a20fc7104038,29232110,701ff34ffc3d1711bae67da7fd1827886753211dd45b5205c8668b6e2d70f67f,96.0,2026-06-03T15:47:29.018584+00:00,blockrand-drand-quicknet
3bdab1450ee7c7d6d309ca16b6515108a0dbe6e76da7fd4e14512f210cf0ccd6,a474b4ea4f54e7123ff6a20fc7104038,29232111,d801e94c4a2136661bc67ac6c1e866351bb5697a7c86a59911ac1d7c64b98c2d,17.0,2026-06-03T15:47:29.018625+00:00,blockrand-drand-quicknet
3bdab1450ee7c7d6d309ca16b6515108a0dbe6e76da7fd4e14512f210cf0ccd6,a474b4ea4f54e7123ff6a20fc7104038,29232112,0db10097ae1b7668bca03ba314fd36b8e4a254eaed322b00f2887b7a128be019,32.0,2026-06-03T15:47:29.018659+00:00,blockrand-drand-quicknet
3bdab1450ee7c7d6d309ca16b6515108a0dbe6e76da7fd4e14512f210cf0ccd6,a474b4ea4f54e7123ff6a20fc7104038,29232113,3e2c1763982457ed2ec1db23c280a1d63e18a6e79a5086327cf67285781cae83,64.0,2026-06-03T15:47:29.018695+00:00,blockrand-drand-quicknet
3bdab1450ee7c7d6d309ca16b6515108a0dbe6e76da7fd4e14512f210cf0ccd6,a474b4ea4f54e7123ff6a20fc7104038,29232114,3e1bf1bc2a8511f1e0b4c244d4cbdfd9be09510a5cf5a19ec916ba29d3f22f71,49.0,2026-06-03T15:47:29.018730+00:00,blockrand-drand-quicknet
3bdab1450ee7c7d6d309ca16b6515108a0dbe6e76da7fd4e14512f210cf0ccd6,a474b4ea4f54e7123ff6a20fc7104038,29232115,48628d2a7144f53fa9fe72b0fd0700045cce60cd1b6bc4eeaf77bf90bc628573,19.0,2026-06-03T15:47:29.018765+00:00,blockrand-drand-quicknet
3bdab1450ee7c7d6d309ca16b6515108a0dbe6e76da7fd4e14512f210cf0ccd6,a474b4ea4f54e7123ff6a20fc7104038,29232116,22be6660159c85cc0d5a672dae7928f34c9f94c6464f2760d88c368b781b20ba,93.0,2026-06-03T15:47:29.018801+00:00,blockrand-drand-quicknet
3bdab1450ee7c7d6d309ca16b6515108a0dbe6e76da7fd4e14512f210cf0ccd6,a474b4ea4f54e7123ff6a20fc7104038,29232117,f1129aea936e743cb734448fd5146fb2c5301556fcdb9dec505c72a25d269be6,63.0,2026-06-03T15:47:29.018836+00:00,blockrand-drand-quicknet
3bdab1450ee7c7d6d309ca16b6515108a0dbe6e76da7fd4e14512f210cf0ccd6,a474b4ea4f54e7123ff6a20fc7104038,29232118,88bc6d7c672b615c4ecc0529f0ee484481cb32615ce0ee5c00ce5a9db01f7653,73.0,2026-06-03T15:47:29.018871+00:00,blockrand-drand-quicknet
3bdab1450ee7c7d6d309ca16b6515108a0dbe6e76da7fd4e14512f210cf0ccd6,a474b4ea4f54e7123ff6a20fc7104038,29232119,1cc50ac1fc3758c0c492accd4ff718cf2662f20c49720e27102e18aba427a03e,94.0,2026-06-03T15:47:29.018906+00:00,blockrand-drand-quicknet
3bdab1450ee7c7d6d309ca16b6515108a0dbe6e76da7fd4e14512f210cf0ccd6,a474b4ea4f54e7123ff6a20fc7104038,29232120,96da99024ceb666af2c38178bdc63c59bb8ebc9210b95eb9fd4528e522212886,19.0,2026-06-03T15:47:29.018949+00:00,blockrand-drand-quicknet
3bdab1450ee7c7d6d309ca16b6515108a0dbe6e76da7fd4e14512f210cf0ccd6,a474b4ea4f54e7123ff6a20fc7104038,29232121,66434fd3b62bcdb7e246adddb6459cda9e262a08bc230ff05c98bfd8a920148e,80.0,2026-06-03T15:47:29.018989+00:00,blockrand-drand-quicknet
3bdab1450ee7c7d6d309ca16b6515108a0dbe6e76da7fd4e14512f210cf0ccd6,a474b4ea4f54e7123ff6a20fc7104038,29232122,2bb7047c7d2befeb18eaed60a83b75c4f6e9076954763b8a8dcdc080e832db01,25.0,2026-06-03T15:47:29.019026+00:00,blockrand-drand-quicknet
3bdab1450ee7c7d6d309ca16b6515108a0dbe6e76da7fd4e14512f210cf0ccd6,a474b4ea4f54e7123ff6a20fc7104038,29232123,a13ca6132c9d5930acf5ff2499e01c2037a15c648caeb78fa68c3eff868bd3ed,52.0,2026-06-03T15:47:29.019061+00:00,blockrand-drand-quicknet
3bdab1450ee7c7d6d309ca16b6515108a0dbe6e76da7fd4e14512f210cf0ccd6,a474b4ea4f54e7123ff6a20fc7104038,29232124,f54e72fd7869ee870bd746776c0466c4045b67971ab9e13c6e9f03150f634368,66.0,2026-06-03T15:47:29.019096+00:00,blockrand-drand-quicknet
3bdab1450ee7c7d6d309ca16b6515108a0dbe6e76da7fd4e14512f210cf0ccd6,a474b4ea4f54e7123ff6a20fc7104038,29232125,673de40365719618ba89324ff01d38f596fcf9026dbc743cd082e5b2a4e57598,16.0,2026-06-03T15:47:29.019131+00:00,blockrand-drand-quicknet
3bdab1450ee7c7d6d309ca16b6515108a0dbe6e76da7fd4e14512f210cf0ccd6,a474b4ea4f54e7123ff6a20fc7104038,29232126,2551aa6bfdfca140c472f392a6bc2703ad2f070b5047d42e5d9bd14104c52a9e,36.0,2026-06-03T15:47:29.019167+00:00,blockrand-drand-quicknet
3bdab1450ee7c7d6d309ca16b6515108a0dbe6e76da7fd4e14512f210cf0ccd6,a474b4ea4f54e7123ff6a20fc7104038,29232127,fdbea1bdd197959c39e166653f6765112794ff2ae11fb98dec6bfdb292787a8e,94.0,2026-06-03T15:47:29.019202+00:00,blockrand-drand-quicknet
f5b449014b3492fa64f9a09e27fa40bde012d5e82191061899011ca625e2134a,a474b4ea4f54e7123ff6a20fc7104038,29232128,9f2150b89fe360712163b6ca76cf9c383b2cf9e5e80606ed761c2bcc97038a56,97.0,2026-06-03T15:47:29.019261+00:00,blockrand-drand-quicknet
f5b449014b3492fa64f9a09e27fa40bde012d5e82191061899011ca625e2134a,a474b4ea4f54e7123ff6a20fc7104038,29232129,19e7409294691a061108110a30f616963a9eeb57a5ffcb45c93cff073552aa39,47.0,2026-06-03T15:47:29.019297+00:00,blockrand-drand-quicknet
f5b449014b3492fa64f9a09e27fa40bde012d5e82191061899011ca625e2134a,a474b4ea4f54e7123ff6a20fc7104038,29232130,85d89a1a57e64c846a753fc980181458a3da06fd35666b736bef7153eef27d6b,55.0,2026-06-03T15:47:29.019331+00:00,blockrand-drand-quicknet
f5b449014b3492fa64f9a09e27fa40bde012d5e82191061899011ca625e2134a,a474b4ea4f54e7123ff6a20fc7104038,29232131,8fb90ecca90b061f2413a19390d555a7fd88c437717840d6c9dc3dd86fc2f957,37.0,2026-06-03T15:47:29.019370+00:00,blockrand-drand-quicknet
f5b449014b3492fa64f9a09e27fa40bde012d5e82191061899011ca625e2134a,a474b4ea4f54e7123ff6a20fc7104038,29232132,5ec88cb149b31460895c9815fd4ca52ea5925cb291cb5f5165ef0ca89e4282a1,22.0,2026-06-03T15:47:29.019406+00:00,blockrand-drand-quicknet
f5b449014b3492fa64f9a09e27fa40bde012d5e82191061899011ca625e2134a,a474b4ea4f54e7123ff6a20fc7104038,29232133,7c647b40d2546215f664e537a8c6855b5f1a0f155ea4ed8f276bc3d510bdfeff,37.0,2026-06-03T15:47:29.019443+00:00,blockrand-drand-quicknet
f5b449014b3492fa64f9a09e27fa40bde012d5e82191061899011ca625e2134a,a474b4ea4f54e7123ff6a20fc7104038,29232134,82375ab0a80f4318a8836f52db8b48b4ad522f5c3384ece784f1028c7f1b0916,77.0,2026-06-03T15:47:29.019480+00:00,blockrand-drand-quicknet
f5b449014b3492fa64f9a09e27fa40bde012d5e82191061899011ca625e2134a,a474b4ea4f54e7123ff6a20fc7104038,29232135,2e27b20f77abde97a45e4be5b3776c8411e997347b236193a0ba975a8f4158bf,24.0,2026-06-03T15:47:29.019525+00:00,blockrand-drand-quicknet
f5b449014b3492fa64f9a09e27fa40bde012d5e82191061899011ca625e2134a,a474b4ea4f54e7123ff6a20fc7104038,29232136,a2045d0f00ea60e9cb0af27c2d6747b858a9f5d96ad23222358fb532c7226614,60.0,2026-06-03T15:47:29.019573+00:00,blockrand-drand-quicknet
f5b449014b3492fa64f9a09e27fa40bde012d5e82191061899011ca625e2134a,a474b4ea4f54e7123ff6a20fc7104038,29232137,5716371ab69894793c7c7bfc8a1703556bc2ebbb07fa9f9bd98f4442bf1d2f22,91.0,2026-06-03T15:47:29.019613+00:00,blockrand-drand-quicknet
f5b449014b3492fa64f9a09e27fa40bde012d5e82191061899011ca625e2134a,a474b4ea4f54e7123ff6a20fc7104038,29232138,cd0407a942044f6be767666766e5cf062f7d9d87809fc97d9ba188261b9aa5c5,86.0,2026-06-03T15:47:29.019650+00:00,blockrand-drand-quicknet
f5b449014b3492fa64f9a09e27fa40bde012d5e82191061899011ca625e2134a,a474b4ea4f54e7123ff6a20fc7104038,29232139,08489224dc5f8c742413742cde704b8688e135aed6f4b56387ecd3fd18b5391d,33.0,2026-06-03T15:47:29.019686+00:00,blockrand-drand-quicknet
f5b449014b3492fa64f9a09e27fa40bde012d5e82191061899011ca625e2134a,a474b4ea4f54e7123ff6a20fc7104038,29232140,849b32674568f4743536b40073ab9e396e55d3c1a5043707fd0c4917a6a7606f,96.0,2026-06-03T15:47:29.019722+00:00,blockrand-drand-quicknet
f5b449014b3492fa64f9a09e27fa40bde012d5e82191061899011ca625e2134a,a474b4ea4f54e7123ff6a20fc7104038,29232141,7aa12c6022f350e04ca8fe6c450b4969f679c6d1c10b81e97d20cfe642e20913,9.0,2026-06-03T15:47:29.019758+00:00,blockrand-drand-quicknet
f5b449014b3492fa64f9a09e27fa40bde012d5e82191061899011ca625e2134a,a474b4ea4f54e7123ff6a20fc7104038,29232142,d7870be424d508a80f13d29f3e87a7fd78f3001de0b4bc0c2c8b27c8166a57a1,45.0,2026-06-03T15:47:29.019795+00:00,blockrand-drand-quicknet
f5b449014b3492fa64f9a09e27fa40bde012d5e82191061899011ca625e2134a,a474b4ea4f54e7123ff6a20fc7104038,29232143,3dd72dd5b34e5355f4e889725e2d3d0769ff969900e56fe45435e28da3a8450b,50.0,2026-06-03T15:47:29.019831+00:00,blockrand-drand-quicknet
f5b449014b3492fa64f9a09e27fa40bde012d5e82191061899011ca625e2134a,a474b4ea4f54e7123ff6a20fc7104038,29232144,1d6d66b747c1d93e6ba153056f8dec463df11eea7a0bf1ff0cd29bbaac5c0e39,84.0,2026-06-03T15:47:29.019869+00:00,blockrand-drand-quicknet
f5b449014b3492fa64f9a09e27fa40bde012d5e82191061899011ca625e2134a,a474b4ea4f54e7123ff6a20fc7104038,29232145,ede8b05c975651357202a04c090204970f441b910b73373a0b48cdd6ef2aa7df,93.0,2026-06-03T15:47:29.019905+00:00,blockrand-drand-quicknet
f5b449014b3492fa64f9a09e27fa40bde012d5e82191061899011ca625e2134a,a474b4ea4f54e7123ff6a20fc7104038,29232146,9bb095789162b1915d0a4f107098b440530c809e24ed860bb0e12e6248c7da68,81.0,2026-06-03T15:47:29.019941+00:00,blockrand-drand-quicknet
f5b449014b3492fa64f9a09e27fa40bde012d5e82191061899011ca625e2134a,a474b4ea4f54e7123ff6a20fc7104038,29232147,31bc112d5e88c78510b9cf1974469b8e21521460330609d02e4c970c2417ae3f,50.0,2026-06-03T15:47:29.019978+00:00,blockrand-drand-quicknet
f5b449014b3492fa64f9a09e27fa40bde012d5e82191061899011ca625e2134a,a474b4ea4f54e7123ff6a20fc7104038,29232148,3e922d4a6fccb712bf4d0ad36fa4187a70a9b8b8f06d9978becfa9bfb94f2828,43.0,2026-06-03T15:47:29.020013+00:00,blockrand-drand-quicknet
f5b449014b3492fa64f9a09e27fa40bde012d5e82191061899011ca625e2134a,a474b4ea4f54e7123ff6a20fc7104038,29232149,301805bf50b9c498b96b2e0f04f83243db4719e3fbbb40348fbec6f767a86054,4.0,2026-06-03T15:47:29.020052+00:00,blockrand-drand-quicknet
f5b449014b3492fa64f9a09e27fa40bde012d5e82191061899011ca625e2134a,a474b4ea4f54e7123ff6a20fc7104038,29232150,79329de8e2e873c7d3e172fdb0ec60a52dcf9a0725c1f3dd96f877a83f9616ab,61.0,2026-06-03T15:47:29.020089+00:00,blockrand-drand-quicknet
f5b449014b3492fa64f9a09e27fa40bde012d5e82191061899011ca625e2134a,a474b4ea4f54e7123ff6a20fc7104038,29232151,ce8d19ad3238cd6822c6202b15e3c4f2e60f425438154c5b29140847344460f4,46.0,2026-06-03T15:47:29.020125+00:00,blockrand-drand-quicknet
f5b449014b3492fa64f9a09e27fa40bde012d5e82191061899011ca625e2134a,a474b4ea4f54e7123ff6a20fc7104038,29232152,053dc662edf4092e80a29e1a0cfb3d4cf02072363d57123a5a63a6d931db3b10,63.0,2026-06-03T15:47:29.020160+00:00,blockrand-drand-quicknet
f5b449014b3492fa64f9a09e27fa40bde012d5e82191061899011ca625e2134a,a474b4ea4f54e7123ff6a20fc7104038,29232153,1478a39c47cfad73234d43b9cad19f15fcbd193737af9b209a2e34ec9e360442,25.0,2026-06-03T15:47:29.020199+00:00,blockrand-drand-quicknet
f5b449014b3492fa64f9a09e27fa40bde012d5e82191061899011ca625e2134a,a474b4ea4f54e7123ff6a20fc7104038,29232154,09f1fc28f04f9c102e08f0a1d448c80c745005fd0e8c2435229379b0657962fd,73.0,2026-06-03T15:47:29.020240+00:00,blockrand-drand-quicknet
f5b449014b3492fa64f9a09e27fa40bde012d5e82191061899011ca625e2134a,a474b4ea4f54e7123ff6a20fc7104038,29232155,1796c3d744c4d7a6ff1bba3e6fea8abab970ce9ff8c9e8e28c715b2a9d43076b,4.0,2026-06-03T15:47:29.020276+00:00,blockrand-drand-quicknet
f5b449014b3492fa64f9a09e27fa40bde012d5e82191061899011ca625e2134a,a474b4ea4f54e7123ff6a20fc7104038,29232156,c9cbdca84aaca1fce10b2eeda3390ed54d2bb152a0bd05096e899e81fd78426a,13.0,2026-06-03T15:47:29.020315+00:00,blockrand-drand-quicknet
f5b449014b3492fa64f9a09e27fa40bde012d5e82191061899011ca625e2134a,a474b4ea4f54e7123ff6a20fc7104038,29232157,162d89de68fd8562850c9a03cb581d2c89ca472def85abd1c49cc2ab9fed4bfa,67.0,2026-06-03T15:47:29.020366+00:00,blockrand-drand-quicknet
f5b449014b3492fa64f9a09e27fa40bde012d5e82191061899011ca625e2134a,a474b4ea4f54e7123ff6a20fc7104038,29232158,44926e9517fe0ee1deddf43cdc7a3ba6bd3f4ab603c5e524ec16e218189e5ad6,54.0,2026-06-03T15:47:29.020406+00:00,blockrand-drand-quicknet
f5b449014b3492fa64f9a09e27fa40bde012d5e82191061899011ca625e2134a,a474b4ea4f54e7123ff6a20fc7104038,29232159,203c653cf32fe1370d70b3fea6aa5804ae5a21ec254706926f60a4b3872edb0f,89.0,2026-06-03T15:47:29.020443+00:00,blockrand-drand-quicknet
f5b449014b3492fa64f9a09e27fa40bde012d5e82191061899011ca625e2134a,a474b4ea4f54e7123ff6a20fc7104038,29232160,305ccd1013ea3e07f2b52ebb4d685a07d4ccee7755d0bb2664fd42f177634094,77.0,2026-06-03T15:47:29.020481+00:00,blockrand-drand-quicknet
f5b449014b3492fa64f9a09e27fa40bde012d5e82191061899011ca625e2134a,a474b4ea4f54e7123ff6a20fc7104038,29232161,b3878a58529150de6bec26327dafba6c742ee74beb1db651eec22e1c13bc5e0a,41.0,2026-06-03T15:47:29.020515+00:00,blockrand-drand-quicknet
f5b449014b3492fa64f9a09e27fa40bde012d5e82191061899011ca625e2134a,a474b4ea4f54e7123ff6a20fc7104038,29232162,55dcb7f3b734481e05c1851c271f7dd823ad0b7b51ac101be167c4235f32a412,72.0,2026-06-03T15:47:29.020561+00:00,blockrand-drand-quicknet
f5b449014b3492fa64f9a09e27fa40bde012d5e82191061899011ca625e2134a,a474b4ea4f54e7123ff6a20fc7104038,29232163,fd5f0ad3d573a5fb5a230c359ae53ddc590712de9ca6629936c1a1d952501b73,40.0,2026-06-03T15:47:29.020598+00:00,blockrand-drand-quicknet
f5b449014b3492fa64f9a09e27fa40bde012d5e82191061899011ca625e2134a,a474b4ea4f54e7123ff6a20fc7104038,29232164,0d6285c5100675dd49404f57ee2fd88cd91036aba4dff3aa7b631e77d410ce9a,82.0,2026-06-03T15:47:29.020635+00:00,blockrand-drand-quicknet
f5b449014b3492fa64f9a09e27fa40bde012d5e82191061899011ca625e2134a,a474b4ea4f54e7123ff6a20fc7104038,29232165,e522fb6eb91ebe1432d97330f988d8ba842b9ab31083194d308d777437e4fa28,55.0,2026-06-03T15:47:29.020672+00:00,blockrand-drand-quicknet
f5b449014b3492fa64f9a09e27fa40bde012d5e82191061899011ca625e2134a,a474b4ea4f54e7123ff6a20fc7104038,29232166,599b00a1336ee5d4f7ef9b8a8ec65e9669747ff26b21f04545736e5e8267588e,66.0,2026-06-03T15:47:29.020707+00:00,blockrand-drand-quicknet
f5b449014b3492fa64f9a09e27fa40bde012d5e82191061899011ca625e2134a,a474b4ea4f54e7123ff6a20fc7104038,29232167,382cc56444ab0e15c2af47b36806c2bfb82289654c2a56851a626cba71bf4d3c,13.0,2026-06-03T15:47:29.020742+00:00,blockrand-drand-quicknet
f5b449014b3492fa64f9a09e27fa40bde012d5e82191061899011ca625e2134a,a474b4ea4f54e7123ff6a20fc7104038,29232168,7cdbfa97c2fc5efee3f312be3de15772330ec07a3d3a7c0a8a82893223d88db7,20.0,2026-06-03T15:47:29.020777+00:00,blockrand-drand-quicknet
f5b449014b3492fa64f9a09e27fa40bde012d5e82191061899011ca625e2134a,a474b4ea4f54e7123ff6a20fc7104038,29232169,3c72f41c9a3d125d81f19d1ddb21af0aa91900111fcd99fe15319e32f867c6c6,57.0,2026-06-03T15:47:29.020818+00:00,blockrand-drand-quicknet
f5b449014b3492fa64f9a09e27fa40bde012d5e82191061899011ca625e2134a,a474b4ea4f54e7123ff6a20fc7104038,29232170,55ce07fee39746a47373cd809ff99ed9c815bb94c4dc7f8b7730f9c21aaa5bcb,23.0,2026-06-03T15:47:29.020857+00:00,blockrand-drand-quicknet
f5b449014b3492fa64f9a09e27fa40bde012d5e82191061899011ca625e2134a,a474b4ea4f54e7123ff6a20fc7104038,29232171,2667bec8bd10ed990ed5a20eb1798df77b43d36ede9d7c1675cc27f651b2f0ab,57.0,2026-06-03T15:47:29.020893+00:00,blockrand-drand-quicknet
f5b449014b3492fa64f9a09e27fa40bde012d5e82191061899011ca625e2134a,a474b4ea4f54e7123ff6a20fc7104038,29232172,b26fb67d21396a7e2f781c638167bc1823c91bfd0993f267c8959199a43ff7ee,62.0,2026-06-03T15:47:29.020929+00:00,blockrand-drand-quicknet
f5b449014b3492fa64f9a09e27fa40bde012d5e82191061899011ca625e2134a,a474b4ea4f54e7123ff6a20fc7104038,29232173,74d324f88ee7bedbc071ccf8af049046c0d2eea7d74c91bf2518e6ff8c900b07,17.0,2026-06-03T15:47:29.020968+00:00,blockrand-drand-quicknet
f5b449014b3492fa64f9a09e27fa40bde012d5e82191061899011ca625e2134a,a474b4ea4f54e7123ff6a20fc7104038,29232174,d89621c10b9d5b191e146f573ff2d3f72afd71d2416eb16b4aea06404a47e928,98.0,2026-06-03T15:47:29.021006+00:00,blockrand-drand-quicknet
f5b449014b3492fa64f9a09e27fa40bde012d5e82191061899011ca625e2134a,a474b4ea4f54e7123ff6a20fc7104038,29232175,f1d7e6151ed2fd70f0a001ed339a37297b83d09fb61a36e4d9db2022acf6168b,98.0,2026-06-03T15:47:29.021042+00:00,blockrand-drand-quicknet
f5b449014b3492fa64f9a09e27fa40bde012d5e82191061899011ca625e2134a,a474b4ea4f54e7123ff6a20fc7104038,29232176,1c1a032425cda1cb3cc3e0499d889a55b1df1e3da65119cb032a9f9dcc53540d,89.0,2026-06-03T15:47:29.021084+00:00,blockrand-drand-quicknet
f5b449014b3492fa64f9a09e27fa40bde012d5e82191061899011ca625e2134a,a474b4ea4f54e7123ff6a20fc7104038,29232177,e86ec8d2d0b1c4b19ee2a01a9603b3e0e8f1c443b3adf11a96e3583b0dbdd180,83.0,2026-06-03T15:47:29.021119+00:00,blockrand-drand-quicknet
f5b449014b3492fa64f9a09e27fa40bde012d5e82191061899011ca625e2134a,a474b4ea4f54e7123ff6a20fc7104038,29232178,fc6eca8253ed4769cd086cfcf5cd46a93fd0ed969b6265c047c2a412972d2dd3,35.0,2026-06-03T15:47:29.021153+00:00,blockrand-drand-quicknet
f5b449014b3492fa64f9a09e27fa40bde012d5e82191061899011ca625e2134a,a474b4ea4f54e7123ff6a20fc7104038,29232179,7cdbbc75efa5cf9ea07189cdf43456181f32a929707e5cc35eab1687237ade95,14.0,2026-06-03T15:47:29.021196+00:00,blockrand-drand-quicknet
f5b449014b3492fa64f9a09e27fa40bde012d5e82191061899011ca625e2134a,a474b4ea4f54e7123ff6a20fc7104038,29232180,d0977e02a42c23258a3cf887ea24be3349c6eafd95350e82dbcc20cd35be9397,23.0,2026-06-03T15:47:29.021230+00:00,blockrand-drand-quicknet
f5b449014b3492fa64f9a09e27fa40bde012d5e82191061899011ca625e2134a,a474b4ea4f54e7123ff6a20fc7104038,29232181,25062a0a4ffbec2fa680a86462a6e2e6b57b83a39daefeb19f47db45dba7205a,71.0,2026-06-03T15:47:29.021265+00:00,blockrand-drand-quicknet
f5b449014b3492fa64f9a09e27fa40bde012d5e82191061899011ca625e2134a,a474b4ea4f54e7123ff6a20fc7104038,29232182,6e1bc21eb6ecdeab35ea3e37e43c8518cb8fa3884318026efe5615115a799d1d,27.0,2026-06-03T15:47:29.021302+00:00,blockrand-drand-quicknet
f5b449014b3492fa64f9a09e27fa40bde012d5e82191061899011ca625e2134a,a474b4ea4f54e7123ff6a20fc7104038,29232183,61312c00274a8c6be1c01d1f2c92805d32e0f373348ceeadeb7f492108682504,81.0,2026-06-03T15:47:29.021337+00:00,blockrand-drand-quicknet
f5b449014b3492fa64f9a09e27fa40bde012d5e82191061899011ca625e2134a,a474b4ea4f54e7123ff6a20fc7104038,29232184,af2d9fb1a009cddb951bea1947c701b129b9285da8d9d1966006487fe3682332,2.0,2026-06-03T15:47:29.021372+00:00,blockrand-drand-quicknet
f5b449014b3492fa64f9a09e27fa40bde012d5e82191061899011ca625e2134a,a474b4ea4f54e7123ff6a20fc7104038,29232185,8785deff52a6bc8ed8ab407453f12411fa4f7c7f3213004c74b175a1d60bc199,36.0,2026-06-03T15:47:29.021407+00:00,blockrand-drand-quicknet
f5b449014b3492fa64f9a09e27fa40bde012d5e82191061899011ca625e2134a,a474b4ea4f54e7123ff6a20fc7104038,29232186,3e58f296e2e607802b43d343c0806d86457b940eac6b64273425f083429a0ef3,63.0,2026-06-03T15:47:29.021446+00:00,blockrand-drand-quicknet
f5b449014b3492fa64f9a09e27fa40bde012d5e82191061899011ca625e2134a,a474b4ea4f54e7123ff6a20fc7104038,29232187,446ce95d1df36f882a5b80e68f272442dfc7c9de78ffb7e48caf3e8d316350ba,18.0,2026-06-03T15:47:29.021482+00:00,blockrand-drand-quicknet
f5b449014b3492fa64f9a09e27fa40bde012d5e82191061899011ca625e2134a,a474b4ea4f54e7123ff6a20fc7104038,29232188,f01ec62bbb5ea82b025a76f33699f4367b1ae7d3cf57f21e01edd982934680ba,52.0,2026-06-03T15:47:29.021517+00:00,blockrand-drand-quicknet
f5b449014b3492fa64f9a09e27fa40bde012d5e82191061899011ca625e2134a,a474b4ea4f54e7123ff6a20fc7104038,29232189,a7ecf5e027c148833c0d2e66949772fab0d34156a11dfdc4d9823f19308c8e15,13.0,2026-06-03T15:47:29.021551+00:00,blockrand-drand-quicknet
f5b449014b3492fa64f9a09e27fa40bde012d5e82191061899011ca625e2134a,a474b4ea4f54e7123ff6a20fc7104038,29232190,8cfebf8965b4f15ec49853610c5b8ce58c77c9d4af73fa2f44087c27ad3fd996,18.0,2026-06-03T15:47:29.021587+00:00,blockrand-drand-quicknet
f5b449014b3492fa64f9a09e27fa40bde012d5e82191061899011ca625e2134a,a474b4ea4f54e7123ff6a20fc7104038,29232191,9d12b43fc96c1e870dec5b3b77ef2ee9efcaa210018e98d097e4b44c99f66632,4.0,2026-06-03T15:47:29.021623+00:00,blockrand-drand-quicknet
f5b449014b3492fa64f9a09e27fa40bde012d5e82191061899011ca625e2134a,a474b4ea4f54e7123ff6a20fc7104038,29232192,d3836554cf11d9ad4ad4b770b9b98eb86508b636e683de0915df9bf26b4db861,33.0,2026-06-03T15:47:29.021659+00:00,blockrand-drand-quicknet
f5b449014b3492fa64f9a09e27fa40bde012d5e82191061899011ca625e2134a,a474b4ea4f54e7123ff6a20fc7104038,29232193,f4fe2a47c3929d1237c7bac43ca4579d2026776a21b9f35f139c583aa104c747,72.0,2026-06-03T15:47:29.021696+00:00,blockrand-drand-quicknet
f5b449014b3492fa64f9a09e27fa40bde012d5e82191061899011ca625e2134a,a474b4ea4f54e7123ff6a20fc7104038,29232194,a8318b778f040b0196ec25c0d70db23dce2e52ccec0d9eab5006e37c7e99c02f,56.0,2026-06-03T15:47:29.021731+00:00,blockrand-drand-quicknet
f5b449014b3492fa64f9a09e27fa40bde012d5e82191061899011ca625e2134a,a474b4ea4f54e7123ff6a20fc7104038,29232195,c869527bd354c473d8647fa4ba7ca9d89b940e47a6075c4fe554bb0d7ef521c5,96.0,2026-06-03T15:47:29.021766+00:00,blockrand-drand-quicknet
f5b449014b3492fa64f9a09e27fa40bde012d5e82191061899011ca625e2134a,a474b4ea4f54e7123ff6a20fc7104038,29232196,c5e5eabde4a7049d842de0bf6c4dbb9abb23137fda8d58f7c9a17593a4b0eced,90.0,2026-06-03T15:47:29.021800+00:00,blockrand-drand-quicknet
f5b449014b3492fa64f9a09e27fa40bde012d5e82191061899011ca625e2134a,a474b4ea4f54e7123ff6a20fc7104038,29232197,a2b71f36d4c2646a2a61dd4b0a02248285dfa859b8c09fda48c74bb24719d2e6,71.0,2026-06-03T15:47:29.021835+00:00,blockrand-drand-quicknet
f5b449014b3492fa64f9a09e27fa40bde012d5e82191061899011ca625e2134a,a474b4ea4f54e7123ff6a20fc7104038,29232198,0379e75414af4f972eb7179b0a83815bd3fc83cbe5fcc443b024df9a16f021ec,25.0,2026-06-03T15:47:29.021870+00:00,blockrand-drand-quicknet
f5b449014b3492fa64f9a09e27fa40bde012d5e82191061899011ca625e2134a,a474b4ea4f54e7123ff6a20fc7104038,29232199,26bdf16aef2a46bd984a93a0e21fcfa14597ec0a7c39a62066bbf87189322fbd,15.0,2026-06-03T15:47:29.021905+00:00,blockrand-drand-quicknet
f5b449014b3492fa64f9a09e27fa40bde012d5e82191061899011ca625e2134a,a474b4ea4f54e7123ff6a20fc7104038,29232200,687038b5692b8c43666d2829ec9247286e7de40fc44fde53bc30094ff2c0ca19,14.0,2026-06-03T15:47:29.021940+00:00,blockrand-drand-quicknet
f5b449014b3492fa64f9a09e27fa40bde012d5e82191061899011ca625e2134a,a474b4ea4f54e7123ff6a20fc7104038,29232201,7ad42d78c459a991aa6d24c8427e5311ebe920948ecc3ae77734f10c148c9d52,25.0,2026-06-03T15:47:29.021975+00:00,blockrand-drand-quicknet
f5b449014b3492fa64f9a09e27fa40bde012d5e82191061899011ca625e2134a,a474b4ea4f54e7123ff6a20fc7104038,29232202,13c321826ae2dd7c2306bcb90e9b7b1e9106f469bf270405f3ee27daa306e727,3.0,2026-06-03T15:47:29.022011+00:00,blockrand-drand-quicknet
f5b449014b3492fa64f9a09e27fa40bde012d5e82191061899011ca625e2134a,a474b4ea4f54e7123ff6a20fc7104038,29232203,8437c1440ef346924ebebb5ac471f1bbcefde9b826bc9b47a2f2fb316cc39fe6,69.0,2026-06-03T15:47:29.022048+00:00,blockrand-drand-quicknet
f5b449014b3492fa64f9a09e27fa40bde012d5e82191061899011ca625e2134a,a474b4ea4f54e7123ff6a20fc7104038,29232204,7d0b1271ec72035e1b78f4f8134f0cdc93912a7798797fe3889406b713e914cc,18.0,2026-06-03T15:47:29.022084+00:00,blockrand-drand-quicknet
f5b449014b3492fa64f9a09e27fa40bde012d5e82191061899011ca625e2134a,a474b4ea4f54e7123ff6a20fc7104038,29232205,7aa2d4e1904eb7f1b93295c372a730ca9fa4bead59c59522b19bbb81b2068e46,82.0,2026-06-03T15:47:29.022122+00:00,blockrand-drand-quicknet
f5b449014b3492fa64f9a09e27fa40bde012d5e82191061899011ca625e2134a,a474b4ea4f54e7123ff6a20fc7104038,29232206,b2b79637d3e76d50a2abb798510e826913325753886ab6c890123abf38a20c04,92.0,2026-06-03T15:47:29.022159+00:00,blockrand-drand-quicknet
f5b449014b3492fa64f9a09e27fa40bde012d5e82191061899011ca625e2134a,a474b4ea4f54e7123ff6a20fc7104038,29232207,99a4954a66fca1ca0c7acdb514c541c2878f19b9720b795f31cc6340feefcef1,71.0,2026-06-03T15:47:29.022196+00:00,blockrand-drand-quicknet
f5b449014b3492fa64f9a09e27fa40bde012d5e82191061899011ca625e2134a,a474b4ea4f54e7123ff6a20fc7104038,29232208,f360dd24813425c56380e0d9357d03409ef7493e3d0be086bcea1caef84300d7,57.0,2026-06-03T15:47:29.022231+00:00,blockrand-drand-quicknet
f5b449014b3492fa64f9a09e27fa40bde012d5e82191061899011ca625e2134a,a474b4ea4f54e7123ff6a20fc7104038,29232209,321e60efc73bbcda2d2e19da22a2e5dd3bb762b2b3efdb068d561d94aefa36d0,96.0,2026-06-03T15:47:29.022266+00:00,blockrand-drand-quicknet
f5b449014b3492fa64f9a09e27fa40bde012d5e82191061899011ca625e2134a,a474b4ea4f54e7123ff6a20fc7104038,29232210,4b21b508933ecb1135676f2a8d03275b15d4f64930d60759fd1db79fe63ec36f,33.0,2026-06-03T15:47:29.022300+00:00,blockrand-drand-quicknet
f5b449014b3492fa64f9a09e27fa40bde012d5e82191061899011ca625e2134a,a474b4ea4f54e7123ff6a20fc7104038,29232211,2fec9e8d5677baf6db934958da3119b3e292696fe4fcbe7efec6da8ec08d8b10,38.0,2026-06-03T15:47:29.022335+00:00,blockrand-drand-quicknet
f5b449014b3492fa64f9a09e27fa40bde012d5e82191061899011ca625e2134a,a474b4ea4f54e7123ff6a20fc7104038,29232212,5aab291012599ad924eef732be9237c3576c88dfe302cb6c26227aaccf4d54f6,9.0,2026-06-03T15:47:29.022381+00:00,blockrand-drand-quicknet
f5b449014b3492fa64f9a09e27fa40bde012d5e82191061899011ca625e2134a,a474b4ea4f54e7123ff6a20fc7104038,29232213,263578cbbd5af3dfd350d74bc3aaa7d9d25c28132ef4987b3563db809ee24bac,40.0,2026-06-03T15:47:29.022417+00:00,blockrand-drand-quicknet
f5b449014b3492fa64f9a09e27fa40bde012d5e82191061899011ca625e2134a,a474b4ea4f54e7123ff6a20fc7104038,29232214,0b7c60d43cde8df1ed59bbd48c4df04df34d33ef7583d127cc6a8797510c2de5,29.0,2026-06-03T15:47:29.022452+00:00,blockrand-drand-quicknet
f5b449014b3492fa64f9a09e27fa40bde012d5e82191061899011ca625e2134a,a474b4ea4f54e7123ff6a20fc7104038,29232215,5815454fae3621115b25209ebf3cc77ec90de98dd34187e1acec0ffaaaf5fdce,8.0,2026-06-03T15:47:29.022487+00:00,blockrand-drand-quicknet
f5b449014b3492fa64f9a09e27fa40bde012d5e82191061899011ca625e2134a,a474b4ea4f54e7123ff6a20fc7104038,29232216,0a6fcb3ecf7c88f196cdafaddc1a58c28e77b2f63b0cfb6be820bd4216defca7,87.0,2026-06-03T15:47:29.022522+00:00,blockrand-drand-quicknet
f5b449014b3492fa64f9a09e27fa40bde012d5e82191061899011ca625e2134a,a474b4ea4f54e7123ff6a20fc7104038,29232217,d8110b46151af7efb9ca0c701c3cf97899912869d68f27af5e14d6e2f0d566af,55.0,2026-06-03T15:47:29.022557+00:00,blockrand-drand-quicknet
f5b449014b3492fa64f9a09e27fa40bde012d5e82191061899011ca625e2134a,a474b4ea4f54e7123ff6a20fc7104038,29232218,9c3da310e9e0c1e8347017e7e2b8e396fe7561d53b9fdec9c0489d9001f3ab74,37.0,2026-06-03T15:47:29.022594+00:00,blockrand-drand-quicknet
f5b449014b3492fa64f9a09e27fa40bde012d5e82191061899011ca625e2134a,a474b4ea4f54e7123ff6a20fc7104038,29232219,40d3935678eabdc3268e8e33c2bf4a3c94ca7de1b3760281a45b2c0dfe4499fe,39.0,2026-06-03T15:47:29.022631+00:00,blockrand-drand-quicknet
f5b449014b3492fa64f9a09e27fa40bde012d5e82191061899011ca625e2134a,a474b4ea4f54e7123ff6a20fc7104038,29232220,4f777d36dd8359830af96ac302bdd2f65b6fc4c84215eaa75e3d02aac69fe56d,3.0,2026-06-03T15:47:29.022666+00:00,blockrand-drand-quicknet
f5b449014b3492fa64f9a09e27fa40bde012d5e82191061899011ca625e2134a,a474b4ea4f54e7123ff6a20fc7104038,29232221,97a669eaa08b68bb17bd14fc1239236ebb057964a48ddb04716bd56874a1cce6,7.0,2026-06-03T15:47:29.022703+00:00,blockrand-drand-quicknet
f5b449014b3492fa64f9a09e27fa40bde012d5e82191061899011ca625e2134a,a474b4ea4f54e7123ff6a20fc7104038,29232222,5a2d6b3ef1dae58ec1e128d4b5799700e13aa46872a2af0dba977b50bf8bb3de,15.0,2026-06-03T15:47:29.022739+00:00,blockrand-drand-quicknet
f5b449014b3492fa64f9a09e27fa40bde012d5e82191061899011ca625e2134a,a474b4ea4f54e7123ff6a20fc7104038,29232223,45b0599ffdecba9ec0658d7530a8eab81f260a3dd770904b41126a0a136f7e5e,84.0,2026-06-03T15:47:29.022773+00:00,blockrand-drand-quicknet
f5b449014b3492fa64f9a09e27fa40bde012d5e82191061899011ca625e2134a,a474b4ea4f54e7123ff6a20fc7104038,29232224,f814eabdf77af76c66f56cc1088865b28c9ec927c2444ba368900b6bb2eac488,82.0,2026-06-03T15:47:29.022808+00:00,blockrand-drand-quicknet
f5b449014b3492fa64f9a09e27fa40bde012d5e82191061899011ca625e2134a,a474b4ea4f54e7123ff6a20fc7104038,29232225,e573df268deb8907eda56b0f585788e9a8b1bc7c93ed68fe4a4ebcf316951765,31.0,2026-06-03T15:47:29.022843+00:00,blockrand-drand-quicknet
f5b449014b3492fa64f9a09e27fa40bde012d5e82191061899011ca625e2134a,a474b4ea4f54e7123ff6a20fc7104038,29232226,f73c8c8fc1306c19eba5bee175b396bad51c648b7c6e55c1953cee64dd162c94,96.0,2026-06-03T15:47:29.022877+00:00,blockrand-drand-quicknet
f5b449014b3492fa64f9a09e27fa40bde012d5e82191061899011ca625e2134a,a474b4ea4f54e7123ff6a20fc7104038,29232227,5e866cf3fcc4f4baf3cf77391efa0909038ed9db31ebac1fa1cd2c57e956f06b,20.0,2026-06-03T15:47:29.022912+00:00,blockrand-drand-quicknet
f5b449014b3492fa64f9a09e27fa40bde012d5e82191061899011ca625e2134a,a474b4ea4f54e7123ff6a20fc7104038,29232228,6cf72fca529eaf1d323d727650ddb64ec6df57efe149522063ef0d7caf150dfb,55.0,2026-06-03T15:47:29.022947+00:00,blockrand-drand-quicknet
f5b449014b3492fa64f9a09e27fa40bde012d5e82191061899011ca625e2134a,a474b4ea4f54e7123ff6a20fc7104038,29232229,3936cc3c8348daef8cb2b88fb693882d60673d5da30b2dd7c3279f3b373b7303,41.0,2026-06-03T15:47:29.022982+00:00,blockrand-drand-quicknet
f5b449014b3492fa64f9a09e27fa40bde012d5e82191061899011ca625e2134a,a474b4ea4f54e7123ff6a20fc7104038,29232230,698110f92f095b8b113418f72e387587ca6ada1b827f26f19a003dd99928bad7,70.0,2026-06-03T15:47:29.023017+00:00,blockrand-drand-quicknet
f5b449014b3492fa64f9a09e27fa40bde012d5e82191061899011ca625e2134a,a474b4ea4f54e7123ff6a20fc7104038,29232231,9322cf31e1e5818a2978337e07fa0cf3f9d657df3c1b5607475ec1f8b5ae3775,18.0,2026-06-03T15:47:29.023052+00:00,blockrand-drand-quicknet
f5b449014b3492fa64f9a09e27fa40bde012d5e82191061899011ca625e2134a,a474b4ea4f54e7123ff6a20fc7104038,29232232,bb7cd9498304b7f192c6a2195c2d96abf7ce964796a25019638e3d146f945b68,82.0,2026-06-03T15:47:29.023093+00:00,blockrand-drand-quicknet
f5b449014b3492fa64f9a09e27fa40bde012d5e82191061899011ca625e2134a,a474b4ea4f54e7123ff6a20fc7104038,29232233,0d1af2af858f145bef85df056050e46bda64e4a42eb7f8c6d2afe60d7cb94414,72.0,2026-06-03T15:47:29.023130+00:00,blockrand-drand-quicknet
f5b449014b3492fa64f9a09e27fa40bde012d5e82191061899011ca625e2134a,a474b4ea4f54e7123ff6a20fc7104038,29232234,72f609d6743b9eff06b9c7abbd2578c644966b96c484946d2e94a685a29ef865,99.0,2026-06-03T15:47:29.023166+00:00,blockrand-drand-quicknet
f5b449014b3492fa64f9a09e27fa40bde012d5e82191061899011ca625e2134a,a474b4ea4f54e7123ff6a20fc7104038,29232235,198db70e0d7eaa20435a7e95e176f479e015ba95f009fc2f384357d6bb1aca51,39.0,2026-06-03T15:47:29.023204+00:00,blockrand-drand-quicknet
f5b449014b3492fa64f9a09e27fa40bde012d5e82191061899011ca625e2134a,a474b4ea4f54e7123ff6a20fc7104038,29232236,da2acfe3d73c0211b249dfaac52b3ddefe903e8bf41c0a5bc9a334dc8adac263,20.0,2026-06-03T15:47:29.023239+00:00,blockrand-drand-quicknet
f5b449014b3492fa64f9a09e27fa40bde012d5e82191061899011ca625e2134a,a474b4ea4f54e7123ff6a20fc7104038,29232237,c05b78734de1ec81a6b7f25c4ef1faa7af2e0ba85338fdaeafec80d15b27c0d7,84.0,2026-06-03T15:47:29.023274+00:00,blockrand-drand-quicknet
f5b449014b3492fa64f9a09e27fa40bde012d5e82191061899011ca625e2134a,a474b4ea4f54e7123ff6a20fc7104038,29232238,3f26c15e7a0c81c69df620f29bb74ad9e2e9aa763dbc2ab187005a03e86343ce,79.0,2026-06-03T15:47:29.023309+00:00,blockrand-drand-quicknet
f5b449014b3492fa64f9a09e27fa40bde012d5e82191061899011ca625e2134a,a474b4ea4f54e7123ff6a20fc7104038,29232239,87fd0f8754fdb232a2fc28e3935a600fee2aebdcfc6a80dec4bf35e2ddec493d,44.0,2026-06-03T15:47:29.023343+00:00,blockrand-drand-quicknet
f5b449014b3492fa64f9a09e27fa40bde012d5e82191061899011ca625e2134a,a474b4ea4f54e7123ff6a20fc7104038,29232240,ed5108ccb69e59cde63fb887bba52ad814461c90a71546a676772cb8a45068c6,61.0,2026-06-03T15:47:29.023377+00:00,blockrand-drand-quicknet
f5b449014b3492fa64f9a09e27fa40bde012d5e82191061899011ca625e2134a,a474b4ea4f54e7123ff6a20fc7104038,29232241,737774bb74495ec875dc39983b615a4d021277fe7e87846c03f7073529b93991,8.0,2026-06-03T15:47:29.023412+00:00,blockrand-drand-quicknet
f5b449014b3492fa64f9a09e27fa40bde012d5e82191061899011ca625e2134a,a474b4ea4f54e7123ff6a20fc7104038,29232242,44c4b9b3b94d74e5a610822dc7b7161123cb4aeead060f1a5176acd1891a4068,84.0,2026-06-03T15:47:29.023449+00:00,blockrand-drand-quicknet
f5b449014b3492fa64f9a09e27fa40bde012d5e82191061899011ca625e2134a,a474b4ea4f54e7123ff6a20fc7104038,29232243,a591b9009f4c5719a8dba66a4ad4e677346e8980e372c45bbba952184933eca5,21.0,2026-06-03T15:47:29.023485+00:00,blockrand-drand-quicknet
f5b449014b3492fa64f9a09e27fa40bde012d5e82191061899011ca625e2134a,a474b4ea4f54e7123ff6a20fc7104038,29232244,00dd46104146bd044d6f06d81891df131c99f17b5f1ab1efa73d32611f09c7f9,93.0,2026-06-03T15:47:29.023519+00:00,blockrand-drand-quicknet
f5b449014b3492fa64f9a09e27fa40bde012d5e82191061899011ca625e2134a,a474b4ea4f54e7123ff6a20fc7104038,29232245,868a9f2f7424b766f446ad64b20d3661b31601cdaa0e4c31551a38bf18c61096,64.0,2026-06-03T15:47:29.023554+00:00,blockrand-drand-quicknet
f5b449014b3492fa64f9a09e27fa40bde012d5e82191061899011ca625e2134a,a474b4ea4f54e7123ff6a20fc7104038,29232246,cdb448357eb3c642c1a4a0b9992b5af4a013ea9c366edcaf2634e2a59e90b52f,46.0,2026-06-03T15:47:29.023589+00:00,blockrand-drand-quicknet
f5b449014b3492fa64f9a09e27fa40bde012d5e82191061899011ca625e2134a,a474b4ea4f54e7123ff6a20fc7104038,29232247,3d03a9ed37d00b8ab7a9c2d6cec55bc3c0fef3c18a30b3247fbe924e44bcc267,86.0,2026-06-03T15:47:29.023624+00:00,blockrand-drand-quicknet
f5b449014b3492fa64f9a09e27fa40bde012d5e82191061899011ca625e2134a,81479bc30d8635f6c736f10da98f6d34,29232248,1cc70534778e50922f1731fb85ee16c945e2b0477565144af5e0d17b3559025a,45.0,2026-06-03T15:47:29.023681+00:00,blockrand-drand-quicknet
f5b449014b3492fa64f9a09e27fa40bde012d5e82191061899011ca625e2134a,81479bc30d8635f6c736f10da98f6d34,29232249,9adb3dd7762f51dcde3b4173bda95c4ffeca751c877e0d726105f940d5afa8bd,80.0,2026-06-03T15:47:29.023718+00:00,blockrand-drand-quicknet
f5b449014b3492fa64f9a09e27fa40bde012d5e82191061899011ca625e2134a,81479bc30d8635f6c736f10da98f6d34,29232250,b908d8b49f0c904d0124a9822a50b96fd1e170a5468986b1ed830b084978db67,25.0,2026-06-03T15:47:29.023756+00:00,blockrand-drand-quicknet
f5b449014b3492fa64f9a09e27fa40bde012d5e82191061899011ca625e2134a,81479bc30d8635f6c736f10da98f6d34,29232251,4e7ffc8e8144f9fffc29fde6fde96b8a7af76466c91291346606c29f38a640f5,75.0,2026-06-03T15:47:29.023797+00:00,blockrand-drand-quicknet
f5b449014b3492fa64f9a09e27fa40bde012d5e82191061899011ca625e2134a,81479bc30d8635f6c736f10da98f6d34,29232252,0334a74c9fd8965b8d27013b897607c29ea866a2be7e9edd02446776c44979db,49.0,2026-06-03T15:47:29.023833+00:00,blockrand-drand-quicknet
f5b449014b3492fa64f9a09e27fa40bde012d5e82191061899011ca625e2134a,81479bc30d8635f6c736f10da98f6d34,29232253,2f31ff0685eee40df448ebfabec684f1820b9fcab9d70cf195be997056f34c1d,3.0,2026-06-03T15:47:29.023869+00:00,blockrand-drand-quicknet
f5b449014b3492fa64f9a09e27fa40bde012d5e82191061899011ca625e2134a,81479bc30d8635f6c736f10da98f6d34,29232254,d0f8a5ce90b426af0dd62df1a967a97bf36e95986c9b36c37a1119bad140cecb,3.0,2026-06-03T15:47:29.023904+00:00,blockrand-drand-quicknet
f5b449014b3492fa64f9a09e27fa40bde012d5e82191061899011ca625e2134a,81479bc30d8635f6c736f10da98f6d34,29232255,63fd559cafbfa9d185b10b58c09f0091b936d3fb2b8cf63f50b2d174ade8cf90,9.0,2026-06-03T15:47:29.023939+00:00,blockrand-drand-quicknet
f5b449014b3492fa64f9a09e27fa40bde012d5e82191061899011ca625e2134a,81479bc30d8635f6c736f10da98f6d34,29232256,3ac793b345ca3267d55806b4f2dc5c7d49f8d10103d6e3d0d17be27091ae1d5b,4.0,2026-06-03T15:47:29.023974+00:00,blockrand-drand-quicknet
f5b449014b3492fa64f9a09e27fa40bde012d5e82191061899011ca625e2134a,81479bc30d8635f6c736f10da98f6d34,29232257,09cb71fe088be7d4f71eb0b931fa3cf7dd4fed763dff4d41a6372352b06c4113,35.0,2026-06-03T15:47:29.024009+00:00,blockrand-drand-quicknet
f5b449014b3492fa64f9a09e27fa40bde012d5e82191061899011ca625e2134a,81479bc30d8635f6c736f10da98f6d34,29232258,f990e633b52fde9b558dc29a90706fdba6baff83fb8f656fd4b1e1ef40735002,100.0,2026-06-03T15:47:29.024098+00:00,blockrand-drand-quicknet
f5b449014b3492fa64f9a09e27fa40bde012d5e82191061899011ca625e2134a,81479bc30d8635f6c736f10da98f6d34,29232259,03576de697afd5342ccd1026bf078e23ccc217f14d1c03e3d961af8f0bf42e76,15.0,2026-06-03T15:47:29.024301+00:00,blockrand-drand-quicknet
f5b449014b3492fa64f9a09e27fa40bde012d5e82191061899011ca625e2134a,81479bc30d8635f6c736f10da98f6d34,29232260,80fb0c5a3c26773f10e956a01b6942b446d0732a292ae112a7015212fb00a1de,47.0,2026-06-03T15:47:29.024399+00:00,blockrand-drand-quicknet
f5b449014b3492fa64f9a09e27fa40bde012d5e82191061899011ca625e2134a,81479bc30d8635f6c736f10da98f6d34,29232261,f53ba4b5e1a1bf87e3a7d6587f3e0a2c95400cfba8b2756906d866199c3f8093,10.0,2026-06-03T15:47:29.024479+00:00,blockrand-drand-quicknet
f5b449014b3492fa64f9a09e27fa40bde012d5e82191061899011ca625e2134a,81479bc30d8635f6c736f10da98f6d34,29232262,daecc44946cfccdcdd64db3c43dd79ae6993e475c181caaeee9581ae0b073994,34.0,2026-06-03T15:47:29.024549+00:00,blockrand-drand-quicknet
f5b449014b3492fa64f9a09e27fa40bde012d5e82191061899011ca625e2134a,81479bc30d8635f6c736f10da98f6d34,29232263,68a394af83b17ff46a95b01c26d880121c9f20d4214509148a307d190f458720,96.0,2026-06-03T15:47:29.024620+00:00,blockrand-drand-quicknet
f5b449014b3492fa64f9a09e27fa40bde012d5e82191061899011ca625e2134a,81479bc30d8635f6c736f10da98f6d34,29232264,b3cb320844d00d190d621688a5c828d498fc214cfd5d0973c23f786a27e4b7e9,81.0,2026-06-03T15:47:29.024679+00:00,blockrand-drand-quicknet
f5b449014b3492fa64f9a09e27fa40bde012d5e82191061899011ca625e2134a,81479bc30d8635f6c736f10da98f6d34,29232265,716392c4a8f6dfda3b0e97c60d5da263dcd583253c702aa9be2a260e14d5ba1b,45.0,2026-06-03T15:47:29.024756+00:00,blockrand-drand-quicknet
f5b449014b3492fa64f9a09e27fa40bde012d5e82191061899011ca625e2134a,81479bc30d8635f6c736f10da98f6d34,29232266,06629a4f2ef1cc90eceac6febd4563e0b80b35606b5dd25c7894d31a696c531d,28.0,2026-06-03T15:47:29.024816+00:00,blockrand-drand-quicknet
f5b449014b3492fa64f9a09e27fa40bde012d5e82191061899011ca625e2134a,81479bc30d8635f6c736f10da98f6d34,29232267,a7ff74408b9ad93324659186ad91b4861423378d702db71888aa8fb4aafbb7a3,13.0,2026-06-03T15:47:29.024941+00:00,blockrand-drand-quicknet
f5b449014b3492fa64f9a09e27fa40bde012d5e82191061899011ca625e2134a,81479bc30d8635f6c736f10da98f6d34,29232268,81109ac2deca32e93b235c418d911c408caafd03d99dd3f8099a1cf49ef903a9,59.0,2026-06-03T15:47:29.025030+00:00,blockrand-drand-quicknet
f5b449014b3492fa64f9a09e27fa40bde012d5e82191061899011ca625e2134a,81479bc30d8635f6c736f10da98f6d34,29232269,c3ccb31b56d050e406dadb25c5bf1efaa31d76a49a2dab058699e96e8d7da464,16.0,2026-06-03T15:47:29.025095+00:00,blockrand-drand-quicknet
f5b449014b3492fa64f9a09e27fa40bde012d5e82191061899011ca625e2134a,81479bc30d8635f6c736f10da98f6d34,29232270,5989f5f11d922052e3c48fbf6b39316664a8a3d338bbf1925b5540aa308502d5,18.0,2026-06-03T15:47:29.025155+00:00,blockrand-drand-quicknet
f5b449014b3492fa64f9a09e27fa40bde012d5e82191061899011ca625e2134a,81479bc30d8635f6c736f10da98f6d34,29232271,c1001d269c6ac88ac3d2e0a8ef0709ae206c397c751d0c19eb00ff82c22583fb,51.0,2026-06-03T15:47:29.025223+00:00,blockrand-drand-quicknet
f5b449014b3492fa64f9a09e27fa40bde012d5e82191061899011ca625e2134a,81479bc30d8635f6c736f10da98f6d34,29232272,375ef746d56fb56a329a902b55300d6f3aa1ec4305bee94d081de45103f505ce,67.0,2026-06-03T15:47:29.025278+00:00,blockrand-drand-quicknet
f5b449014b3492fa64f9a09e27fa40bde012d5e82191061899011ca625e2134a,81479bc30d8635f6c736f10da98f6d34,29232273,04d9c9ef30a1a2429fba47471d244ff227b7ae3a065623ed2622fce03f3a8547,72.0,2026-06-03T15:47:29.025337+00:00,blockrand-drand-quicknet
f5b449014b3492fa64f9a09e27fa40bde012d5e82191061899011ca625e2134a,81479bc30d8635f6c736f10da98f6d34,29232274,6a68591672493f5a8cb03d6134860b03b3c93e37daebce4fe3b57dcb24e6b223,47.0,2026-06-03T15:47:29.025394+00:00,blockrand-drand-quicknet
f5b449014b3492fa64f9a09e27fa40bde012d5e82191061899011ca625e2134a,81479bc30d8635f6c736f10da98f6d34,29232275,291aefaa789392e74091bbb5187eee6b8e3e5541bed900025e3906bc3e0d62b7,47.0,2026-06-03T15:47:29.025449+00:00,blockrand-drand-quicknet
f5b449014b3492fa64f9a09e27fa40bde012d5e82191061899011ca625e2134a,81479bc30d8635f6c736f10da98f6d34,29232276,317a1e6773a3adceb83ab19b3fbde332628d5e15ae581c1fba9d4125a07a69b5,60.0,2026-06-03T15:47:29.025505+00:00,blockrand-drand-quicknet
f5b449014b3492fa64f9a09e27fa40bde012d5e82191061899011ca625e2134a,81479bc30d8635f6c736f10da98f6d34,29232277,1b95363bd78a423ea1eff8163e8bc3053e1bfd25080e8f9b77282eff04e915f7,80.0,2026-06-03T15:47:29.025561+00:00,blockrand-drand-quicknet
f5b449014b3492fa64f9a09e27fa40bde012d5e82191061899011ca625e2134a,81479bc30d8635f6c736f10da98f6d34,29232278,55e7dcae05d4066e23068105b456af5723dfd9b8bed7b8c7c479a8fdc2f9f77f,71.0,2026-06-03T15:47:29.025617+00:00,blockrand-drand-quicknet
f5b449014b3492fa64f9a09e27fa40bde012d5e82191061899011ca625e2134a,81479bc30d8635f6c736f10da98f6d34,29232279,771f6b327866f0cc1d69e3e3f07423c39f442345cca327c1891f1dae307167cf,63.0,2026-06-03T15:47:29.025670+00:00,blockrand-drand-quicknet
f5b449014b3492fa64f9a09e27fa40bde012d5e82191061899011ca625e2134a,81479bc30d8635f6c736f10da98f6d34,29232280,42a959a6c3e5e00082df66a1d157dc835ebdd40ae628aae18f729bc48d84101c,91.0,2026-06-03T15:47:29.025723+00:00,blockrand-drand-quicknet
f5b449014b3492fa64f9a09e27fa40bde012d5e82191061899011ca625e2134a,81479bc30d8635f6c736f10da98f6d34,29232281,781ac251635db81d8ea757aff4adc7ea57b4945eebd82de8ff2c4473cfae75d4,2.0,2026-06-03T15:47:29.025776+00:00,blockrand-drand-quicknet
f5b449014b3492fa64f9a09e27fa40bde012d5e82191061899011ca625e2134a,81479bc30d8635f6c736f10da98f6d34,29232282,1c73714f562d192b4d228fefe6184bd34679416c2ba78451b0b41809b14f2cfc,96.0,2026-06-03T15:47:29.025831+00:00,blockrand-drand-quicknet
f5b449014b3492fa64f9a09e27fa40bde012d5e82191061899011ca625e2134a,81479bc30d8635f6c736f10da98f6d34,29232283,28fc7494630e74b70e526acc75ea4c5d1cd4bea180ca9cf923a072298d53272d,57.0,2026-06-03T15:47:29.025891+00:00,blockrand-drand-quicknet
f5b449014b3492fa64f9a09e27fa40bde012d5e82191061899011ca625e2134a,81479bc30d8635f6c736f10da98f6d34,29232284,af4c9cf1da05735da31d72eed28fa04984d619635d072b8e07474c3e7ddc7495,14.0,2026-06-03T15:47:29.025949+00:00,blockrand-drand-quicknet
f5b449014b3492fa64f9a09e27fa40bde012d5e82191061899011ca625e2134a,81479bc30d8635f6c736f10da98f6d34,29232285,23e3133745f84396df6926bdea36b7edbbeb04ed96289f6ddda0e98ec8bafa87,52.0,2026-06-03T15:47:29.026007+00:00,blockrand-drand-quicknet
f5b449014b3492fa64f9a09e27fa40bde012d5e82191061899011ca625e2134a,81479bc30d8635f6c736f10da98f6d34,29232286,47ebc38cb6889d908c5be45bdae4328bae962ffeff63cce923963bcc070cd0c5,57.0,2026-06-03T15:47:29.026063+00:00,blockrand-drand-quicknet
f5b449014b3492fa64f9a09e27fa40bde012d5e82191061899011ca625e2134a,81479bc30d8635f6c736f10da98f6d34,29232287,0f56825a2e821f670e7b4c29aa20289d6d7777a9907de383fbf27afaf32e9b89,7.0,2026-06-03T15:47:29.026117+00:00,blockrand-drand-quicknet
f5b449014b3492fa64f9a09e27fa40bde012d5e82191061899011ca625e2134a,81479bc30d8635f6c736f10da98f6d34,29232288,c60058ab1d7a3e38659d774f9126ec793f4c37391b37779515c023807097f056,68.0,2026-06-03T15:47:29.026194+00:00,blockrand-drand-quicknet
f5b449014b3492fa64f9a09e27fa40bde012d5e82191061899011ca625e2134a,81479bc30d8635f6c736f10da98f6d34,29232289,20337ded8152e6bb51857773acb972c5a729efdffaf3f8420f0b9f019837a23f,86.0,2026-06-03T15:47:29.026263+00:00,blockrand-drand-quicknet
f5b449014b3492fa64f9a09e27fa40bde012d5e82191061899011ca625e2134a,81479bc30d8635f6c736f10da98f6d34,29232290,abb4e4d9aeeb31b1e80befbedafdd0fea9fb50e151c696384cec9c3857a3f3db,2.0,2026-06-03T15:47:29.026322+00:00,blockrand-drand-quicknet
f5b449014b3492fa64f9a09e27fa40bde012d5e82191061899011ca625e2134a,81479bc30d8635f6c736f10da98f6d34,29232291,c1e8e05fe25404140c7c3ea1de998634285706a95d1dc6890aac89b496ad59b2,80.0,2026-06-03T15:47:29.026377+00:00,blockrand-drand-quicknet
f5b449014b3492fa64f9a09e27fa40bde012d5e82191061899011ca625e2134a,81479bc30d8635f6c736f10da98f6d34,29232292,0add0c5a53c926f1f79fc102e5c14f2d9e54d9f7a9805a33429dbf87c8170249,79.0,2026-06-03T15:47:29.026431+00:00,blockrand-drand-quicknet
f5b449014b3492fa64f9a09e27fa40bde012d5e82191061899011ca625e2134a,81479bc30d8635f6c736f10da98f6d34,29232293,089f2c4ed1d20f3c2046508f7384a0edcf2243d398f2d1f9956fe9fffdb9b82b,95.0,2026-06-03T15:47:29.026483+00:00,blockrand-drand-quicknet
f5b449014b3492fa64f9a09e27fa40bde012d5e82191061899011ca625e2134a,81479bc30d8635f6c736f10da98f6d34,29232294,3fa5b61275bc027d998947c10488d7af88f8b2e4af0d7cce31a75cc470bea298,59.0,2026-06-03T15:47:29.026536+00:00,blockrand-drand-quicknet
f5b449014b3492fa64f9a09e27fa40bde012d5e82191061899011ca625e2134a,81479bc30d8635f6c736f10da98f6d34,29232295,5e5bc615e4a9de9d0db9101d9278d63c79d7478d91edc2ddbfc0e9e0b8afe166,90.0,2026-06-03T15:47:29.026590+00:00,blockrand-drand-quicknet
f5b449014b3492fa64f9a09e27fa40bde012d5e82191061899011ca625e2134a,81479bc30d8635f6c736f10da98f6d34,29232296,a5e839f1add9bf469b580e0386a14211ffd8c3a33bad79cc5621d034154f5e81,26.0,2026-06-03T15:47:29.026643+00:00,blockrand-drand-quicknet
f5b449014b3492fa64f9a09e27fa40bde012d5e82191061899011ca625e2134a,81479bc30d8635f6c736f10da98f6d34,29232297,44479133653c8f8b3209ad2f55c99489e253518300da5c72bf145ba27ce4edc7,16.0,2026-06-03T15:47:29.026698+00:00,blockrand-drand-quicknet
f5b449014b3492fa64f9a09e27fa40bde012d5e82191061899011ca625e2134a,81479bc30d8635f6c736f10da98f6d34,29232298,bdd303a913ad0ddb2bad8aa0bb1869a19515304fe7cf0dfc4f4d96eb6f80c301,58.0,2026-06-03T15:47:29.026754+00:00,blockrand-drand-quicknet
f5b449014b3492fa64f9a09e27fa40bde012d5e82191061899011ca625e2134a,81479bc30d8635f6c736f10da98f6d34,29232299,ea28d041b52fb1a7934920f13fb5879fe91d1252d0b031cfb91d8a19719091e1,98.0,2026-06-03T15:47:29.026808+00:00,blockrand-drand-quicknet
f5b449014b3492fa64f9a09e27fa40bde012d5e82191061899011ca625e2134a,81479bc30d8635f6c736f10da98f6d34,29232300,f25cc868c52156ab0b8bdd7da5d5bfb248050f6eaf5782684ccb45cb6af59aa6,89.0,2026-06-03T15:47:29.026867+00:00,blockrand-drand-quicknet
f5b449014b3492fa64f9a09e27fa40bde012d5e82191061899011ca625e2134a,81479bc30d8635f6c736f10da98f6d34,29232301,0a5b973cbb0b868b213332d1726582f432b66cfabf637d5c6250d3ead580c5d6,53.0,2026-06-03T15:47:29.026923+00:00,blockrand-drand-quicknet
f5b449014b3492fa64f9a09e27fa40bde012d5e82191061899011ca625e2134a,81479bc30d8635f6c736f10da98f6d34,29232302,1c6421d9cf6f365ba0263542c5f88b782470db705eab6c823cce6653fe26cc9e,14.0,2026-06-03T15:47:29.026977+00:00,blockrand-drand-quicknet
f5b449014b3492fa64f9a09e27fa40bde012d5e82191061899011ca625e2134a,81479bc30d8635f6c736f10da98f6d34,29232303,5c2e75cdb05fab75a479036726c6b8441ee56c19b718495a589d1767f7de694f,86.0,2026-06-03T15:47:29.027031+00:00,blockrand-drand-quicknet
f5b449014b3492fa64f9a09e27fa40bde012d5e82191061899011ca625e2134a,81479bc30d8635f6c736f10da98f6d34,29232304,c02acd0b19c45455e7f355a7989c8bd671466aa9fab319803bac059f9d126562,76.0,2026-06-03T15:47:29.027085+00:00,blockrand-drand-quicknet
f5b449014b3492fa64f9a09e27fa40bde012d5e82191061899011ca625e2134a,81479bc30d8635f6c736f10da98f6d34,29232305,04da8fd8d187abbfa62daaa32eacc62e5e69dcd8d7ce8084d445719bb2fbbff8,37.0,2026-06-03T15:47:29.027138+00:00,blockrand-drand-quicknet
f5b449014b3492fa64f9a09e27fa40bde012d5e82191061899011ca625e2134a,81479bc30d8635f6c736f10da98f6d34,29232306,4f49b71c3f58c800a6b2543c2c9c4ca5f9c98e2a561d3363c1bd9edaa8263da5,69.0,2026-06-03T15:47:29.027193+00:00,blockrand-drand-quicknet
f5b449014b3492fa64f9a09e27fa40bde012d5e82191061899011ca625e2134a,81479bc30d8635f6c736f10da98f6d34,29232307,d07061132abbdc7f18636276c099876e2538e837fdd3b6a54be8014cd5561b7b,12.0,2026-06-03T15:47:29.027248+00:00,blockrand-drand-quicknet
f5b449014b3492fa64f9a09e27fa40bde012d5e82191061899011ca625e2134a,81479bc30d8635f6c736f10da98f6d34,29232308,13c90bd2b5aedd74f0605248978cf86aefef20a5dc114b263aef64e3dca320c3,67.0,2026-06-03T15:47:29.027302+00:00,blockrand-drand-quicknet
f5b449014b3492fa64f9a09e27fa40bde012d5e82191061899011ca625e2134a,81479bc30d8635f6c736f10da98f6d34,29232309,29beeb66e36a7ea41867ba71e740426ffb05bf7cfd676f93ec4466a4e4ae68d9,59.0,2026-06-03T15:47:29.027362+00:00,blockrand-drand-quicknet
f5b449014b3492fa64f9a09e27fa40bde012d5e82191061899011ca625e2134a,81479bc30d8635f6c736f10da98f6d34,29232310,2f24258435e53bee24ab53c09ec16e9d7ebad5f107459316772ce399aec36f01,53.0,2026-06-03T15:47:29.027405+00:00,blockrand-drand-quicknet
f5b449014b3492fa64f9a09e27fa40bde012d5e82191061899011ca625e2134a,81479bc30d8635f6c736f10da98f6d34,29232311,2d297e6abf2bfc1ae0c61eaf5f27a5950eaccd9098a9cddcc3e656cc8bbdbbf6,59.0,2026-06-03T15:47:29.027441+00:00,blockrand-drand-quicknet
f5b449014b3492fa64f9a09e27fa40bde012d5e82191061899011ca625e2134a,81479bc30d8635f6c736f10da98f6d34,29232312,9293a53fc61dc47b7aa570c898c5c84c745119a062367f2e846de77a916d921f,32.0,2026-06-03T15:47:29.027478+00:00,blockrand-drand-quicknet
f5b449014b3492fa64f9a09e27fa40bde012d5e82191061899011ca625e2134a,81479bc30d8635f6c736f10da98f6d34,29232313,77eb92d8033052b3a7073e45219dffe21509d6da89d3efa48265b246f373a605,57.0,2026-06-03T15:47:29.027517+00:00,blockrand-drand-quicknet
f5b449014b3492fa64f9a09e27fa40bde012d5e82191061899011ca625e2134a,81479bc30d8635f6c736f10da98f6d34,29232314,2df6555a055d338b0031cf62fdfa8592011af6ec9cd1cc77c78bef99d65b26ab,27.0,2026-06-03T15:47:29.027558+00:00,blockrand-drand-quicknet
f5b449014b3492fa64f9a09e27fa40bde012d5e82191061899011ca625e2134a,81479bc30d8635f6c736f10da98f6d34,29232315,8a082d06a5968ba26f6c23aeb51f539ae222432b65320b6835041593e39e23c1,23.0,2026-06-03T15:47:29.027595+00:00,blockrand-drand-quicknet
f5b449014b3492fa64f9a09e27fa40bde012d5e82191061899011ca625e2134a,81479bc30d8635f6c736f10da98f6d34,29232316,fb247c2a1b502436535d7a029be60848edeb06ffe4930ea6b01a641049d88359,99.0,2026-06-03T15:47:29.027633+00:00,blockrand-drand-quicknet
f5b449014b3492fa64f9a09e27fa40bde012d5e82191061899011ca625e2134a,81479bc30d8635f6c736f10da98f6d34,29232317,5c4a0715036bbc36efc9822c9ce5e71a9aa1efcb0650c7170f3a274b11274447,50.0,2026-06-03T15:47:29.027672+00:00,blockrand-drand-quicknet
56ec458e0b6f91564debc6f9a3f7d819fd3c3c706f4049b192cb4561e237eab8,81479bc30d8635f6c736f10da98f6d34,29232318,6d8ce0ca54e996662f1a3eacb30e250bc69385ae911c6acaca4135b683efddd4,31.0,2026-06-03T15:47:29.027737+00:00,blockrand-drand-quicknet
56ec458e0b6f91564debc6f9a3f7d819fd3c3c706f4049b192cb4561e237eab8,81479bc30d8635f6c736f10da98f6d34,29232319,fd8f2b67d375d83de1903977a159cde88f540e03ec6cc0da7049d495b9589eb9,8.0,2026-06-03T15:47:29.027772+00:00,blockrand-drand-quicknet
56ec458e0b6f91564debc6f9a3f7d819fd3c3c706f4049b192cb4561e237eab8,81479bc30d8635f6c736f10da98f6d34,29232320,45df31c6660453d039c78a5752ad069abbb1235744c4fd53ad5113bd10c14663,75.0,2026-06-03T15:47:29.027810+00:00,blockrand-drand-quicknet
56ec458e0b6f91564debc6f9a3f7d819fd3c3c706f4049b192cb4561e237eab8,81479bc30d8635f6c736f10da98f6d34,29232321,036fb64fe03df86f950844ac42cf8fca549c24f533b980fd6313711b945737b7,16.0,2026-06-03T15:47:29.027847+00:00,blockrand-drand-quicknet
56ec458e0b6f91564debc6f9a3f7d819fd3c3c706f4049b192cb4561e237eab8,81479bc30d8635f6c736f10da98f6d34,29232322,a1086f1d6bab0563020ee593eaa5c6501c85a3d5b7ea24ab0749bcd90f696a07,10.0,2026-06-03T15:47:29.027883+00:00,blockrand-drand-quicknet
56ec458e0b6f91564debc6f9a3f7d819fd3c3c706f4049b192cb4561e237eab8,81479bc30d8635f6c736f10da98f6d34,29232323,927585d6e680186aa66596c6c1b140854ee748db84aa268789ee60dad4441e22,11.0,2026-06-03T15:47:29.027922+00:00,blockrand-drand-quicknet
56ec458e0b6f91564debc6f9a3f7d819fd3c3c706f4049b192cb4561e237eab8,81479bc30d8635f6c736f10da98f6d34,29232324,1bbf0131d6b5eacb432ae95c08928e8ae2172ae388d6e8d03aaf6d2d4fe305b7,14.0,2026-06-03T15:47:29.027959+00:00,blockrand-drand-quicknet
56ec458e0b6f91564debc6f9a3f7d819fd3c3c706f4049b192cb4561e237eab8,81479bc30d8635f6c736f10da98f6d34,29232325,c89901a4edbd1843c0228f26d767a905eb301b8889769d061d8d244a097961d0,29.0,2026-06-03T15:47:29.027998+00:00,blockrand-drand-quicknet
56ec458e0b6f91564debc6f9a3f7d819fd3c3c706f4049b192cb4561e237eab8,81479bc30d8635f6c736f10da98f6d34,29232326,52eb859285ceba64f4485130f058d5bdd829ce81aba693b4654d6ace43d0c7a2,67.0,2026-06-03T15:47:29.028034+00:00,blockrand-drand-quicknet
56ec458e0b6f91564debc6f9a3f7d819fd3c3c706f4049b192cb4561e237eab8,81479bc30d8635f6c736f10da98f6d34,29232327,9056f96d7b7d5a9245cdf06d288cfe98886e53f54bb2ba41a4ff73d3475edd8f,54.0,2026-06-03T15:47:29.028069+00:00,blockrand-drand-quicknet
56ec458e0b6f91564debc6f9a3f7d819fd3c3c706f4049b192cb4561e237eab8,81479bc30d8635f6c736f10da98f6d34,29232328,8b1511e715552e101794af54fcfd0e9053d03a7e9be49069befa831977a3ee5c,64.0,2026-06-03T15:47:29.028104+00:00,blockrand-drand-quicknet
56ec458e0b6f91564debc6f9a3f7d819fd3c3c706f4049b192cb4561e237eab8,81479bc30d8635f6c736f10da98f6d34,29232329,85353c5508329ea21d1dfbadbb7bab68e5aa9685794282a0b451e647e3295aae,82.0,2026-06-03T15:47:29.028143+00:00,blockrand-drand-quicknet
56ec458e0b6f91564debc6f9a3f7d819fd3c3c706f4049b192cb4561e237eab8,81479bc30d8635f6c736f10da98f6d34,29232330,428beae289b62c98e81587a92cf67135a2012f927ecc8caaf1466889f38c650c,91.0,2026-06-03T15:47:29.028203+00:00,blockrand-drand-quicknet
56ec458e0b6f91564debc6f9a3f7d819fd3c3c706f4049b192cb4561e237eab8,81479bc30d8635f6c736f10da98f6d34,29232331,b3437a4be689155bae097c6fa1df0a21d539e9c562e90cb217a8fe241c63532e,84.0,2026-06-03T15:47:29.028248+00:00,blockrand-drand-quicknet
56ec458e0b6f91564debc6f9a3f7d819fd3c3c706f4049b192cb4561e237eab8,81479bc30d8635f6c736f10da98f6d34,29232332,aecc425f9622ff3241532e62edbaf2722bbb7be764b9769996afe01ac068ce43,20.0,2026-06-03T15:47:29.028288+00:00,blockrand-drand-quicknet
56ec458e0b6f91564debc6f9a3f7d819fd3c3c706f4049b192cb4561e237eab8,81479bc30d8635f6c736f10da98f6d34,29232333,7274a6cb7857f324c44dac3ff7ea55f19a1a50397de49bce1ab9845914000216,100.0,2026-06-03T15:47:29.028327+00:00,blockrand-drand-quicknet
56ec458e0b6f91564debc6f9a3f7d819fd3c3c706f4049b192cb4561e237eab8,81479bc30d8635f6c736f10da98f6d34,29232334,79f3760420572f7e5d4b23fdd69fa265a681e44bf0e788bbd279378dd1c0b329,97.0,2026-06-03T15:47:29.028364+00:00,blockrand-drand-quicknet
56ec458e0b6f91564debc6f9a3f7d819fd3c3c706f4049b192cb4561e237eab8,81479bc30d8635f6c736f10da98f6d34,29232335,65b5b71608777d1f6942f2352fa31dbc75c4b67ad39b53e9e5012b84b82ec8ee,3.0,2026-06-03T15:47:29.028404+00:00,blockrand-drand-quicknet
56ec458e0b6f91564debc6f9a3f7d819fd3c3c706f4049b192cb4561e237eab8,81479bc30d8635f6c736f10da98f6d34,29232336,40bf48162c4abc6715ac3158583b06272b17113f14143ee8c008b3cc44ad22a1,55.0,2026-06-03T15:47:29.028445+00:00,blockrand-drand-quicknet
56ec458e0b6f91564debc6f9a3f7d819fd3c3c706f4049b192cb4561e237eab8,81479bc30d8635f6c736f10da98f6d34,29232337,9cb1dc0351790139e80f967eac21cc4965f497a2190b745aad8167b8e0338122,92.0,2026-06-03T15:47:29.028481+00:00,blockrand-drand-quicknet
56ec458e0b6f91564debc6f9a3f7d819fd3c3c706f4049b192cb4561e237eab8,81479bc30d8635f6c736f10da98f6d34,29232338,59acfdb1084756800aa9536abe0e8a3527848b73b4dbd413bca4cbddb9ea93bf,62.0,2026-06-03T15:47:29.028522+00:00,blockrand-drand-quicknet
56ec458e0b6f91564debc6f9a3f7d819fd3c3c706f4049b192cb4561e237eab8,81479bc30d8635f6c736f10da98f6d34,29232339,46a106326d8f3c14c7f05ce1f2122a86af159c54b44694fb0d8d8b68497fef76,3.0,2026-06-03T15:47:29.028562+00:00,blockrand-drand-quicknet
56ec458e0b6f91564debc6f9a3f7d819fd3c3c706f4049b192cb4561e237eab8,81479bc30d8635f6c736f10da98f6d34,29232340,cdc522523b2c15a2b0735d53ff4dd28d3e4f5f33b0ea28c5e0fcf4a0aa860056,59.0,2026-06-03T15:47:29.028599+00:00,blockrand-drand-quicknet
56ec458e0b6f91564debc6f9a3f7d819fd3c3c706f4049b192cb4561e237eab8,81479bc30d8635f6c736f10da98f6d34,29232341,134d49691cb8273f2d55ea6b2bc6d31b624e480ecd8c0c6a38fc9913127f47b9,70.0,2026-06-03T15:47:29.028645+00:00,blockrand-drand-quicknet
56ec458e0b6f91564debc6f9a3f7d819fd3c3c706f4049b192cb4561e237eab8,81479bc30d8635f6c736f10da98f6d34,29232342,5c696913246226f578f368a0efd96b481f88bfecc14d5fb718eea5e143f4602f,52.0,2026-06-03T15:47:29.028682+00:00,blockrand-drand-quicknet
56ec458e0b6f91564debc6f9a3f7d819fd3c3c706f4049b192cb4561e237eab8,81479bc30d8635f6c736f10da98f6d34,29232343,82db874e7c41010b48036c5aba9c0c06a38ad81ac44167bb171011de5690e1f4,3.0,2026-06-03T15:47:29.028719+00:00,blockrand-drand-quicknet
56ec458e0b6f91564debc6f9a3f7d819fd3c3c706f4049b192cb4561e237eab8,81479bc30d8635f6c736f10da98f6d34,29232344,a49c6a30b4ac3ede3164e7e8221e7bc08d883bd956cebc1133448ca617ae6997,25.0,2026-06-03T15:47:29.028755+00:00,blockrand-drand-quicknet
56ec458e0b6f91564debc6f9a3f7d819fd3c3c706f4049b192cb4561e237eab8,81479bc30d8635f6c736f10da98f6d34,29232345,41f3a03bcfd3c497641b0957043dd281ee56dcb265942f4b5ff38296fd4dbbe6,8.0,2026-06-03T15:47:29.028792+00:00,blockrand-drand-quicknet
56ec458e0b6f91564debc6f9a3f7d819fd3c3c706f4049b192cb4561e237eab8,81479bc30d8635f6c736f10da98f6d34,29232346,e333b83656c4bf29a1f61cb86f3ef062034fa881143d15b7f2ad7e4e9645794e,27.0,2026-06-03T15:47:29.028832+00:00,blockrand-drand-quicknet
56ec458e0b6f91564debc6f9a3f7d819fd3c3c706f4049b192cb4561e237eab8,81479bc30d8635f6c736f10da98f6d34,29232347,41a5476767199125bcc926355e565f7754a1eb49d21372dd7d16c9a1a7206271,60.0,2026-06-03T15:47:29.028869+00:00,blockrand-drand-quicknet
56ec458e0b6f91564debc6f9a3f7d819fd3c3c706f4049b192cb4561e237eab8,81479bc30d8635f6c736f10da98f6d34,29232348,3890ee9b07b76db70f146653feff943157f1b9ae17f3ede804accf24ae41466b,64.0,2026-06-03T15:47:29.028910+00:00,blockrand-drand-quicknet
56ec458e0b6f91564debc6f9a3f7d819fd3c3c706f4049b192cb4561e237eab8,81479bc30d8635f6c736f10da98f6d34,29232349,52c7a6975f8334390ed0c9c7234c50e05aac27d71334df214fee1cf65adc4335,24.0,2026-06-03T15:47:29.028953+00:00,blockrand-drand-quicknet
56ec458e0b6f91564debc6f9a3f7d819fd3c3c706f4049b192cb4561e237eab8,81479bc30d8635f6c736f10da98f6d34,29232350,6ba27d20e528863d5ef3e75acae233a46617636683fb389e7a0d1077b79985af,77.0,2026-06-03T15:47:29.028992+00:00,blockrand-drand-quicknet
56ec458e0b6f91564debc6f9a3f7d819fd3c3c706f4049b192cb4561e237eab8,81479bc30d8635f6c736f10da98f6d34,29232351,7683eb515a913a28b9eea31823205e9f9efbad30e9ca7e52b5c603988b51fa1e,46.0,2026-06-03T15:47:29.029028+00:00,blockrand-drand-quicknet
56ec458e0b6f91564debc6f9a3f7d819fd3c3c706f4049b192cb4561e237eab8,81479bc30d8635f6c736f10da98f6d34,29232352,2b3d705f9ac022a6a610509adaaf5296d74a106fede376f88c5316e22e23cb41,52.0,2026-06-03T15:47:29.029064+00:00,blockrand-drand-quicknet
56ec458e0b6f91564debc6f9a3f7d819fd3c3c706f4049b192cb4561e237eab8,81479bc30d8635f6c736f10da98f6d34,29232353,6033f83309124991b773b399b7ef352abec44213bfa1d6692160196205691ea5,12.0,2026-06-03T15:47:29.029100+00:00,blockrand-drand-quicknet
56ec458e0b6f91564debc6f9a3f7d819fd3c3c706f4049b192cb4561e237eab8,81479bc30d8635f6c736f10da98f6d34,29232354,cac6c773739e7a1f9e2ff3a2891782ffddc5905b10e698a3a29bc533f605e814,20.0,2026-06-03T15:47:29.029135+00:00,blockrand-drand-quicknet
56ec458e0b6f91564debc6f9a3f7d819fd3c3c706f4049b192cb4561e237eab8,81479bc30d8635f6c736f10da98f6d34,29232355,82c35829062a86718cd81b250effbfbd70b23f4054e073a6bba5b64c6fee1763,70.0,2026-06-03T15:47:29.029173+00:00,blockrand-drand-quicknet
56ec458e0b6f91564debc6f9a3f7d819fd3c3c706f4049b192cb4561e237eab8,81479bc30d8635f6c736f10da98f6d34,29232356,376b5db1639c66beaa827e7b7a173660805f37dc3ce6528f905ae2374fa4bef2,18.0,2026-06-03T15:47:29.029208+00:00,blockrand-drand-quicknet
56ec458e0b6f91564debc6f9a3f7d819fd3c3c706f4049b192cb4561e237eab8,81479bc30d8635f6c736f10da98f6d34,29232357,ab0c5088ef5b8f30a6c954bbd694a8051fa8989429af01eaf498fe1c930b0ede,85.0,2026-06-03T15:47:29.029244+00:00,blockrand-drand-quicknet
56ec458e0b6f91564debc6f9a3f7d819fd3c3c706f4049b192cb4561e237eab8,81479bc30d8635f6c736f10da98f6d34,29232358,c2e8728a6a4c346bd51e8bf58cc9bae0e057995e55a4cc80da20b7554f8ba1d0,79.0,2026-06-03T15:47:29.029280+00:00,blockrand-drand-quicknet
56ec458e0b6f91564debc6f9a3f7d819fd3c3c706f4049b192cb4561e237eab8,81479bc30d8635f6c736f10da98f6d34,29232359,b913e78cc7dbf2c157cc0077ba319ecddbaf5d7923aa6d189da3a364917c2d53,21.0,2026-06-03T15:47:29.029316+00:00,blockrand-drand-quicknet
56ec458e0b6f91564debc6f9a3f7d819fd3c3c706f4049b192cb4561e237eab8,81479bc30d8635f6c736f10da98f6d34,29232360,afbf135e759f4c5d7b86fbc16b4d1149de375e29abb0059ce3018360a1ffb167,35.0,2026-06-03T15:47:29.029353+00:00,blockrand-drand-quicknet
56ec458e0b6f91564debc6f9a3f7d819fd3c3c706f4049b192cb4561e237eab8,81479bc30d8635f6c736f10da98f6d34,29232361,4ab4aa9d79da9af3aa016e4caf4d2b1d716a74109701f6254dc285a95c2e881b,42.0,2026-06-03T15:47:29.029391+00:00,blockrand-drand-quicknet
56ec458e0b6f91564debc6f9a3f7d819fd3c3c706f4049b192cb4561e237eab8,81479bc30d8635f6c736f10da98f6d34,29232362,fd303af7df69b477d19c81b339357465e7136df6e6afcd5810f05aa422a688d0,72.0,2026-06-03T15:47:29.029427+00:00,blockrand-drand-quicknet
56ec458e0b6f91564debc6f9a3f7d819fd3c3c706f4049b192cb4561e237eab8,81479bc30d8635f6c736f10da98f6d34,29232363,14fa97237fbc3db6cc2b0a2b303eabb7afbe37bf00ce92ec90874c3c37612059,12.0,2026-06-03T15:47:29.029466+00:00,blockrand-drand-quicknet
56ec458e0b6f91564debc6f9a3f7d819fd3c3c706f4049b192cb4561e237eab8,81479bc30d8635f6c736f10da98f6d34,29232364,13c8b1c8ac8a4900699bc2f2bca09cc023fa7d5e5f731d336846349cda05ea54,17.0,2026-06-03T15:47:29.029504+00:00,blockrand-drand-quicknet
56ec458e0b6f91564debc6f9a3f7d819fd3c3c706f4049b192cb4561e237eab8,81479bc30d8635f6c736f10da98f6d34,29232365,361d6ecc90461312afa0cd8a55b72774762eb3435addb3557119e9ab65f4bd55,73.0,2026-06-03T15:47:29.029545+00:00,blockrand-drand-quicknet
56ec458e0b6f91564debc6f9a3f7d819fd3c3c706f4049b192cb4561e237eab8,81479bc30d8635f6c736f10da98f6d34,29232366,93936d081ef1e0896f5a7b803572c460d49bde262dcc0e9fb4bfcb66a4ad8f14,57.0,2026-06-03T15:47:29.029582+00:00,blockrand-drand-quicknet
56ec458e0b6f91564debc6f9a3f7d819fd3c3c706f4049b192cb4561e237eab8,81479bc30d8635f6c736f10da98f6d34,29232367,d7825fa4832555b9248d2865705a616fee103603814ea466fb4400868f53c5ca,5.0,2026-06-03T15:47:29.029619+00:00,blockrand-drand-quicknet
56ec458e0b6f91564debc6f9a3f7d819fd3c3c706f4049b192cb4561e237eab8,81479bc30d8635f6c736f10da98f6d34,29232368,c14986b18e043f1d7e3c02a7762a51e4adc87bcdbc8b852a16afad28c7eac6d4,98.0,2026-06-03T15:47:29.029656+00:00,blockrand-drand-quicknet
56ec458e0b6f91564debc6f9a3f7d819fd3c3c706f4049b192cb4561e237eab8,81479bc30d8635f6c736f10da98f6d34,29232369,fa1cef9d55c4c55d51ad98e178c79930609fbecd83667659198b027182c17169,50.0,2026-06-03T15:47:29.029691+00:00,blockrand-drand-quicknet
56ec458e0b6f91564debc6f9a3f7d819fd3c3c706f4049b192cb4561e237eab8,81479bc30d8635f6c736f10da98f6d34,29232370,5381187ea428253aab77e530aa6ccc1fab01f9939f6e9f0856bd86ebbcedc4f5,43.0,2026-06-03T15:47:29.029727+00:00,blockrand-drand-quicknet
56ec458e0b6f91564debc6f9a3f7d819fd3c3c706f4049b192cb4561e237eab8,81479bc30d8635f6c736f10da98f6d34,29232371,b60ffc4cb9667ece71ab57ec694332fd87c6df2a3e3b7f3ead763021b0bec739,41.0,2026-06-03T15:47:29.029763+00:00,blockrand-drand-quicknet
56ec458e0b6f91564debc6f9a3f7d819fd3c3c706f4049b192cb4561e237eab8,81479bc30d8635f6c736f10da98f6d34,29232372,606c5fae3df03fca9588aba30209b2a44b97b5f5eaa83f4d8087c71e87dcd747,19.0,2026-06-03T15:47:29.029800+00:00,blockrand-drand-quicknet
56ec458e0b6f91564debc6f9a3f7d819fd3c3c706f4049b192cb4561e237eab8,81479bc30d8635f6c736f10da98f6d34,29232373,672e710aa20bbfbb0192c9968694b4ef284df008f399d29dc8def693bf618b54,43.0,2026-06-03T15:47:29.029835+00:00,blockrand-drand-quicknet
56ec458e0b6f91564debc6f9a3f7d819fd3c3c706f4049b192cb4561e237eab8,81479bc30d8635f6c736f10da98f6d34,29232374,955258d157a2ba053d50c22070ed01b54bb5eb48cdb0c6e03b8af18a7472e1a2,74.0,2026-06-03T15:47:29.029870+00:00,blockrand-drand-quicknet
56ec458e0b6f91564debc6f9a3f7d819fd3c3c706f4049b192cb4561e237eab8,81479bc30d8635f6c736f10da98f6d34,29232375,317cb9a210f7f45aaaabd077b16ff2f6b7f47f51e99eae5ce34e5caaa7466f5a,71.0,2026-06-03T15:47:29.029906+00:00,blockrand-drand-quicknet
56ec458e0b6f91564debc6f9a3f7d819fd3c3c706f4049b192cb4561e237eab8,81479bc30d8635f6c736f10da98f6d34,29232376,93f185a37a239eda70cd5cd6c30397ae0ac53c59fd25445a2844b96063f3c828,40.0,2026-06-03T15:47:29.029941+00:00,blockrand-drand-quicknet
56ec458e0b6f91564debc6f9a3f7d819fd3c3c706f4049b192cb4561e237eab8,81479bc30d8635f6c736f10da98f6d34,29232377,22bd03f2c5219a7d783f142c366ec900c52fa7b8099c957c40eaf54ffc829c0b,59.0,2026-06-03T15:47:29.029976+00:00,blockrand-drand-quicknet
56ec458e0b6f91564debc6f9a3f7d819fd3c3c706f4049b192cb4561e237eab8,81479bc30d8635f6c736f10da98f6d34,29232378,c47e4a984ecf89d3ffaaa1dea8c11cf404905e5599b0f33d956b797be6d1a9ab,69.0,2026-06-03T15:47:29.030011+00:00,blockrand-drand-quicknet
56ec458e0b6f91564debc6f9a3f7d819fd3c3c706f4049b192cb4561e237eab8,81479bc30d8635f6c736f10da98f6d34,29232379,0bea510425c4009d9f153917ef2e7f13beb9c38ed26d1da153829a3e968ecc29,41.0,2026-06-03T15:47:29.030046+00:00,blockrand-drand-quicknet
56ec458e0b6f91564debc6f9a3f7d819fd3c3c706f4049b192cb4561e237eab8,81479bc30d8635f6c736f10da98f6d34,29232380,a117ee64b56f3b5f0a330281b6247f65409ef3292dbc2b151300210c9285551e,33.0,2026-06-03T15:47:29.030081+00:00,blockrand-drand-quicknet
56ec458e0b6f91564debc6f9a3f7d819fd3c3c706f4049b192cb4561e237eab8,81479bc30d8635f6c736f10da98f6d34,29232381,dfa55786910dab1b507c00ed60c92c7bc7f0deb6f182d1d4b78605085a3bc80a,15.0,2026-06-03T15:47:29.030118+00:00,blockrand-drand-quicknet
56ec458e0b6f91564debc6f9a3f7d819fd3c3c706f4049b192cb4561e237eab8,81479bc30d8635f6c736f10da98f6d34,29232382,506d4ea5cceeb748c4b3ea04e82fd30c789fbf7afc5cb42a2f5605d6cf4c4122,38.0,2026-06-03T15:47:29.030157+00:00,blockrand-drand-quicknet
56ec458e0b6f91564debc6f9a3f7d819fd3c3c706f4049b192cb4561e237eab8,81479bc30d8635f6c736f10da98f6d34,29232383,2b7bc02e7b6eaed6dd2fc10a9247ed1a9b06a92a5865c5147a1ddca59a4d3d8a,15.0,2026-06-03T15:47:29.030285+00:00,blockrand-drand-quicknet
56ec458e0b6f91564debc6f9a3f7d819fd3c3c706f4049b192cb4561e237eab8,81479bc30d8635f6c736f10da98f6d34,29232384,8199c0a0165a2a57da5d15b7865ada8f45f061c16c9499ab877368f53499a1ec,85.0,2026-06-03T15:47:29.030381+00:00,blockrand-drand-quicknet
56ec458e0b6f91564debc6f9a3f7d819fd3c3c706f4049b192cb4561e237eab8,81479bc30d8635f6c736f10da98f6d34,29232385,fea2c3a12c8e37542596ba028a8cdf764ce674870f1755aabcb57a1ab7b830d5,78.0,2026-06-03T15:47:29.030454+00:00,blockrand-drand-quicknet
56ec458e0b6f91564debc6f9a3f7d819fd3c3c706f4049b192cb4561e237eab8,81479bc30d8635f6c736f10da98f6d34,29232386,de73f894d8cc3215701f56c41a438ebdac39ac889485672c116c2eaa25d61527,29.0,2026-06-03T15:47:29.030521+00:00,blockrand-drand-quicknet
56ec458e0b6f91564debc6f9a3f7d819fd3c3c706f4049b192cb4561e237eab8,81479bc30d8635f6c736f10da98f6d34,29232387,ea05959c32f4f03b235f5aa9498edabccb5a0b1100b4436adc0e75e4797c9709,25.0,2026-06-03T15:47:29.030580+00:00,blockrand-drand-quicknet
56ec458e0b6f91564debc6f9a3f7d819fd3c3c706f4049b192cb4561e237eab8,81479bc30d8635f6c736f10da98f6d34,29232388,524fd1e73c2bd1c7c7b5f653de77d07bed28380af437eb0529a7c6c3ab865210,92.0,2026-06-03T15:47:29.030639+00:00,blockrand-drand-quicknet
56ec458e0b6f91564debc6f9a3f7d819fd3c3c706f4049b192cb4561e237eab8,81479bc30d8635f6c736f10da98f6d34,29232389,6c9645dfa8d1dbfc2a10c31b94ac8591c041bfe1cd7fe550696ad675e4fe6726,16.0,2026-06-03T15:47:29.030696+00:00,blockrand-drand-quicknet
56ec458e0b6f91564debc6f9a3f7d819fd3c3c706f4049b192cb4561e237eab8,81479bc30d8635f6c736f10da98f6d34,29232390,249d00db56ea8007a6e7fc4d0974454c6bd01e0a5f6f5280ffe7b146151701d0,48.0,2026-06-03T15:47:29.030751+00:00,blockrand-drand-quicknet
56ec458e0b6f91564debc6f9a3f7d819fd3c3c706f4049b192cb4561e237eab8,81479bc30d8635f6c736f10da98f6d34,29232391,601df70fa22e4ddc6d217048b9908ffc9ddda5a8c18201b5f59410b64909d792,28.0,2026-06-03T15:47:29.030805+00:00,blockrand-drand-quicknet
56ec458e0b6f91564debc6f9a3f7d819fd3c3c706f4049b192cb4561e237eab8,81479bc30d8635f6c736f10da98f6d34,29232392,4903130a0145ea35d2f8382ba45ea7bab8f49815e89b22b36bd4bbaed603d8bc,51.0,2026-06-03T15:47:29.030861+00:00,blockrand-drand-quicknet
56ec458e0b6f91564debc6f9a3f7d819fd3c3c706f4049b192cb4561e237eab8,81479bc30d8635f6c736f10da98f6d34,29232393,1f58d52b6830fdb9b644c6af79fbe01089b72e83a2559aea55d6ec45049d96d8,36.0,2026-06-03T15:47:29.030914+00:00,blockrand-drand-quicknet
56ec458e0b6f91564debc6f9a3f7d819fd3c3c706f4049b192cb4561e237eab8,81479bc30d8635f6c736f10da98f6d34,29232394,9e03a81f5b6779a8610dbb361d48ec3153f48cbea92283b345828855043aa329,76.0,2026-06-03T15:47:29.030969+00:00,blockrand-drand-quicknet
56ec458e0b6f91564debc6f9a3f7d819fd3c3c706f4049b192cb4561e237eab8,81479bc30d8635f6c736f10da98f6d34,29232395,2d69e72c5180356e3ee41bed0aaf22cbace045b7b28da94fc5c368c8d9d02c5c,81.0,2026-06-03T15:47:29.031023+00:00,blockrand-drand-quicknet
56ec458e0b6f91564debc6f9a3f7d819fd3c3c706f4049b192cb4561e237eab8,81479bc30d8635f6c736f10da98f6d34,29232396,0ff901b833eeca479b067930d5358da8e4a7a140321b223d9f4e9ab6c306284e,45.0,2026-06-03T15:47:29.031078+00:00,blockrand-drand-quicknet
56ec458e0b6f91564debc6f9a3f7d819fd3c3c706f4049b192cb4561e237eab8,81479bc30d8635f6c736f10da98f6d34,29232397,ac5fd3378d61242459d66b1300485f8250199fdcaf24f528bac2d69d6e17b52c,44.0,2026-06-03T15:47:29.031132+00:00,blockrand-drand-quicknet
56ec458e0b6f91564debc6f9a3f7d819fd3c3c706f4049b192cb4561e237eab8,81479bc30d8635f6c736f10da98f6d34,29232398,4f7d83aa9856e4d3d7f78ec129b26176f38e3f71691cea38ee319cadee1b73fa,71.0,2026-06-03T15:47:29.031194+00:00,blockrand-drand-quicknet
56ec458e0b6f91564debc6f9a3f7d819fd3c3c706f4049b192cb4561e237eab8,81479bc30d8635f6c736f10da98f6d34,29232399,1527372850ed1a9bac67bf8b639c33b07edafac1b6d6e236659a6584a89de897,61.0,2026-06-03T15:47:29.031255+00:00,blockrand-drand-quicknet
56ec458e0b6f91564debc6f9a3f7d819fd3c3c706f4049b192cb4561e237eab8,81479bc30d8635f6c736f10da98f6d34,29232400,ccc6b0242639b5bd982857a19a3a29e484c8b376a7ee628f290689cd85d8b9d7,85.0,2026-06-03T15:47:29.031312+00:00,blockrand-drand-quicknet
56ec458e0b6f91564debc6f9a3f7d819fd3c3c706f4049b192cb4561e237eab8,81479bc30d8635f6c736f10da98f6d34,29232401,9386c68d825f2caab5ac607c357caf7da377ef599056d6e342eb542426fad70f,6.0,2026-06-03T15:47:29.031368+00:00,blockrand-drand-quicknet
56ec458e0b6f91564debc6f9a3f7d819fd3c3c706f4049b192cb4561e237eab8,81479bc30d8635f6c736f10da98f6d34,29232402,fdec5c0f45d3ad579edc40f7c74a98c4b47a8faf83a0754a686fb89a097014e5,12.0,2026-06-03T15:47:29.031422+00:00,blockrand-drand-quicknet
56ec458e0b6f91564debc6f9a3f7d819fd3c3c706f4049b192cb4561e237eab8,81479bc30d8635f6c736f10da98f6d34,29232403,15e0b3da9e35ec313b8523012adedc6c33ad259393c1868081f4aec05c19ac75,43.0,2026-06-03T15:47:29.031477+00:00,blockrand-drand-quicknet
56ec458e0b6f91564debc6f9a3f7d819fd3c3c706f4049b192cb4561e237eab8,81479bc30d8635f6c736f10da98f6d34,29232404,6b03fbd34446616db4c5623d40cd2920fa7785cc89ea1795538eb7049342601e,88.0,2026-06-03T15:47:29.031530+00:00,blockrand-drand-quicknet
56ec458e0b6f91564debc6f9a3f7d819fd3c3c706f4049b192cb4561e237eab8,81479bc30d8635f6c736f10da98f6d34,29232405,b83d27b1acb105c6e74f1c46d55a36ab7daf606e079cf745f3db96b0adbb8eb8,2.0,2026-06-03T15:47:29.031584+00:00,blockrand-drand-quicknet
56ec458e0b6f91564debc6f9a3f7d819fd3c3c706f4049b192cb4561e237eab8,81479bc30d8635f6c736f10da98f6d34,29232406,3d704f81f5056714c0198378d365d867f0cf1ba2dd9299caedccd946a0d18c35,62.0,2026-06-03T15:47:29.031637+00:00,blockrand-drand-quicknet
56ec458e0b6f91564debc6f9a3f7d819fd3c3c706f4049b192cb4561e237eab8,81479bc30d8635f6c736f10da98f6d34,29232407,079957bab81081268fbe02972bf40a656ade18cc9e21e7691e4490056648b19b,79.0,2026-06-03T15:47:29.031696+00:00,blockrand-drand-quicknet
56ec458e0b6f91564debc6f9a3f7d819fd3c3c706f4049b192cb4561e237eab8,81479bc30d8635f6c736f10da98f6d34,29232408,617387b3a82c0c22c8d320533cffb8bc4bb4eb269a13b8493563648cf86dfb61,32.0,2026-06-03T15:47:29.031749+00:00,blockrand-drand-quicknet
56ec458e0b6f91564debc6f9a3f7d819fd3c3c706f4049b192cb4561e237eab8,81479bc30d8635f6c736f10da98f6d34,29232409,efc0056e46960046846c64263bc112b297226b4dea57089f8a045a1605af4503,27.0,2026-06-03T15:47:29.031809+00:00,blockrand-drand-quicknet
56ec458e0b6f91564debc6f9a3f7d819fd3c3c706f4049b192cb4561e237eab8,81479bc30d8635f6c736f10da98f6d34,29232410,4d678f27e80ffa67b84e0a6cd309ccccb37582262d2ac1a96e52b991847b397d,88.0,2026-06-03T15:47:29.031864+00:00,blockrand-drand-quicknet
56ec458e0b6f91564debc6f9a3f7d819fd3c3c706f4049b192cb4561e237eab8,81479bc30d8635f6c736f10da98f6d34,29232411,c331140f4dbed7451e4b4a44260db7fb9b91223f6bb08b6007a3925240353aa5,20.0,2026-06-03T15:47:29.031924+00:00,blockrand-drand-quicknet
56ec458e0b6f91564debc6f9a3f7d819fd3c3c706f4049b192cb4561e237eab8,81479bc30d8635f6c736f10da98f6d34,29232412,190aa61370b1eebc76356a47c35f974cdbe945e917f7c63a1a5c3dc61ca45bca,76.0,2026-06-03T15:47:29.032013+00:00,blockrand-drand-quicknet
56ec458e0b6f91564debc6f9a3f7d819fd3c3c706f4049b192cb4561e237eab8,81479bc30d8635f6c736f10da98f6d34,29232413,7e9397fce9dd6556fd0b49a2a287db4e211697fec90ad96525ad27f1784ddac1,17.0,2026-06-03T15:47:29.032075+00:00,blockrand-drand-quicknet
56ec458e0b6f91564debc6f9a3f7d819fd3c3c706f4049b192cb4561e237eab8,81479bc30d8635f6c736f10da98f6d34,29232414,05675728f3b4567293e9ee8e3d34e0c597204b115123daece0040bc973e06fdc,1.0,2026-06-03T15:47:29.032146+00:00,blockrand-drand-quicknet
56ec458e0b6f91564debc6f9a3f7d819fd3c3c706f4049b192cb4561e237eab8,81479bc30d8635f6c736f10da98f6d34,29232415,15fad7aa0d3ed3eb1bfdcac490afaa84ee697e80b251ff82e7decb855bb86e3c,47.0,2026-06-03T15:47:29.032208+00:00,blockrand-drand-quicknet
56ec458e0b6f91564debc6f9a3f7d819fd3c3c706f4049b192cb4561e237eab8,81479bc30d8635f6c736f10da98f6d34,29232416,52908202c7290f72de08c0984306e595ad8b883434331064608de6b6caa6a669,79.0,2026-06-03T15:47:29.032265+00:00,blockrand-drand-quicknet
56ec458e0b6f91564debc6f9a3f7d819fd3c3c706f4049b192cb4561e237eab8,81479bc30d8635f6c736f10da98f6d34,29232417,08a3005440fc4f313c61bb0c1fddbb395216a28e03b585e55d30904d5d5b1fb3,81.0,2026-06-03T15:47:29.032324+00:00,blockrand-drand-quicknet
56ec458e0b6f91564debc6f9a3f7d819fd3c3c706f4049b192cb4561e237eab8,81479bc30d8635f6c736f10da98f6d34,29232418,f802475f2f21c26afea6581dc304b8658a108c2bea3f20c979d5864507b17df4,12.0,2026-06-03T15:47:29.032384+00:00,blockrand-drand-quicknet
56ec458e0b6f91564debc6f9a3f7d819fd3c3c706f4049b192cb4561e237eab8,81479bc30d8635f6c736f10da98f6d34,29232419,c24e4f21a6f93dd0ea733b8756fba17451ba0db8bee0e7268acfa8b9f07e5424,70.0,2026-06-03T15:47:29.032439+00:00,blockrand-drand-quicknet
56ec458e0b6f91564debc6f9a3f7d819fd3c3c706f4049b192cb4561e237eab8,81479bc30d8635f6c736f10da98f6d34,29232420,66a244bc210e9978135d5164512ccaf03fb8e506aab416dfb034eeef04d44834,61.0,2026-06-03T15:47:29.032492+00:00,blockrand-drand-quicknet
56ec458e0b6f91564debc6f9a3f7d819fd3c3c706f4049b192cb4561e237eab8,81479bc30d8635f6c736f10da98f6d34,29232421,c0a0841b981d758f41040011833ad649d71df7b6be84597a36f22df8bc573e8c,52.0,2026-06-03T15:47:29.032658+00:00,blockrand-drand-quicknet
56ec458e0b6f91564debc6f9a3f7d819fd3c3c706f4049b192cb4561e237eab8,81479bc30d8635f6c736f10da98f6d34,29232422,11707877f277f360b0b142b28204e8b6aeb41b19da9b7646845f9b7c9b9300a3,44.0,2026-06-03T15:47:29.032726+00:00,blockrand-drand-quicknet
56ec458e0b6f91564debc6f9a3f7d819fd3c3c706f4049b192cb4561e237eab8,81479bc30d8635f6c736f10da98f6d34,29232423,e53044b0860753564a849ff463513d77dbafd38d253e8f70528b4765fd1734e2,77.0,2026-06-03T15:47:29.032783+00:00,blockrand-drand-quicknet
56ec458e0b6f91564debc6f9a3f7d819fd3c3c706f4049b192cb4561e237eab8,81479bc30d8635f6c736f10da98f6d34,29232424,ed05127bdaa63b64478bbb112a87edd13571de5737975671500f4e918e3bcacd,4.0,2026-06-03T15:47:29.032856+00:00,blockrand-drand-quicknet
56ec458e0b6f91564debc6f9a3f7d819fd3c3c706f4049b192cb4561e237eab8,81479bc30d8635f6c736f10da98f6d34,29232425,15af19cdd2aa8c01ebe9b5d5b40fc3ed88378db38b3bdf53c9d4f9c6ba0319c1,42.0,2026-06-03T15:47:29.032913+00:00,blockrand-drand-quicknet
56ec458e0b6f91564debc6f9a3f7d819fd3c3c706f4049b192cb4561e237eab8,81479bc30d8635f6c736f10da98f6d34,29232426,fa0169bedf4bfd5869a38ef98468789861b8366d25843d08832b78959be5be9e,7.0,2026-06-03T15:47:29.032967+00:00,blockrand-drand-quicknet
56ec458e0b6f91564debc6f9a3f7d819fd3c3c706f4049b192cb4561e237eab8,81479bc30d8635f6c736f10da98f6d34,29232427,e71ec1fc709660ad7fbc343d879a8212f1c1c46ef75e72944dae5628ddbb12cf,37.0,2026-06-03T15:47:29.033025+00:00,blockrand-drand-quicknet
56ec458e0b6f91564debc6f9a3f7d819fd3c3c706f4049b192cb4561e237eab8,81479bc30d8635f6c736f10da98f6d34,29232428,ce01cbdda0963cb8be19b66ca561e0b498963eb9dea58f0a8307d50767af70fa,22.0,2026-06-03T15:47:29.033080+00:00,blockrand-drand-quicknet
56ec458e0b6f91564debc6f9a3f7d819fd3c3c706f4049b192cb4561e237eab8,81479bc30d8635f6c736f10da98f6d34,29232429,111ee2bda7593e658c5c48b1aa3e6a90eff71897875a8c6b221699e8355b3273,98.0,2026-06-03T15:47:29.033130+00:00,blockrand-drand-quicknet
56ec458e0b6f91564debc6f9a3f7d819fd3c3c706f4049b192cb4561e237eab8,81479bc30d8635f6c736f10da98f6d34,29232430,314f5d899ba3022442899f4717fd69e514eaf48e192f49eae009b662efde741d,74.0,2026-06-03T15:47:29.033170+00:00,blockrand-drand-quicknet
56ec458e0b6f91564debc6f9a3f7d819fd3c3c706f4049b192cb4561e237eab8,81479bc30d8635f6c736f10da98f6d34,29232431,4aabcb69a3411cfaa85c030cca97acc23c04fc9bd3527f24592f8b695b7043f5,14.0,2026-06-03T15:47:29.033209+00:00,blockrand-drand-quicknet
56ec458e0b6f91564debc6f9a3f7d819fd3c3c706f4049b192cb4561e237eab8,81479bc30d8635f6c736f10da98f6d34,29232432,4a870d57c37bb1be7c36b6fd022128d241d5079f9b9800ad0d356b8022eada62,60.0,2026-06-03T15:47:29.033245+00:00,blockrand-drand-quicknet
56ec458e0b6f91564debc6f9a3f7d819fd3c3c706f4049b192cb4561e237eab8,81479bc30d8635f6c736f10da98f6d34,29232433,d7a14a30d9fa7f0a101625df8218148836cdd20ff25be03fabb80c86fcb72883,29.0,2026-06-03T15:47:29.033281+00:00,blockrand-drand-quicknet
56ec458e0b6f91564debc6f9a3f7d819fd3c3c706f4049b192cb4561e237eab8,81479bc30d8635f6c736f10da98f6d34,29232434,379b77e1ce893d60952f0709ee37f11a40d6d9f9eb918a5d75b0b31a130bc058,50.0,2026-06-03T15:47:29.033317+00:00,blockrand-drand-quicknet
56ec458e0b6f91564debc6f9a3f7d819fd3c3c706f4049b192cb4561e237eab8,81479bc30d8635f6c736f10da98f6d34,29232435,e6d613e87b3e34b33a069f8021ac95003975ec2abbde243067a99104e2c9a24b,81.0,2026-06-03T15:47:29.033352+00:00,blockrand-drand-quicknet
56ec458e0b6f91564debc6f9a3f7d819fd3c3c706f4049b192cb4561e237eab8,81479bc30d8635f6c736f10da98f6d34,29232436,0fea49ce67fe2e18c0adebdf59e1c955c1f8b2dfc1bb1b632e6e6668263b7d50,59.0,2026-06-03T15:47:29.033389+00:00,blockrand-drand-quicknet
56ec458e0b6f91564debc6f9a3f7d819fd3c3c706f4049b192cb4561e237eab8,81479bc30d8635f6c736f10da98f6d34,29232437,3d5c3113d7f45ae1ad46741f27527ee5cf868062d8424d65054b4eb00eef7bce,52.0,2026-06-03T15:47:29.033428+00:00,blockrand-drand-quicknet
56ec458e0b6f91564debc6f9a3f7d819fd3c3c706f4049b192cb4561e237eab8,81479bc30d8635f6c736f10da98f6d34,29232438,106cbd56e1f5d14f4d92139b25881dc6318a18d3995cb45dedf8ed88c8f004ee,15.0,2026-06-03T15:47:29.033464+00:00,blockrand-drand-quicknet
56ec458e0b6f91564debc6f9a3f7d819fd3c3c706f4049b192cb4561e237eab8,81479bc30d8635f6c736f10da98f6d34,29232439,df9c16bbb8b1e11adf20e1639b0b14b8c6744e9432c882da079a6b778691626f,4.0,2026-06-03T15:47:29.033501+00:00,blockrand-drand-quicknet
56ec458e0b6f91564debc6f9a3f7d819fd3c3c706f4049b192cb4561e237eab8,81479bc30d8635f6c736f10da98f6d34,29232440,54bcf38cdae6c36b53fa9d37f75b1885da0f96ccebd44e5c4dc176d551f214d1,61.0,2026-06-03T15:47:29.033537+00:00,blockrand-drand-quicknet
56ec458e0b6f91564debc6f9a3f7d819fd3c3c706f4049b192cb4561e237eab8,81479bc30d8635f6c736f10da98f6d34,29232441,f254db5684fca01a53ce16b7d493230dd743d03c9eef8cbf9bc6cf922b7573de,47.0,2026-06-03T15:47:29.033572+00:00,blockrand-drand-quicknet
56ec458e0b6f91564debc6f9a3f7d819fd3c3c706f4049b192cb4561e237eab8,81479bc30d8635f6c736f10da98f6d34,29232442,0d81ae2a0cb5758ba46e19c52e757d7bab7821bb20b9ed30d9780ffb21890701,39.0,2026-06-03T15:47:29.033609+00:00,blockrand-drand-quicknet
56ec458e0b6f91564debc6f9a3f7d819fd3c3c706f4049b192cb4561e237eab8,81479bc30d8635f6c736f10da98f6d34,29232443,fbdc1dec3366eee75b3d87c0906ad423643c3e9f879bf076c8a56683f78a037d,97.0,2026-06-03T15:47:29.033645+00:00,blockrand-drand-quicknet
56ec458e0b6f91564debc6f9a3f7d819fd3c3c706f4049b192cb4561e237eab8,81479bc30d8635f6c736f10da98f6d34,29232444,aa986bad37000d52177fe2e2addf8a2b73ab79f9ee116a9c49667bfa4f95018b,58.0,2026-06-03T15:47:29.033680+00:00,blockrand-drand-quicknet
56ec458e0b6f91564debc6f9a3f7d819fd3c3c706f4049b192cb4561e237eab8,81479bc30d8635f6c736f10da98f6d34,29232445,20b157490b8bb695effdca34cc64699b4f87454fef4090c223dcc839f687e758,30.0,2026-06-03T15:47:29.033716+00:00,blockrand-drand-quicknet
56ec458e0b6f91564debc6f9a3f7d819fd3c3c706f4049b192cb4561e237eab8,81479bc30d8635f6c736f10da98f6d34,29232446,69aa599f8076a7b454dacf1ab23258545fc02f8768e649dbf410c16e31e9fb8b,44.0,2026-06-03T15:47:29.033753+00:00,blockrand-drand-quicknet
56ec458e0b6f91564debc6f9a3f7d819fd3c3c706f4049b192cb4561e237eab8,81479bc30d8635f6c736f10da98f6d34,29232447,7dbffbd6967e589500881e8e2afa486fdb1615756e74e971d4faccb18084b132,47.0,2026-06-03T15:47:29.033793+00:00,blockrand-drand-quicknet
56ec458e0b6f91564debc6f9a3f7d819fd3c3c706f4049b192cb4561e237eab8,81479bc30d8635f6c736f10da98f6d34,29232448,2a2722d312bff65ca13be13db1980a8c16937bb7cead3647ee43d6acdcb4ae9b,92.0,2026-06-03T15:47:29.033829+00:00,blockrand-drand-quicknet
56ec458e0b6f91564debc6f9a3f7d819fd3c3c706f4049b192cb4561e237eab8,81479bc30d8635f6c736f10da98f6d34,29232449,70ffde764f5eb6bb1cb99ebf386e3f79e5cdb8aed4510df7395ec7d0ee8819fd,23.0,2026-06-03T15:47:29.033864+00:00,blockrand-drand-quicknet
56ec458e0b6f91564debc6f9a3f7d819fd3c3c706f4049b192cb4561e237eab8,81479bc30d8635f6c736f10da98f6d34,29232450,1a60e7c02fc089d1aa5417e87910ddb75ebfc1ba349ba5d970b3cfbc5cb0ac4f,1.0,2026-06-03T15:47:29.033899+00:00,blockrand-drand-quicknet
56ec458e0b6f91564debc6f9a3f7d819fd3c3c706f4049b192cb4561e237eab8,81479bc30d8635f6c736f10da98f6d34,29232451,54c1089d73b9f558a76f86a1b24f9287f6f3bf67d775d2843494ae13204af596,98.0,2026-06-03T15:47:29.033935+00:00,blockrand-drand-quicknet
56ec458e0b6f91564debc6f9a3f7d819fd3c3c706f4049b192cb4561e237eab8,81479bc30d8635f6c736f10da98f6d34,29232452,a02be9bad7e1451ccc829625c90a4d6bc7a85c62d7e1924ab08d20f71800b3e3,43.0,2026-06-03T15:47:29.034077+00:00,blockrand-drand-quicknet
56ec458e0b6f91564debc6f9a3f7d819fd3c3c706f4049b192cb4561e237eab8,81479bc30d8635f6c736f10da98f6d34,29232453,7b3b5394596a60ad80044d9af8b06a51cd54d4801753723e80d5fd3da2df260f,89.0,2026-06-03T15:47:29.034137+00:00,blockrand-drand-quicknet
56ec458e0b6f91564debc6f9a3f7d819fd3c3c706f4049b192cb4561e237eab8,81479bc30d8635f6c736f10da98f6d34,29232454,b0d195d2cd6f994fc25a0b0803847360d43365939eacad27ee544492b3f99f28,95.0,2026-06-03T15:47:29.034180+00:00,blockrand-drand-quicknet
56ec458e0b6f91564debc6f9a3f7d819fd3c3c706f4049b192cb4561e237eab8,81479bc30d8635f6c736f10da98f6d34,29232455,0d725340e7c027f5299ce8685d3fad0e1c3418bf68e547e770b76bde47c40551,25.0,2026-06-03T15:47:29.034219+00:00,blockrand-drand-quicknet
56ec458e0b6f91564debc6f9a3f7d819fd3c3c706f4049b192cb4561e237eab8,81479bc30d8635f6c736f10da98f6d34,29232456,ee541157db84bf0b8dc0593e8f5be68550d1fecd10a9c20fb58d1b599a54d9e5,72.0,2026-06-03T15:47:29.034256+00:00,blockrand-drand-quicknet
56ec458e0b6f91564debc6f9a3f7d819fd3c3c706f4049b192cb4561e237eab8,81479bc30d8635f6c736f10da98f6d34,29232457,2e14d518e90faac6d8ba08185b9264f26d0d4980c8c1be3c26d370b078e6f6d6,9.0,2026-06-03T15:47:29.034292+00:00,blockrand-drand-quicknet
56ec458e0b6f91564debc6f9a3f7d819fd3c3c706f4049b192cb4561e237eab8,81479bc30d8635f6c736f10da98f6d34,29232458,6d21b3a6c31e9675e217aec3b5c8888263c13179d58af801a3143b76872f5518,23.0,2026-06-03T15:47:29.034332+00:00,blockrand-drand-quicknet
56ec458e0b6f91564debc6f9a3f7d819fd3c3c706f4049b192cb4561e237eab8,81479bc30d8635f6c736f10da98f6d34,29232459,b408ba5bd4fc23375e4d02c5bc2998a487ef3894aae8cc1e1849df2681686f4e,76.0,2026-06-03T15:47:29.034369+00:00,blockrand-drand-quicknet
56ec458e0b6f91564debc6f9a3f7d819fd3c3c706f4049b192cb4561e237eab8,81479bc30d8635f6c736f10da98f6d34,29232460,b22f98fa3630e33611367583dba4c5f2ba470e3e66541c0e9a4dcef7d3c3eea3,3.0,2026-06-03T15:47:29.034406+00:00,blockrand-drand-quicknet
56ec458e0b6f91564debc6f9a3f7d819fd3c3c706f4049b192cb4561e237eab8,81479bc30d8635f6c736f10da98f6d34,29232461,a0dcac3183fdc9c79bd70fd3d1455131ff353fad184455ba14111de5e8ce3d00,62.0,2026-06-03T15:47:29.034443+00:00,blockrand-drand-quicknet
56ec458e0b6f91564debc6f9a3f7d819fd3c3c706f4049b192cb4561e237eab8,81479bc30d8635f6c736f10da98f6d34,29232462,4b8101e0a17dc8686c9fffcb2fdc9b5b3e11c9f5b04e4fa452e88758f7612fbc,25.0,2026-06-03T15:47:29.034481+00:00,blockrand-drand-quicknet
56ec458e0b6f91564debc6f9a3f7d819fd3c3c706f4049b192cb4561e237eab8,81479bc30d8635f6c736f10da98f6d34,29232463,28b82dfd2f6a667f4535c90bb3112366f7529b19f39707ca14dda485c3be21bb,38.0,2026-06-03T15:47:29.034520+00:00,blockrand-drand-quicknet
56ec458e0b6f91564debc6f9a3f7d819fd3c3c706f4049b192cb4561e237eab8,81479bc30d8635f6c736f10da98f6d34,29232464,6941ca122632ce3f3c5af500272ee27906c02380440e8edab0af116653c4fd8a,51.0,2026-06-03T15:47:29.034559+00:00,blockrand-drand-quicknet
56ec458e0b6f91564debc6f9a3f7d819fd3c3c706f4049b192cb4561e237eab8,81479bc30d8635f6c736f10da98f6d34,29232465,6e0f7cab422b52c81d71b0beb42f902efb77154e7f9ed5f6f8615c5178420d32,16.0,2026-06-03T15:47:29.034596+00:00,blockrand-drand-quicknet
56ec458e0b6f91564debc6f9a3f7d819fd3c3c706f4049b192cb4561e237eab8,81479bc30d8635f6c736f10da98f6d34,29232466,bd855d4467809622876175e1186dcd4137f57388729f8d04181580c6a712dbad,89.0,2026-06-03T15:47:29.034634+00:00,blockrand-drand-quicknet
56ec458e0b6f91564debc6f9a3f7d819fd3c3c706f4049b192cb4561e237eab8,81479bc30d8635f6c736f10da98f6d34,29232467,a40db1fb09d6de3bb5ccc27eca67ffb9db316a6af5f6bc06fea9f045c300a015,56.0,2026-06-03T15:47:29.034671+00:00,blockrand-drand-quicknet
56ec458e0b6f91564debc6f9a3f7d819fd3c3c706f4049b192cb4561e237eab8,81479bc30d8635f6c736f10da98f6d34,29232468,5d117217d123f1f6d2b4f3f46cc4ef7d37abb5cd5f23ec1144ea9e80f28bb3c8,8.0,2026-06-03T15:47:29.034707+00:00,blockrand-drand-quicknet
56ec458e0b6f91564debc6f9a3f7d819fd3c3c706f4049b192cb4561e237eab8,81479bc30d8635f6c736f10da98f6d34,29232469,8f43b7ec42f75a12a80ea3badd2564227187d7d40f92cf3a28de24ada6f73f8a,85.0,2026-06-03T15:47:29.034743+00:00,blockrand-drand-quicknet
56ec458e0b6f91564debc6f9a3f7d819fd3c3c706f4049b192cb4561e237eab8,81479bc30d8635f6c736f10da98f6d34,29232470,42800d7bb89d92acea42ffad37ca763420e9b9857f3a186807cab94d33225bf4,16.0,2026-06-03T15:47:29.034780+00:00,blockrand-drand-quicknet
56ec458e0b6f91564debc6f9a3f7d819fd3c3c706f4049b192cb4561e237eab8,81479bc30d8635f6c736f10da98f6d34,29232471,a8c3da2def6eeb66d5f988ed6ae3169f3b7ae934bbbd3620db7f4916e426493e,62.0,2026-06-03T15:47:29.034816+00:00,blockrand-drand-quicknet
56ec458e0b6f91564debc6f9a3f7d819fd3c3c706f4049b192cb4561e237eab8,81479bc30d8635f6c736f10da98f6d34,29232472,e1745e2d10f5e0cbf4dc6630811045d6e29fc3711affeca2722073ab205eb084,86.0,2026-06-03T15:47:29.034851+00:00,blockrand-drand-quicknet
56ec458e0b6f91564debc6f9a3f7d819fd3c3c706f4049b192cb4561e237eab8,81479bc30d8635f6c736f10da98f6d34,29232473,9148587888212c7c7585e9729dd5aaa4fdee1383af817f5a2f3bb5482c45171f,61.0,2026-06-03T15:47:29.034886+00:00,blockrand-drand-quicknet
56ec458e0b6f91564debc6f9a3f7d819fd3c3c706f4049b192cb4561e237eab8,81479bc30d8635f6c736f10da98f6d34,29232474,71f5a36b0a5d042ab4713a304c93e970aee5c5a7776b7f170c377102da826f78,64.0,2026-06-03T15:47:29.034921+00:00,blockrand-drand-quicknet
56ec458e0b6f91564debc6f9a3f7d819fd3c3c706f4049b192cb4561e237eab8,81479bc30d8635f6c736f10da98f6d34,29232475,f1032498739d5748c338df1b2dc2db69f34248168130cfb3b8902938a867b060,33.0,2026-06-03T15:47:29.034956+00:00,blockrand-drand-quicknet
56ec458e0b6f91564debc6f9a3f7d819fd3c3c706f4049b192cb4561e237eab8,81479bc30d8635f6c736f10da98f6d34,29232476,3ae6c6927964bcffe2d9066ece9b3deb68f7a869e0cfee40bd764731244d0752,43.0,2026-06-03T15:47:29.034993+00:00,blockrand-drand-quicknet
56ec458e0b6f91564debc6f9a3f7d819fd3c3c706f4049b192cb4561e237eab8,81479bc30d8635f6c736f10da98f6d34,29232477,1fc6fffa6bde036181cebe23c3ff79638bcfab0a507f500d2fa0ceaa8316c4fc,55.0,2026-06-03T15:47:29.035030+00:00,blockrand-drand-quicknet
56ec458e0b6f91564debc6f9a3f7d819fd3c3c706f4049b192cb4561e237eab8,81479bc30d8635f6c736f10da98f6d34,29232478,4c26a4006b3c49b57ab65b3f7a162e4958d528b69c7afa2f21a7d10c5eaa8915,69.0,2026-06-03T15:47:29.035066+00:00,blockrand-drand-quicknet
56ec458e0b6f91564debc6f9a3f7d819fd3c3c706f4049b192cb4561e237eab8,81479bc30d8635f6c736f10da98f6d34,29232479,0f518818aba4ccb97aa08d847176d6abaa4d37e2ef0dd099dedbecc366ed2b82,97.0,2026-06-03T15:47:29.035119+00:00,blockrand-drand-quicknet
56ec458e0b6f91564debc6f9a3f7d819fd3c3c706f4049b192cb4561e237eab8,81479bc30d8635f6c736f10da98f6d34,29232480,37cff022bf63578bfb7ac2f3dbdc8c91c47b53c03fef5c5b392581fb54974e49,7.0,2026-06-03T15:47:29.035227+00:00,blockrand-drand-quicknet
56ec458e0b6f91564debc6f9a3f7d819fd3c3c706f4049b192cb4561e237eab8,81479bc30d8635f6c736f10da98f6d34,29232481,afe3e26e8e636984d746b0f0c69a9a4804585fef1bf30311206063bbc20edfd9,39.0,2026-06-03T15:47:29.035274+00:00,blockrand-drand-quicknet
56ec458e0b6f91564debc6f9a3f7d819fd3c3c706f4049b192cb4561e237eab8,81479bc30d8635f6c736f10da98f6d34,29232482,988ca49b552bbbe5f861e528a98fbdc4cd18e35fd79ce32f818f1957823d75cf,12.0,2026-06-03T15:47:29.035313+00:00,blockrand-drand-quicknet
56ec458e0b6f91564debc6f9a3f7d819fd3c3c706f4049b192cb4561e237eab8,81479bc30d8635f6c736f10da98f6d34,29232483,53328fa4d687796212d79ee8ae4e0ea13d9eed8b0bdd535653b8f64f67c90e6d,1.0,2026-06-03T15:47:29.035352+00:00,blockrand-drand-quicknet
56ec458e0b6f91564debc6f9a3f7d819fd3c3c706f4049b192cb4561e237eab8,81479bc30d8635f6c736f10da98f6d34,29232484,2e15cf21457c208c71689422334fb7e801cc076e1279056a4dc92596d436153e,18.0,2026-06-03T15:47:29.035389+00:00,blockrand-drand-quicknet
56ec458e0b6f91564debc6f9a3f7d819fd3c3c706f4049b192cb4561e237eab8,81479bc30d8635f6c736f10da98f6d34,29232485,d97833a07aaa0713a0ac3d72ab058976ac5a37471e0a6d0468b931bfc5a4cc70,9.0,2026-06-03T15:47:29.035428+00:00,blockrand-drand-quicknet
56ec458e0b6f91564debc6f9a3f7d819fd3c3c706f4049b192cb4561e237eab8,81479bc30d8635f6c736f10da98f6d34,29232486,fc26cb41987d642ce6cdbcb7418487908e5adfda8466cffcc28ba4ffbfae8108,34.0,2026-06-03T15:47:29.035472+00:00,blockrand-drand-quicknet
56ec458e0b6f91564debc6f9a3f7d819fd3c3c706f4049b192cb4561e237eab8,81479bc30d8635f6c736f10da98f6d34,29232487,aa4c281738c2d2d7ce28a87d459faad7c41e6036d11d8c7586886aaa716b33d7,20.0,2026-06-03T15:47:29.035510+00:00,blockrand-drand-quicknet
56ec458e0b6f91564debc6f9a3f7d819fd3c3c706f4049b192cb4561e237eab8,81479bc30d8635f6c736f10da98f6d34,29232488,1ebd1a9e5102f7d58ad53cc1e477ef6a75d1e308f17332ebf7773d7787851f6a,99.0,2026-06-03T15:47:29.035546+00:00,blockrand-drand-quicknet
56ec458e0b6f91564debc6f9a3f7d819fd3c3c706f4049b192cb4561e237eab8,81479bc30d8635f6c736f10da98f6d34,29232489,b3cf21002cdb24fc0f4f1da7364b14cb4340e12ce70bacb8054be65aff5f11cc,65.0,2026-06-03T15:47:29.035582+00:00,blockrand-drand-quicknet
56ec458e0b6f91564debc6f9a3f7d819fd3c3c706f4049b192cb4561e237eab8,81479bc30d8635f6c736f10da98f6d34,29232490,ca9221e3e651457dc4bf677983c6f5326c518595ec7fdb8060653b01ce28a78a,64.0,2026-06-03T15:47:29.035618+00:00,blockrand-drand-quicknet
56ec458e0b6f91564debc6f9a3f7d819fd3c3c706f4049b192cb4561e237eab8,81479bc30d8635f6c736f10da98f6d34,29232491,f07977cef17626758aa8932920c74275d7c8da25e58b7e9463cf8b4404232333,67.0,2026-06-03T15:47:29.035652+00:00,blockrand-drand-quicknet
56ec458e0b6f91564debc6f9a3f7d819fd3c3c706f4049b192cb4561e237eab8,81479bc30d8635f6c736f10da98f6d34,29232492,c7281f3b5dd6bfd2798baa03996d701b6cc8ac98d01483ca8c6eb973d9202dc4,20.0,2026-06-03T15:47:29.035687+00:00,blockrand-drand-quicknet
56ec458e0b6f91564debc6f9a3f7d819fd3c3c706f4049b192cb4561e237eab8,81479bc30d8635f6c736f10da98f6d34,29232493,daa258a3f84741948cd795dec0e8050824e5516da346b9cf79c7a3bc0eec8f17,12.0,2026-06-03T15:47:29.035733+00:00,blockrand-drand-quicknet
56ec458e0b6f91564debc6f9a3f7d819fd3c3c706f4049b192cb4561e237eab8,81479bc30d8635f6c736f10da98f6d34,29232494,686e05f78872a3d0332667fae964a4d67eb15ac83b36c27b5d5ce2000c00d185,52.0,2026-06-03T15:47:29.035771+00:00,blockrand-drand-quicknet
56ec458e0b6f91564debc6f9a3f7d819fd3c3c706f4049b192cb4561e237eab8,81479bc30d8635f6c736f10da98f6d34,29232495,675089e358d828412ffe3139a3c781f47e17cf49db45d10c98b31c5a95c10da9,28.0,2026-06-03T15:47:29.035809+00:00,blockrand-drand-quicknet
56ec458e0b6f91564debc6f9a3f7d819fd3c3c706f4049b192cb4561e237eab8,81479bc30d8635f6c736f10da98f6d34,29232496,e18db2399b50df370fa9a312b3ed66b51312718e389652f33e08bb0feecd3d6f,2.0,2026-06-03T15:47:29.035846+00:00,blockrand-drand-quicknet
56ec458e0b6f91564debc6f9a3f7d819fd3c3c706f4049b192cb4561e237eab8,81479bc30d8635f6c736f10da98f6d34,29232497,90c608a117abe830d4b7bfc4761bd79f02553577d23bcb8fcfb467a64edf1fd3,42.0,2026-06-03T15:47:29.035883+00:00,blockrand-drand-quicknet
56ec458e0b6f91564debc6f9a3f7d819fd3c3c706f4049b192cb4561e237eab8,7061a3edf75932c9f45951db018d760f,29232498,39d56a9f9604f39b9e901e41e7896f7aa581dbc77bbfaf94a8ef73a35a1d8756,76.0,2026-06-03T15:47:29.035942+00:00,blockrand-drand-quicknet
56ec458e0b6f91564debc6f9a3f7d819fd3c3c706f4049b192cb4561e237eab8,7061a3edf75932c9f45951db018d760f,29232499,a08f5c3123b14c4d8167415435e3f5441474f803325478b6f88bc17b4c40b3c7,10.0,2026-06-03T15:47:29.035979+00:00,blockrand-drand-quicknet
56ec458e0b6f91564debc6f9a3f7d819fd3c3c706f4049b192cb4561e237eab8,7061a3edf75932c9f45951db018d760f,29232500,035164b4f4e194d063df2e849f0ffa2bfcda583bf71f17b1d43b0804ee574713,45.0,2026-06-03T15:47:29.036014+00:00,blockrand-drand-quicknet
56ec458e0b6f91564debc6f9a3f7d819fd3c3c706f4049b192cb4561e237eab8,7061a3edf75932c9f45951db018d760f,29232501,306c07c2d358eee440de824078456ff4fb052de74564d55b972aee21285dd96b,43.0,2026-06-03T15:47:29.036049+00:00,blockrand-drand-quicknet
56ec458e0b6f91564debc6f9a3f7d819fd3c3c706f4049b192cb4561e237eab8,7061a3edf75932c9f45951db018d760f,29232502,33043a78006e0eb402dd52be9c2c255965a55233ee83a0853c140f6923423283,29.0,2026-06-03T15:47:29.036084+00:00,blockrand-drand-quicknet
56ec458e0b6f91564debc6f9a3f7d819fd3c3c706f4049b192cb4561e237eab8,7061a3edf75932c9f45951db018d760f,29232503,23dcbea54ddd09443473f94a4c57b7e5416ef7fe6ec43fc6bb82863e97a36350,86.0,2026-06-03T15:47:29.036120+00:00,blockrand-drand-quicknet
56ec458e0b6f91564debc6f9a3f7d819fd3c3c706f4049b192cb4561e237eab8,7061a3edf75932c9f45951db018d760f,29232504,d3872d45cc958a7094fd35da11f4d3d65dc649a0b3597feb9385cabcd7fd0ebe,26.0,2026-06-03T15:47:29.036157+00:00,blockrand-drand-quicknet
56ec458e0b6f91564debc6f9a3f7d819fd3c3c706f4049b192cb4561e237eab8,7061a3edf75932c9f45951db018d760f,29232505,ee99f0565ab3f65bb6ba9fe3d64e735c3d08e10da0336718dcc1f8bd4acf2fcd,43.0,2026-06-03T15:47:29.036198+00:00,blockrand-drand-quicknet
56ec458e0b6f91564debc6f9a3f7d819fd3c3c706f4049b192cb4561e237eab8,7061a3edf75932c9f45951db018d760f,29232506,97097a7ad10a4efa1dcb7bbff89d189505df461cdfe66fd527ea5fc407d1543d,95.0,2026-06-03T15:47:29.036234+00:00,blockrand-drand-quicknet
56ec458e0b6f91564debc6f9a3f7d819fd3c3c706f4049b192cb4561e237eab8,7061a3edf75932c9f45951db018d760f,29232507,21b8e7bff20335cde605d28da51c51056d4c6e8ea8cb28d032dc2e05537cadb3,80.0,2026-06-03T15:47:29.036269+00:00,blockrand-drand-quicknet
9ea0bdad9d7ed4ace58c0ae869f2d8e0b15388cfee18ada97dd838bc7425b52a,7061a3edf75932c9f45951db018d760f,29232508,50ffe4b2f1dbb2b8378772047f98ecc66bd73eea8d0b7286473db5f92dbd6f88,7.0,2026-06-03T15:47:29.036322+00:00,blockrand-drand-quicknet
9ea0bdad9d7ed4ace58c0ae869f2d8e0b15388cfee18ada97dd838bc7425b52a,7061a3edf75932c9f45951db018d760f,29232509,a7e326218b6752759f1c29d2677d9b7f316e96c077efa10082baddb6a77280b7,6.0,2026-06-03T15:47:29.036361+00:00,blockrand-drand-quicknet
9ea0bdad9d7ed4ace58c0ae869f2d8e0b15388cfee18ada97dd838bc7425b52a,7061a3edf75932c9f45951db018d760f,29232510,21ccdb417f7b87ff641c4c1a0c7341b26a3a2b5f23217ae2811c7a7def7a0562,2.0,2026-06-03T15:47:29.036397+00:00,blockrand-drand-quicknet
9ea0bdad9d7ed4ace58c0ae869f2d8e0b15388cfee18ada97dd838bc7425b52a,7061a3edf75932c9f45951db018d760f,29232511,cd7e868e04a8cc891bc65eab9e1e5868d213107baa9432adf5567259b9e59d59,63.0,2026-06-03T15:47:29.036434+00:00,blockrand-drand-quicknet
9ea0bdad9d7ed4ace58c0ae869f2d8e0b15388cfee18ada97dd838bc7425b52a,7061a3edf75932c9f45951db018d760f,29232512,06a74e997e6658f623919d3b48c641b396f795fd7142099f8623e0413a3a5ec7,30.0,2026-06-03T15:47:29.036474+00:00,blockrand-drand-quicknet
9ea0bdad9d7ed4ace58c0ae869f2d8e0b15388cfee18ada97dd838bc7425b52a,7061a3edf75932c9f45951db018d760f,29232513,a40f0b933464f9d4a0fa2b5073cb713fa3dbff689d43132f15c64132d371740c,28.0,2026-06-03T15:47:29.036510+00:00,blockrand-drand-quicknet
9ea0bdad9d7ed4ace58c0ae869f2d8e0b15388cfee18ada97dd838bc7425b52a,7061a3edf75932c9f45951db018d760f,29232514,46a0424a1ff9f467eee5143622af422dbc13e13730b9a61b32345813eeacf1c9,51.0,2026-06-03T15:47:29.036546+00:00,blockrand-drand-quicknet
9ea0bdad9d7ed4ace58c0ae869f2d8e0b15388cfee18ada97dd838bc7425b52a,7061a3edf75932c9f45951db018d760f,29232515,b77e43275562e0322ed04bc9a095f0e6c17c070342cda7739b4dbec98e270894,56.0,2026-06-03T15:47:29.036581+00:00,blockrand-drand-quicknet
9ea0bdad9d7ed4ace58c0ae869f2d8e0b15388cfee18ada97dd838bc7425b52a,7061a3edf75932c9f45951db018d760f,29232516,a39ae1a4af03f4d0d0d9acd56a3fe231f6284b24b679ae64bde3b3fdb217d051,17.0,2026-06-03T15:47:29.036616+00:00,blockrand-drand-quicknet
9ea0bdad9d7ed4ace58c0ae869f2d8e0b15388cfee18ada97dd838bc7425b52a,7061a3edf75932c9f45951db018d760f,29232517,93a3dbd5838c31cc1bd5a18753eec6f2ae13d0e567e83e320a3daa1f1dbdc561,98.0,2026-06-03T15:47:29.036651+00:00,blockrand-drand-quicknet
9ea0bdad9d7ed4ace58c0ae869f2d8e0b15388cfee18ada97dd838bc7425b52a,7061a3edf75932c9f45951db018d760f,29232518,4d386035b8d3f028073b30a9d26afbd569cd539a6c78bf67a54bb0bb70a76b1f,78.0,2026-06-03T15:47:29.036686+00:00,blockrand-drand-quicknet
9ea0bdad9d7ed4ace58c0ae869f2d8e0b15388cfee18ada97dd838bc7425b52a,7061a3edf75932c9f45951db018d760f,29232519,6f3c93ce2433d1de3d975dd1e353bc6085f6bfcd4852e16d141e2c6a5c4a8c43,75.0,2026-06-03T15:47:29.036722+00:00,blockrand-drand-quicknet
9ea0bdad9d7ed4ace58c0ae869f2d8e0b15388cfee18ada97dd838bc7425b52a,7061a3edf75932c9f45951db018d760f,29232520,ffa1ce8d2523fc27e42f9cd3b53e5246e923887c3ad308ec324b4dc9ef779692,54.0,2026-06-03T15:47:29.036757+00:00,blockrand-drand-quicknet
9ea0bdad9d7ed4ace58c0ae869f2d8e0b15388cfee18ada97dd838bc7425b52a,7061a3edf75932c9f45951db018d760f,29232521,eb00f6ad02b3d660cd344b4e3df0f0eb241c8c7483198804978d81db4dd3917b,10.0,2026-06-03T15:47:29.036797+00:00,blockrand-drand-quicknet
9ea0bdad9d7ed4ace58c0ae869f2d8e0b15388cfee18ada97dd838bc7425b52a,7061a3edf75932c9f45951db018d760f,29232522,342fc9c40128ccb50f504e58d841b4230bebd264bbbda0b59157125e05f9e9a1,77.0,2026-06-03T15:47:29.036833+00:00,blockrand-drand-quicknet
9ea0bdad9d7ed4ace58c0ae869f2d8e0b15388cfee18ada97dd838bc7425b52a,7061a3edf75932c9f45951db018d760f,29232523,e0674c200acb6e83cb31796e44cc67d45c6239c61fb66437f11d8ce9000501d3,81.0,2026-06-03T15:47:29.036867+00:00,blockrand-drand-quicknet
9ea0bdad9d7ed4ace58c0ae869f2d8e0b15388cfee18ada97dd838bc7425b52a,7061a3edf75932c9f45951db018d760f,29232524,539c2f40670ad4ac62c35257a7eaddb67ff8c34d49394676dcb24c67aa3f0780,41.0,2026-06-03T15:47:29.036906+00:00,blockrand-drand-quicknet
9ea0bdad9d7ed4ace58c0ae869f2d8e0b15388cfee18ada97dd838bc7425b52a,7061a3edf75932c9f45951db018d760f,29232525,cf069f9d9439272a6406a7cb2b31d3df14a7f3e99e2f927306a96ec534a87c19,90.0,2026-06-03T15:47:29.036943+00:00,blockrand-drand-quicknet
9ea0bdad9d7ed4ace58c0ae869f2d8e0b15388cfee18ada97dd838bc7425b52a,7061a3edf75932c9f45951db018d760f,29232526,6533fc2637886c01ecf94aa80461bd00b1ad6ba5cf3ee2267ca25751ab7dbc2f,3.0,2026-06-03T15:47:29.036980+00:00,blockrand-drand-quicknet
9ea0bdad9d7ed4ace58c0ae869f2d8e0b15388cfee18ada97dd838bc7425b52a,7061a3edf75932c9f45951db018d760f,29232527,a7c9d82de9330a722a6476933372c933080718a458fa70f04d76e78f8690fb45,50.0,2026-06-03T15:47:29.037015+00:00,blockrand-drand-quicknet
9ea0bdad9d7ed4ace58c0ae869f2d8e0b15388cfee18ada97dd838bc7425b52a,7061a3edf75932c9f45951db018d760f,29232528,72688d9d83a4b1bb2929a425e368e0414786301b35e25f2f4cc93fe6903f214d,22.0,2026-06-03T15:47:29.037113+00:00,blockrand-drand-quicknet
9ea0bdad9d7ed4ace58c0ae869f2d8e0b15388cfee18ada97dd838bc7425b52a,7061a3edf75932c9f45951db018d760f,29232529,2e78c17fa8a3a9ac5c7da772660c95d04ed41eed71f7266d44a09b526f8d23d7,92.0,2026-06-03T15:47:29.037157+00:00,blockrand-drand-quicknet
9ea0bdad9d7ed4ace58c0ae869f2d8e0b15388cfee18ada97dd838bc7425b52a,7061a3edf75932c9f45951db018d760f,29232530,239543247746a841335c5a756b17f9db0fddb6f81964e80ea18e14be2de78020,13.0,2026-06-03T15:47:29.037198+00:00,blockrand-drand-quicknet
9ea0bdad9d7ed4ace58c0ae869f2d8e0b15388cfee18ada97dd838bc7425b52a,7061a3edf75932c9f45951db018d760f,29232531,e661b22a7d6348071db19ad8a99ebff183f5652fb7c19f02935ba9837f34acac,83.0,2026-06-03T15:47:29.037235+00:00,blockrand-drand-quicknet
9ea0bdad9d7ed4ace58c0ae869f2d8e0b15388cfee18ada97dd838bc7425b52a,7061a3edf75932c9f45951db018d760f,29232532,5903f7178aeb397edd2686f8c859e2d93d27d776ab20d303a8a4fbcf34f7377f,88.0,2026-06-03T15:47:29.037271+00:00,blockrand-drand-quicknet
9ea0bdad9d7ed4ace58c0ae869f2d8e0b15388cfee18ada97dd838bc7425b52a,7061a3edf75932c9f45951db018d760f,29232533,b00f0a6e2c544ab64bcbf331d89a6549fc6e5b2f4671373bd7cea4ae78eeba76,27.0,2026-06-03T15:47:29.037306+00:00,blockrand-drand-quicknet
9ea0bdad9d7ed4ace58c0ae869f2d8e0b15388cfee18ada97dd838bc7425b52a,7061a3edf75932c9f45951db018d760f,29232534,513ad0bc89e5822303b60bc7e4806c9b47ce3b52f39a26a651eca3e464769b8d,21.0,2026-06-03T15:47:29.037342+00:00,blockrand-drand-quicknet
9ea0bdad9d7ed4ace58c0ae869f2d8e0b15388cfee18ada97dd838bc7425b52a,7061a3edf75932c9f45951db018d760f,29232535,52ea67367261fcda47e0262414a4ce5242b898a630bc903ea134c6291e42a6cc,59.0,2026-06-03T15:47:29.037378+00:00,blockrand-drand-quicknet
9ea0bdad9d7ed4ace58c0ae869f2d8e0b15388cfee18ada97dd838bc7425b52a,7061a3edf75932c9f45951db018d760f,29232536,bd3b3816edcdbc50c9e169d7dbee554ada3992ebb954e92f3e65ebd3dc5bee77,7.0,2026-06-03T15:47:29.037414+00:00,blockrand-drand-quicknet
9ea0bdad9d7ed4ace58c0ae869f2d8e0b15388cfee18ada97dd838bc7425b52a,7061a3edf75932c9f45951db018d760f,29232537,f8702cbd3b7e1e73a7e24af804c46990c461e571eac87cea10c22598645760b7,54.0,2026-06-03T15:47:29.037449+00:00,blockrand-drand-quicknet
9ea0bdad9d7ed4ace58c0ae869f2d8e0b15388cfee18ada97dd838bc7425b52a,7061a3edf75932c9f45951db018d760f,29232538,0c04590f1e73e7bdd5f6b0053cf4286a4b825565992f5e460329ccfe6c699f8a,36.0,2026-06-03T15:47:29.037488+00:00,blockrand-drand-quicknet
9ea0bdad9d7ed4ace58c0ae869f2d8e0b15388cfee18ada97dd838bc7425b52a,7061a3edf75932c9f45951db018d760f,29232539,08c7b2c75f87b9d755bca4f3783a8b43fb089c75837543c94f16528c23b18bf9,60.0,2026-06-03T15:47:29.037527+00:00,blockrand-drand-quicknet
9ea0bdad9d7ed4ace58c0ae869f2d8e0b15388cfee18ada97dd838bc7425b52a,7061a3edf75932c9f45951db018d760f,29232540,7ff5f6e175d66a722b7adfe9903b063ab2e7a1261d05fbe6cb1842626b842d2b,54.0,2026-06-03T15:47:29.037565+00:00,blockrand-drand-quicknet
9ea0bdad9d7ed4ace58c0ae869f2d8e0b15388cfee18ada97dd838bc7425b52a,7061a3edf75932c9f45951db018d760f,29232541,affaa568d277a04fc968556213221c80f568aeb4e3a7a736340ed8ecda531f55,45.0,2026-06-03T15:47:29.037601+00:00,blockrand-drand-quicknet
9ea0bdad9d7ed4ace58c0ae869f2d8e0b15388cfee18ada97dd838bc7425b52a,7061a3edf75932c9f45951db018d760f,29232542,da7b80d4bc0eefe6d7e4d4a212e1727e759b14402548fb98e18a6e496cc1c3a0,97.0,2026-06-03T15:47:29.037636+00:00,blockrand-drand-quicknet
9ea0bdad9d7ed4ace58c0ae869f2d8e0b15388cfee18ada97dd838bc7425b52a,7061a3edf75932c9f45951db018d760f,29232543,da0e2a273e184a38bef13c77dead360873ba7512948aa330d6690f4ddda9182a,84.0,2026-06-03T15:47:29.037672+00:00,blockrand-drand-quicknet
9ea0bdad9d7ed4ace58c0ae869f2d8e0b15388cfee18ada97dd838bc7425b52a,7061a3edf75932c9f45951db018d760f,29232544,046af41ad971eac9032da9fb3bcedaa6a059948e8680c52377734d7e4e86bebd,71.0,2026-06-03T15:47:29.037743+00:00,blockrand-drand-quicknet
9ea0bdad9d7ed4ace58c0ae869f2d8e0b15388cfee18ada97dd838bc7425b52a,7061a3edf75932c9f45951db018d760f,29232545,0e5035061bfa8e69be6cc94caad8cea2201cee306c2dfbebf94638cea18385b2,79.0,2026-06-03T15:47:29.037809+00:00,blockrand-drand-quicknet
9ea0bdad9d7ed4ace58c0ae869f2d8e0b15388cfee18ada97dd838bc7425b52a,7061a3edf75932c9f45951db018d760f,29232546,f7148f5879e0fcd88506cec996e5f150ec208d985a8981a05ab309187e4951d1,69.0,2026-06-03T15:47:29.037855+00:00,blockrand-drand-quicknet
9ea0bdad9d7ed4ace58c0ae869f2d8e0b15388cfee18ada97dd838bc7425b52a,7061a3edf75932c9f45951db018d760f,29232547,f65bcc8bbdfa98b6b95c86eb24a2e16e7017faaf7defb09d6cc9b95e958c9d14,76.0,2026-06-03T15:47:29.037891+00:00,blockrand-drand-quicknet
9ea0bdad9d7ed4ace58c0ae869f2d8e0b15388cfee18ada97dd838bc7425b52a,7061a3edf75932c9f45951db018d760f,29232548,1086d43e7bff93c2c7bcabc96ced3b5db91914721599bf63df6791aa5db2d5db,15.0,2026-06-03T15:47:29.037926+00:00,blockrand-drand-quicknet
9ea0bdad9d7ed4ace58c0ae869f2d8e0b15388cfee18ada97dd838bc7425b52a,7061a3edf75932c9f45951db018d760f,29232549,d1b93a706caa0a113b9ce6ea799b1c7a53b5b6a91a9d3c9ae15514df8c5f5bb8,65.0,2026-06-03T15:47:29.037961+00:00,blockrand-drand-quicknet
9ea0bdad9d7ed4ace58c0ae869f2d8e0b15388cfee18ada97dd838bc7425b52a,7061a3edf75932c9f45951db018d760f,29232550,4ca6db3ff17e6331a5c564ce192521f0517defb1fe83b9ad35a524611a39d75c,20.0,2026-06-03T15:47:29.037996+00:00,blockrand-drand-quicknet
9ea0bdad9d7ed4ace58c0ae869f2d8e0b15388cfee18ada97dd838bc7425b52a,7061a3edf75932c9f45951db018d760f,29232551,ebf9d7d9919bada91b4afb4d118d98e86f531d11a44fb5f9c7ddd595797da8b1,82.0,2026-06-03T15:47:29.038031+00:00,blockrand-drand-quicknet
9ea0bdad9d7ed4ace58c0ae869f2d8e0b15388cfee18ada97dd838bc7425b52a,7061a3edf75932c9f45951db018d760f,29232552,e690f392d747242db6b36c9237f7f513d48fe9fb33717bc360844be508433a3e,19.0,2026-06-03T15:47:29.038066+00:00,blockrand-drand-quicknet
9ea0bdad9d7ed4ace58c0ae869f2d8e0b15388cfee18ada97dd838bc7425b52a,7061a3edf75932c9f45951db018d760f,29232553,4e5bbd1cf38ec18c41ad76abfcf5d86f08f6b7bc0c0eecc70ed28e336e94ce81,37.0,2026-06-03T15:47:29.038101+00:00,blockrand-drand-quicknet
9ea0bdad9d7ed4ace58c0ae869f2d8e0b15388cfee18ada97dd838bc7425b52a,7061a3edf75932c9f45951db018d760f,29232554,cd2cf3bceb23e6fc3bbc5fb5770b3b5e6b1191f11e48931f5e93785616603f5e,61.0,2026-06-03T15:47:29.038136+00:00,blockrand-drand-quicknet
9ea0bdad9d7ed4ace58c0ae869f2d8e0b15388cfee18ada97dd838bc7425b52a,7061a3edf75932c9f45951db018d760f,29232555,79efb856371cc051dedd5406c554daaaf574545b6c7f3bbb7de83201d19080d5,31.0,2026-06-03T15:47:29.038171+00:00,blockrand-drand-quicknet
9ea0bdad9d7ed4ace58c0ae869f2d8e0b15388cfee18ada97dd838bc7425b52a,7061a3edf75932c9f45951db018d760f,29232556,d6c164042a5c69e462ae4b26b62baf9a6ac87f175b2e0faadde5e6387d11597c,77.0,2026-06-03T15:47:29.038206+00:00,blockrand-drand-quicknet
9ea0bdad9d7ed4ace58c0ae869f2d8e0b15388cfee18ada97dd838bc7425b52a,7061a3edf75932c9f45951db018d760f,29232557,8e4c6dbf99b9c0576531d650edc2147f486a11b48d9d4fdbcf900e43411896e7,4.0,2026-06-03T15:47:29.038241+00:00,blockrand-drand-quicknet
9ea0bdad9d7ed4ace58c0ae869f2d8e0b15388cfee18ada97dd838bc7425b52a,7061a3edf75932c9f45951db018d760f,29232558,4135b06802db64a5c56aa495f6da85ca1f3fb3b306a08262ceefe62bf078710a,9.0,2026-06-03T15:47:29.038276+00:00,blockrand-drand-quicknet
9ea0bdad9d7ed4ace58c0ae869f2d8e0b15388cfee18ada97dd838bc7425b52a,7061a3edf75932c9f45951db018d760f,29232559,e0e9453cf80bd71eaf63c02d2a1e46286417ccc41ee84dd4fada8b630b3a8f41,97.0,2026-06-03T15:47:29.038311+00:00,blockrand-drand-quicknet
9ea0bdad9d7ed4ace58c0ae869f2d8e0b15388cfee18ada97dd838bc7425b52a,7061a3edf75932c9f45951db018d760f,29232560,4dce11fb3501ead0b6fbddf085dd61be212ada609389c5ae4ce17a7bb2778f78,52.0,2026-06-03T15:47:29.038401+00:00,blockrand-drand-quicknet
9ea0bdad9d7ed4ace58c0ae869f2d8e0b15388cfee18ada97dd838bc7425b52a,7061a3edf75932c9f45951db018d760f,29232561,5510a17be4e5197b79d36231a104a4a0b834e3f471218c9c0c108fdae988a593,76.0,2026-06-03T15:47:29.038455+00:00,blockrand-drand-quicknet
9ea0bdad9d7ed4ace58c0ae869f2d8e0b15388cfee18ada97dd838bc7425b52a,7061a3edf75932c9f45951db018d760f,29232562,c489ace7e90845de28ea29fa09269dd4e6f358727e30b0aef13e773dfbf0f255,32.0,2026-06-03T15:47:29.038492+00:00,blockrand-drand-quicknet
9ea0bdad9d7ed4ace58c0ae869f2d8e0b15388cfee18ada97dd838bc7425b52a,7061a3edf75932c9f45951db018d760f,29232563,6d7a10ea5d0f7cc02ba9f410e695548601c2106f776c129c140cde0bd5425204,67.0,2026-06-03T15:47:29.038533+00:00,blockrand-drand-quicknet
9ea0bdad9d7ed4ace58c0ae869f2d8e0b15388cfee18ada97dd838bc7425b52a,7061a3edf75932c9f45951db018d760f,29232564,42b8460bed1849d33f74696608b9734d57ecc71d085e42db0052a7712f52c788,12.0,2026-06-03T15:47:29.038569+00:00,blockrand-drand-quicknet
9ea0bdad9d7ed4ace58c0ae869f2d8e0b15388cfee18ada97dd838bc7425b52a,7061a3edf75932c9f45951db018d760f,29232565,4c0a1e8ebd094abe698a2bf802d95d1919cdaaa3d92ed9d782e1ebb30c4d686c,99.0,2026-06-03T15:47:29.038604+00:00,blockrand-drand-quicknet
9ea0bdad9d7ed4ace58c0ae869f2d8e0b15388cfee18ada97dd838bc7425b52a,7061a3edf75932c9f45951db018d760f,29232566,2694f6789e39edfe5545cba99e4d05cfded78fac3cf4961bc42ce165f6ca31eb,33.0,2026-06-03T15:47:29.038641+00:00,blockrand-drand-quicknet
9ea0bdad9d7ed4ace58c0ae869f2d8e0b15388cfee18ada97dd838bc7425b52a,7061a3edf75932c9f45951db018d760f,29232567,4cfb9a5bd8456294e2d690b9b3d731cfc3083e8dc4a3036122ba1d06660e07c8,68.0,2026-06-03T15:47:29.038677+00:00,blockrand-drand-quicknet
9ea0bdad9d7ed4ace58c0ae869f2d8e0b15388cfee18ada97dd838bc7425b52a,7061a3edf75932c9f45951db018d760f,29232568,6a48c6dd0dd265495dbe30ce6c05b552bc15e405a92ed75418ec421ba43736a1,98.0,2026-06-03T15:47:29.038712+00:00,blockrand-drand-quicknet
9ea0bdad9d7ed4ace58c0ae869f2d8e0b15388cfee18ada97dd838bc7425b52a,7061a3edf75932c9f45951db018d760f,29232569,e9880020c2880c4ccfac1af0e69f789a073de837a08459114587e168af26a48c,57.0,2026-06-03T15:47:29.038747+00:00,blockrand-drand-quicknet
9ea0bdad9d7ed4ace58c0ae869f2d8e0b15388cfee18ada97dd838bc7425b52a,7061a3edf75932c9f45951db018d760f,29232570,76fcb57feecc0a200235e148759120eb8481141695f3cd6ee9a7e354c41d3d93,24.0,2026-06-03T15:47:29.038781+00:00,blockrand-drand-quicknet
9ea0bdad9d7ed4ace58c0ae869f2d8e0b15388cfee18ada97dd838bc7425b52a,7061a3edf75932c9f45951db018d760f,29232571,c9f2096e1409227bd2d467d125aeb09aa8cd73ccaab4827eb81f08c5b9aa4531,43.0,2026-06-03T15:47:29.038816+00:00,blockrand-drand-quicknet
9ea0bdad9d7ed4ace58c0ae869f2d8e0b15388cfee18ada97dd838bc7425b52a,7061a3edf75932c9f45951db018d760f,29232572,e2985df127cefcb11f5fe8be7a1fcc8241b4613ed2653e2c08f3642f487f23b6,38.0,2026-06-03T15:47:29.038855+00:00,blockrand-drand-quicknet
9ea0bdad9d7ed4ace58c0ae869f2d8e0b15388cfee18ada97dd838bc7425b52a,7061a3edf75932c9f45951db018d760f,29232573,076fdb10e158cad6c74aa57d4b6392ed22dd0e4b1f646ca03810bf54c3f4c37a,89.0,2026-06-03T15:47:29.038890+00:00,blockrand-drand-quicknet
9ea0bdad9d7ed4ace58c0ae869f2d8e0b15388cfee18ada97dd838bc7425b52a,7061a3edf75932c9f45951db018d760f,29232574,dd7df1a289f2e3433f66e05677d53b7e5ee71bc4faefc9d0d948354eaae868c1,95.0,2026-06-03T15:47:29.038925+00:00,blockrand-drand-quicknet
9ea0bdad9d7ed4ace58c0ae869f2d8e0b15388cfee18ada97dd838bc7425b52a,7061a3edf75932c9f45951db018d760f,29232575,52b5007bae2f5f15e37ddffa6106a013144a305b4a054e7adc3daa51e2000528,52.0,2026-06-03T15:47:29.038960+00:00,blockrand-drand-quicknet
9ea0bdad9d7ed4ace58c0ae869f2d8e0b15388cfee18ada97dd838bc7425b52a,7061a3edf75932c9f45951db018d760f,29232576,57645ac4e309127ed246be059a6f24810f968a1b2c8f79fda965234894a12cc2,29.0,2026-06-03T15:47:29.038997+00:00,blockrand-drand-quicknet
9ea0bdad9d7ed4ace58c0ae869f2d8e0b15388cfee18ada97dd838bc7425b52a,7061a3edf75932c9f45951db018d760f,29232577,21a2fdb6977ba848677206acf2023af9f1dd32ad6f2823aa3336ff981e89efe1,11.0,2026-06-03T15:47:29.039035+00:00,blockrand-drand-quicknet
9ea0bdad9d7ed4ace58c0ae869f2d8e0b15388cfee18ada97dd838bc7425b52a,7061a3edf75932c9f45951db018d760f,29232578,7ba3e18d4eac70d190dad91b59fcfcd99c37fd9dbfef03a0c52546d44a31704b,78.0,2026-06-03T15:47:29.039084+00:00,blockrand-drand-quicknet
9ea0bdad9d7ed4ace58c0ae869f2d8e0b15388cfee18ada97dd838bc7425b52a,7061a3edf75932c9f45951db018d760f,29232579,f50a0fbe8605a0873dbe69e8300b5e8d9621225f44addea460663a4749976e46,11.0,2026-06-03T15:47:29.039148+00:00,blockrand-drand-quicknet
9ea0bdad9d7ed4ace58c0ae869f2d8e0b15388cfee18ada97dd838bc7425b52a,7061a3edf75932c9f45951db018d760f,29232580,b30c345f3bd78b2902231c115cadd4d548d1e3ef798fdcc10e136bb3d2f33af7,4.0,2026-06-03T15:47:29.039186+00:00,blockrand-drand-quicknet
9ea0bdad9d7ed4ace58c0ae869f2d8e0b15388cfee18ada97dd838bc7425b52a,7061a3edf75932c9f45951db018d760f,29232581,5ddfe3b41bb4866e2e5d9f191b80639c151893d5e0c3fb3da1a7c378f45d14c1,9.0,2026-06-03T15:47:29.039224+00:00,blockrand-drand-quicknet
9ea0bdad9d7ed4ace58c0ae869f2d8e0b15388cfee18ada97dd838bc7425b52a,7061a3edf75932c9f45951db018d760f,29232582,b06ffcd11e9dd7516b532455162b1805b3da0f927fe534cb91071f70606c3902,34.0,2026-06-03T15:47:29.039264+00:00,blockrand-drand-quicknet
9ea0bdad9d7ed4ace58c0ae869f2d8e0b15388cfee18ada97dd838bc7425b52a,7061a3edf75932c9f45951db018d760f,29232583,ff10f6ed779db633ffc1a68bb6ad152351dc3101f6b4396c57f89dae667d2698,70.0,2026-06-03T15:47:29.039357+00:00,blockrand-drand-quicknet
9ea0bdad9d7ed4ace58c0ae869f2d8e0b15388cfee18ada97dd838bc7425b52a,7061a3edf75932c9f45951db018d760f,29232584,9ea6b37e8aa0d744d45ff9b120e7ed5431d16ed94586442a738f56f95babaea4,55.0,2026-06-03T15:47:29.039461+00:00,blockrand-drand-quicknet
9ea0bdad9d7ed4ace58c0ae869f2d8e0b15388cfee18ada97dd838bc7425b52a,7061a3edf75932c9f45951db018d760f,29232585,940e383f972d6a06a679b5511db4e4129a435995a9707b87de6985fa02ce09d8,72.0,2026-06-03T15:47:29.039521+00:00,blockrand-drand-quicknet
9ea0bdad9d7ed4ace58c0ae869f2d8e0b15388cfee18ada97dd838bc7425b52a,7061a3edf75932c9f45951db018d760f,29232586,5d4b43acc72a3101d3caa97fc2d5c2cee0a3091d9bf2cb7195f9de1b840eb117,13.0,2026-06-03T15:47:29.039570+00:00,blockrand-drand-quicknet
9ea0bdad9d7ed4ace58c0ae869f2d8e0b15388cfee18ada97dd838bc7425b52a,7061a3edf75932c9f45951db018d760f,29232587,1f8128a7edf13fa164cdbd2ef2d0435cbfaa38a18e30bce34cc2c010c80e9c5f,48.0,2026-06-03T15:47:29.039617+00:00,blockrand-drand-quicknet
9ea0bdad9d7ed4ace58c0ae869f2d8e0b15388cfee18ada97dd838bc7425b52a,7061a3edf75932c9f45951db018d760f,29232588,d052f185788cf3c6d98db6adb7f4f3d1f527b5ffacf736d0db0da71801903e3d,10.0,2026-06-03T15:47:29.039666+00:00,blockrand-drand-quicknet
9ea0bdad9d7ed4ace58c0ae869f2d8e0b15388cfee18ada97dd838bc7425b52a,7061a3edf75932c9f45951db018d760f,29232589,f0366bd951565e2f18924ccdde454a4a38aac12ed1f68d1c82d2daad3bf21201,94.0,2026-06-03T15:47:29.039718+00:00,blockrand-drand-quicknet
9ea0bdad9d7ed4ace58c0ae869f2d8e0b15388cfee18ada97dd838bc7425b52a,7061a3edf75932c9f45951db018d760f,29232590,ea68f698ab633f98b9c0671e855ebb9a01098dc88466b21df94687b7018723e4,17.0,2026-06-03T15:47:29.039812+00:00,blockrand-drand-quicknet
9ea0bdad9d7ed4ace58c0ae869f2d8e0b15388cfee18ada97dd838bc7425b52a,7061a3edf75932c9f45951db018d760f,29232591,43355e1a14261e49ffb06bde7f9deb3cfc5a55a19f4969b00583ceb6724c999d,71.0,2026-06-03T15:47:29.039860+00:00,blockrand-drand-quicknet
9ea0bdad9d7ed4ace58c0ae869f2d8e0b15388cfee18ada97dd838bc7425b52a,7061a3edf75932c9f45951db018d760f,29232592,9bc82b77a13937676c8960e158f614c74d8d7ed932e08ee62c7d9a12f4ec7887,8.0,2026-06-03T15:47:29.039900+00:00,blockrand-drand-quicknet
9ea0bdad9d7ed4ace58c0ae869f2d8e0b15388cfee18ada97dd838bc7425b52a,7061a3edf75932c9f45951db018d760f,29232593,eabea2aa5f2687ad5a532461e788f9e6b5c399dd0def7b91da1750d1b5cdddd5,27.0,2026-06-03T15:47:29.039943+00:00,blockrand-drand-quicknet
9ea0bdad9d7ed4ace58c0ae869f2d8e0b15388cfee18ada97dd838bc7425b52a,7061a3edf75932c9f45951db018d760f,29232594,c7adacb6965d4542d44c0c7f1c8d4c1f9ef4d16e4a9dbd6698e0cd962fa5b3c0,27.0,2026-06-03T15:47:29.039983+00:00,blockrand-drand-quicknet
9ea0bdad9d7ed4ace58c0ae869f2d8e0b15388cfee18ada97dd838bc7425b52a,7061a3edf75932c9f45951db018d760f,29232595,2cefdfb0d16d75a17bd4a1003e118ba95a7d85a3be0d406fe9ed04173d063f1e,73.0,2026-06-03T15:47:29.040020+00:00,blockrand-drand-quicknet
9ea0bdad9d7ed4ace58c0ae869f2d8e0b15388cfee18ada97dd838bc7425b52a,7061a3edf75932c9f45951db018d760f,29232596,8f30119f1a3fa3d7aadd04a6157c56e553be4fe29ea0ac59e4ca4cf44c723ee6,28.0,2026-06-03T15:47:29.040056+00:00,blockrand-drand-quicknet
9ea0bdad9d7ed4ace58c0ae869f2d8e0b15388cfee18ada97dd838bc7425b52a,7061a3edf75932c9f45951db018d760f,29232597,89572f1c9e32d52f1076d3d7eecaed7d5a9fef5b104e70d34054444fd2985487,85.0,2026-06-03T15:47:29.040126+00:00,blockrand-drand-quicknet
9ea0bdad9d7ed4ace58c0ae869f2d8e0b15388cfee18ada97dd838bc7425b52a,7061a3edf75932c9f45951db018d760f,29232598,163f2e473cd08d4d0ef166bc831670ed89ac9bc27a97819b1dde875637ecdbf9,68.0,2026-06-03T15:47:29.040284+00:00,blockrand-drand-quicknet
9ea0bdad9d7ed4ace58c0ae869f2d8e0b15388cfee18ada97dd838bc7425b52a,7061a3edf75932c9f45951db018d760f,29232599,9de4decdf25aa4054f2d5f497a38203fc34520eb7465a76425cbc3626c84262c,58.0,2026-06-03T15:47:29.040409+00:00,blockrand-drand-quicknet
9ea0bdad9d7ed4ace58c0ae869f2d8e0b15388cfee18ada97dd838bc7425b52a,7061a3edf75932c9f45951db018d760f,29232600,bbf278615f2235709ec64a4627374e6d475bd86390342ac1726b994cd992c928,22.0,2026-06-03T15:47:29.040476+00:00,blockrand-drand-quicknet
9ea0bdad9d7ed4ace58c0ae869f2d8e0b15388cfee18ada97dd838bc7425b52a,7061a3edf75932c9f45951db018d760f,29232601,4489450a92b4f36b1f01fb8b053a7c367c4250fa7897f36be793fca3f9ee42f0,95.0,2026-06-03T15:47:29.040535+00:00,blockrand-drand-quicknet
9ea0bdad9d7ed4ace58c0ae869f2d8e0b15388cfee18ada97dd838bc7425b52a,7061a3edf75932c9f45951db018d760f,29232602,427868485cef75d456593b0e87d6d79c2b76bafa4098cf3146d8e1a6a4f13b78,73.0,2026-06-03T15:47:29.040596+00:00,blockrand-drand-quicknet
9ea0bdad9d7ed4ace58c0ae869f2d8e0b15388cfee18ada97dd838bc7425b52a,7061a3edf75932c9f45951db018d760f,29232603,d9d0e3ea835be6fc1ffe1a783c2963434d49b042ce68b8c5ba6ae77b5ed4ebeb,7.0,2026-06-03T15:47:29.040649+00:00,blockrand-drand-quicknet
9ea0bdad9d7ed4ace58c0ae869f2d8e0b15388cfee18ada97dd838bc7425b52a,7061a3edf75932c9f45951db018d760f,29232604,f3b2a9fcfac5f9b5204b46fc944899a6844d875b5a15dfb27647e6e8a7fc031a,13.0,2026-06-03T15:47:29.040702+00:00,blockrand-drand-quicknet
9ea0bdad9d7ed4ace58c0ae869f2d8e0b15388cfee18ada97dd838bc7425b52a,7061a3edf75932c9f45951db018d760f,29232605,90623b3abd15884c3ba11aa94afa1548d30c9a35da55f146d87b125e303175e1,95.0,2026-06-03T15:47:29.040754+00:00,blockrand-drand-quicknet
9ea0bdad9d7ed4ace58c0ae869f2d8e0b15388cfee18ada97dd838bc7425b52a,7061a3edf75932c9f45951db018d760f,29232606,0f78864287216322012b88cf754e8a6f7208cbc4266185eb894197397a093ff1,31.0,2026-06-03T15:47:29.040802+00:00,blockrand-drand-quicknet
9ea0bdad9d7ed4ace58c0ae869f2d8e0b15388cfee18ada97dd838bc7425b52a,7061a3edf75932c9f45951db018d760f,29232607,d1a89eb33e36df90e33409d4413928a4d73fdc1ff75032046e4f5c970a76c273,20.0,2026-06-03T15:47:29.040850+00:00,blockrand-drand-quicknet
9ea0bdad9d7ed4ace58c0ae869f2d8e0b15388cfee18ada97dd838bc7425b52a,7061a3edf75932c9f45951db018d760f,29232608,ad7687bef1fa857c0a330726d41d8d0733516a5a998dd98c343efa32c9ab4abe,67.0,2026-06-03T15:47:29.040905+00:00,blockrand-drand-quicknet
9ea0bdad9d7ed4ace58c0ae869f2d8e0b15388cfee18ada97dd838bc7425b52a,7061a3edf75932c9f45951db018d760f,29232609,1c27a16679dc6aabbddcd0f98d9e129df93f2c2d7733522ee9e457e64338bf17,71.0,2026-06-03T15:47:29.040963+00:00,blockrand-drand-quicknet
9ea0bdad9d7ed4ace58c0ae869f2d8e0b15388cfee18ada97dd838bc7425b52a,7061a3edf75932c9f45951db018d760f,29232610,cfe0211bfa20d0538c2544fc9f518906d1ef4ea7aaad0d0b2bbc222d3cccbb58,52.0,2026-06-03T15:47:29.041025+00:00,blockrand-drand-quicknet
9ea0bdad9d7ed4ace58c0ae869f2d8e0b15388cfee18ada97dd838bc7425b52a,7061a3edf75932c9f45951db018d760f,29232611,2205cc7227933f8326d5c5674fb1e10b8eaa967cc2bce0a43aba4c565d1e25eb,63.0,2026-06-03T15:47:29.041083+00:00,blockrand-drand-quicknet
9ea0bdad9d7ed4ace58c0ae869f2d8e0b15388cfee18ada97dd838bc7425b52a,7061a3edf75932c9f45951db018d760f,29232612,2b9e0b00f805ef07998024e5a062abff0fc78f131ae971dfbacd31716fcca6e8,93.0,2026-06-03T15:47:29.041138+00:00,blockrand-drand-quicknet
9ea0bdad9d7ed4ace58c0ae869f2d8e0b15388cfee18ada97dd838bc7425b52a,7061a3edf75932c9f45951db018d760f,29232613,d4abc23b6b4c96b236db9be1c792438af94a7821937f0e76c5e472c539a4c14c,72.0,2026-06-03T15:47:29.041191+00:00,blockrand-drand-quicknet
9ea0bdad9d7ed4ace58c0ae869f2d8e0b15388cfee18ada97dd838bc7425b52a,7061a3edf75932c9f45951db018d760f,29232614,8a81807a0628107c2957efa11380a848a3870501df7733d9125b717ae449a568,43.0,2026-06-03T15:47:29.041253+00:00,blockrand-drand-quicknet
9ea0bdad9d7ed4ace58c0ae869f2d8e0b15388cfee18ada97dd838bc7425b52a,7061a3edf75932c9f45951db018d760f,29232615,dca9410f3c174a94fa7c7d052cc154467df6078832adb3781964bfe8631a9206,60.0,2026-06-03T15:47:29.041306+00:00,blockrand-drand-quicknet
9ea0bdad9d7ed4ace58c0ae869f2d8e0b15388cfee18ada97dd838bc7425b52a,7061a3edf75932c9f45951db018d760f,29232616,cac33789d1b5715ffc168223af1ce887008da334986299e3e1b4e38a50bc800e,70.0,2026-06-03T15:47:29.041357+00:00,blockrand-drand-quicknet
9ea0bdad9d7ed4ace58c0ae869f2d8e0b15388cfee18ada97dd838bc7425b52a,7061a3edf75932c9f45951db018d760f,29232617,8f9f3c52783fecb34fea1999e1059a7924ea8f6a15d65544dd4d5e7b8cd5377a,55.0,2026-06-03T15:47:29.041407+00:00,blockrand-drand-quicknet
9ea0bdad9d7ed4ace58c0ae869f2d8e0b15388cfee18ada97dd838bc7425b52a,7061a3edf75932c9f45951db018d760f,29232618,5cceebd9a0bdeb162615a1010bbf2abf97dc5c09d6549a26eb1adcf6a2aac130,66.0,2026-06-03T15:47:29.041457+00:00,blockrand-drand-quicknet
9ea0bdad9d7ed4ace58c0ae869f2d8e0b15388cfee18ada97dd838bc7425b52a,7061a3edf75932c9f45951db018d760f,29232619,e7413134e2aa6d2d06e80fe00a7e7ca84d84ffb9a78a7e5a3023048a281541bd,33.0,2026-06-03T15:47:29.041508+00:00,blockrand-drand-quicknet
9ea0bdad9d7ed4ace58c0ae869f2d8e0b15388cfee18ada97dd838bc7425b52a,7061a3edf75932c9f45951db018d760f,29232620,a3da71240ab0c4733d40671cdd273854b6d645c399d3aebb7c00d3661d874f1a,21.0,2026-06-03T15:47:29.041560+00:00,blockrand-drand-quicknet
9ea0bdad9d7ed4ace58c0ae869f2d8e0b15388cfee18ada97dd838bc7425b52a,7061a3edf75932c9f45951db018d760f,29232621,c92c60f33336873d36822275a918beb3e828f2b3b2c6f14d9e33caa4b869cbd9,20.0,2026-06-03T15:47:29.041611+00:00,blockrand-drand-quicknet
9ea0bdad9d7ed4ace58c0ae869f2d8e0b15388cfee18ada97dd838bc7425b52a,7061a3edf75932c9f45951db018d760f,29232622,894a41267bdfb1b8be8f847073c6e3b0eb2cbe5bec7b89896a4f5ec67857ca62,35.0,2026-06-03T15:47:29.041667+00:00,blockrand-drand-quicknet
9ea0bdad9d7ed4ace58c0ae869f2d8e0b15388cfee18ada97dd838bc7425b52a,7061a3edf75932c9f45951db018d760f,29232623,e0185a6d2a45e0ef619bcaf9aaa3d673e60ac8fff9b554d4c713ced585065520,98.0,2026-06-03T15:47:29.041724+00:00,blockrand-drand-quicknet
9ea0bdad9d7ed4ace58c0ae869f2d8e0b15388cfee18ada97dd838bc7425b52a,7061a3edf75932c9f45951db018d760f,29232624,eb4925c386e728dc342ad6ca6d4ea4d37ac1c160748752a2c24c6dbb5c24e599,56.0,2026-06-03T15:47:29.041787+00:00,blockrand-drand-quicknet
9ea0bdad9d7ed4ace58c0ae869f2d8e0b15388cfee18ada97dd838bc7425b52a,7061a3edf75932c9f45951db018d760f,29232625,646f68d346fb17efb6352df22351aa2879017b0c2e4d31b1877f45da0cda8ad4,32.0,2026-06-03T15:47:29.041842+00:00,blockrand-drand-quicknet
9ea0bdad9d7ed4ace58c0ae869f2d8e0b15388cfee18ada97dd838bc7425b52a,7061a3edf75932c9f45951db018d760f,29232626,9844ed33ffa6eb6f82ec09e6693d9bd320f4e0712d52daed2257965a9e0887d0,4.0,2026-06-03T15:47:29.041888+00:00,blockrand-drand-quicknet
9ea0bdad9d7ed4ace58c0ae869f2d8e0b15388cfee18ada97dd838bc7425b52a,7061a3edf75932c9f45951db018d760f,29232627,5c1b8c75d60228f47fc31813a38f8c6b71c612682efdbb66d2babe120483a495,2.0,2026-06-03T15:47:29.041945+00:00,blockrand-drand-quicknet
9ea0bdad9d7ed4ace58c0ae869f2d8e0b15388cfee18ada97dd838bc7425b52a,7061a3edf75932c9f45951db018d760f,29232628,50390bddc6adae85c2f90dff41f3e99fc160edcbcd420f0aa8e5492fbdb239d1,70.0,2026-06-03T15:47:29.041986+00:00,blockrand-drand-quicknet
9ea0bdad9d7ed4ace58c0ae869f2d8e0b15388cfee18ada97dd838bc7425b52a,7061a3edf75932c9f45951db018d760f,29232629,a8750dd122b7b5492e4195a8169fd78ad58ed53e9bf682a5091650b6ff32c705,38.0,2026-06-03T15:47:29.042024+00:00,blockrand-drand-quicknet
9ea0bdad9d7ed4ace58c0ae869f2d8e0b15388cfee18ada97dd838bc7425b52a,7061a3edf75932c9f45951db018d760f,29232630,6112671eb57ba4177b026264477c51769de4d16198d76cb6f335db970bd7e2e7,99.0,2026-06-03T15:47:29.042062+00:00,blockrand-drand-quicknet
9ea0bdad9d7ed4ace58c0ae869f2d8e0b15388cfee18ada97dd838bc7425b52a,7061a3edf75932c9f45951db018d760f,29232631,7a520bd666ac69f76412e0586459f3cead78feb14f2d82a04fb912fb320506ab,35.0,2026-06-03T15:47:29.042098+00:00,blockrand-drand-quicknet
9ea0bdad9d7ed4ace58c0ae869f2d8e0b15388cfee18ada97dd838bc7425b52a,7061a3edf75932c9f45951db018d760f,29232632,16e3d32de7639afa1e417fbd61d74f4c424afad2c4c41554c6ed0129d5c8b890,86.0,2026-06-03T15:47:29.042136+00:00,blockrand-drand-quicknet
9ea0bdad9d7ed4ace58c0ae869f2d8e0b15388cfee18ada97dd838bc7425b52a,7061a3edf75932c9f45951db018d760f,29232633,1096f5e1cde33ce3d83352935167e2552e2aedc97e5ca11275b65cd7784dca21,2.0,2026-06-03T15:47:29.042175+00:00,blockrand-drand-quicknet
9ea0bdad9d7ed4ace58c0ae869f2d8e0b15388cfee18ada97dd838bc7425b52a,7061a3edf75932c9f45951db018d760f,29232634,52cd8b27ea280454f57d402901cbc9a2f0e95fb9d1b27023bb6e333d7c502fdb,16.0,2026-06-03T15:47:29.042213+00:00,blockrand-drand-quicknet
9ea0bdad9d7ed4ace58c0ae869f2d8e0b15388cfee18ada97dd838bc7425b52a,7061a3edf75932c9f45951db018d760f,29232635,f76cbde40f54e8e592ac51b36971cf0b9472c2261a2e11d59a323570e2be489a,53.0,2026-06-03T15:47:29.042253+00:00,blockrand-drand-quicknet
9ea0bdad9d7ed4ace58c0ae869f2d8e0b15388cfee18ada97dd838bc7425b52a,7061a3edf75932c9f45951db018d760f,29232636,a6a0e9112173172c7d81144b71df0590bc21506bd9845b5397431e9b3d20cf2e,82.0,2026-06-03T15:47:29.042289+00:00,blockrand-drand-quicknet
9ea0bdad9d7ed4ace58c0ae869f2d8e0b15388cfee18ada97dd838bc7425b52a,7061a3edf75932c9f45951db018d760f,29232637,9b1375e247e633c81472e740dda7e189ef4994776f65ddd66c61fc9797f54458,43.0,2026-06-03T15:47:29.042324+00:00,blockrand-drand-quicknet
9ea0bdad9d7ed4ace58c0ae869f2d8e0b15388cfee18ada97dd838bc7425b52a,7061a3edf75932c9f45951db018d760f,29232638,2798d5ec11c0a8d3ffde1a8e39121a7fa8c27ec47871bec20519f6668bf47a83,61.0,2026-06-03T15:47:29.042360+00:00,blockrand-drand-quicknet
9ea0bdad9d7ed4ace58c0ae869f2d8e0b15388cfee18ada97dd838bc7425b52a,7061a3edf75932c9f45951db018d760f,29232639,39c10502abd3c06e69d83bfb248f518bef798662dd1ab98e63992f18455533f0,43.0,2026-06-03T15:47:29.042402+00:00,blockrand-drand-quicknet
9ea0bdad9d7ed4ace58c0ae869f2d8e0b15388cfee18ada97dd838bc7425b52a,7061a3edf75932c9f45951db018d760f,29232640,d532cc2e9b177f183881986a95180ebc1d420fc643f194bab798febf574b32b0,79.0,2026-06-03T15:47:29.042442+00:00,blockrand-drand-quicknet
9ea0bdad9d7ed4ace58c0ae869f2d8e0b15388cfee18ada97dd838bc7425b52a,7061a3edf75932c9f45951db018d760f,29232641,ea326cd99cd1a5accdc6239b07aecf3ccd8f9658700db12a1cba3a955c27824b,10.0,2026-06-03T15:47:29.042485+00:00,blockrand-drand-quicknet
9ea0bdad9d7ed4ace58c0ae869f2d8e0b15388cfee18ada97dd838bc7425b52a,7061a3edf75932c9f45951db018d760f,29232642,ece1434a72443e1240da7c2fea4a3ca4d542184b7d60898fddf846bb1ee67d9c,3.0,2026-06-03T15:47:29.042526+00:00,blockrand-drand-quicknet
9ea0bdad9d7ed4ace58c0ae869f2d8e0b15388cfee18ada97dd838bc7425b52a,7061a3edf75932c9f45951db018d760f,29232643,2f21069a271810fcf788be2d07ebb42d886c5246e47eea25bf2b9e6aa836523b,31.0,2026-06-03T15:47:29.042567+00:00,blockrand-drand-quicknet
9ea0bdad9d7ed4ace58c0ae869f2d8e0b15388cfee18ada97dd838bc7425b52a,7061a3edf75932c9f45951db018d760f,29232644,501f29784c68088444879b5acbb8ed126cbd71907a7296a7e4a2da4f596de838,13.0,2026-06-03T15:47:29.042606+00:00,blockrand-drand-quicknet
9ea0bdad9d7ed4ace58c0ae869f2d8e0b15388cfee18ada97dd838bc7425b52a,7061a3edf75932c9f45951db018d760f,29232645,63589a9acbee25cdabede160c06b571e8774da7422e2ba8beb9805c18af53b62,31.0,2026-06-03T15:47:29.042644+00:00,blockrand-drand-quicknet
9ea0bdad9d7ed4ace58c0ae869f2d8e0b15388cfee18ada97dd838bc7425b52a,7061a3edf75932c9f45951db018d760f,29232646,8873307616e21b788c38452f35444cf4f1b52b0dc06adcca18daccf372e6329d,23.0,2026-06-03T15:47:29.042681+00:00,blockrand-drand-quicknet
9ea0bdad9d7ed4ace58c0ae869f2d8e0b15388cfee18ada97dd838bc7425b52a,7061a3edf75932c9f45951db018d760f,29232647,6230d6d480b5b3369410a0ed4400d3f21775dd3e7ab26dca2a4e2ba3d7600b4f,93.0,2026-06-03T15:47:29.042719+00:00,blockrand-drand-quicknet
9ea0bdad9d7ed4ace58c0ae869f2d8e0b15388cfee18ada97dd838bc7425b52a,7061a3edf75932c9f45951db018d760f,29232648,3e8a5f51c447b03f4d6da56e2ae84744ebe3a78221db4ef0fb6e16d8fd861ef1,62.0,2026-06-03T15:47:29.042756+00:00,blockrand-drand-quicknet
9ea0bdad9d7ed4ace58c0ae869f2d8e0b15388cfee18ada97dd838bc7425b52a,7061a3edf75932c9f45951db018d760f,29232649,f93c2934775852be085e1919dcb3875b1bbfed8dfbc5735ec7deb0434eaa153c,93.0,2026-06-03T15:47:29.042792+00:00,blockrand-drand-quicknet
9ea0bdad9d7ed4ace58c0ae869f2d8e0b15388cfee18ada97dd838bc7425b52a,7061a3edf75932c9f45951db018d760f,29232650,5b505ea3dff1970c77264e6a55a8688f139bb95d81834daedae34cb862cf5ced,64.0,2026-06-03T15:47:29.042829+00:00,blockrand-drand-quicknet
9ea0bdad9d7ed4ace58c0ae869f2d8e0b15388cfee18ada97dd838bc7425b52a,7061a3edf75932c9f45951db018d760f,29232651,12d20a8b96cecea935a143215f0a8af6cd6cb3a08d76133af2e5d184756ccac3,48.0,2026-06-03T15:47:29.042866+00:00,blockrand-drand-quicknet
9ea0bdad9d7ed4ace58c0ae869f2d8e0b15388cfee18ada97dd838bc7425b52a,7061a3edf75932c9f45951db018d760f,29232652,9700ad1ba2ac464e3e830fe0432c21e3b1031d25460d7fcab67b2e344c0277ae,32.0,2026-06-03T15:47:29.042901+00:00,blockrand-drand-quicknet
9ea0bdad9d7ed4ace58c0ae869f2d8e0b15388cfee18ada97dd838bc7425b52a,7061a3edf75932c9f45951db018d760f,29232653,1c74d0617cdd314552f82444e0592ac23094b4867d15935d051cb2c660cdd464,70.0,2026-06-03T15:47:29.042938+00:00,blockrand-drand-quicknet
9ea0bdad9d7ed4ace58c0ae869f2d8e0b15388cfee18ada97dd838bc7425b52a,7061a3edf75932c9f45951db018d760f,29232654,79b7b1b7295d7b5e589d3feeb123afc0b9ef53d288d83752d08bd2afca82983d,20.0,2026-06-03T15:47:29.042973+00:00,blockrand-drand-quicknet
9ea0bdad9d7ed4ace58c0ae869f2d8e0b15388cfee18ada97dd838bc7425b52a,7061a3edf75932c9f45951db018d760f,29232655,b06145f45655224d68263f7661f9a26dfeba7379965082fbb1eb7d1ec918ccd1,17.0,2026-06-03T15:47:29.043010+00:00,blockrand-drand-quicknet
9ea0bdad9d7ed4ace58c0ae869f2d8e0b15388cfee18ada97dd838bc7425b52a,7061a3edf75932c9f45951db018d760f,29232656,344d48ed760ae57e1e68441a0d9cbf68a212f9dc8446b2116e1c45895d3c2ba0,74.0,2026-06-03T15:47:29.043047+00:00,blockrand-drand-quicknet
9ea0bdad9d7ed4ace58c0ae869f2d8e0b15388cfee18ada97dd838bc7425b52a,7061a3edf75932c9f45951db018d760f,29232657,fe3b9b4fa073a812eaa06738cc35f9b00642114a4f2a9f95999a6605aaf21b16,48.0,2026-06-03T15:47:29.043083+00:00,blockrand-drand-quicknet
9ea0bdad9d7ed4ace58c0ae869f2d8e0b15388cfee18ada97dd838bc7425b52a,7061a3edf75932c9f45951db018d760f,29232658,b7855b8dae9546de0dcd6ae00c8cf5c967cb6d2c0a102ba861dcd1b7782aff5c,54.0,2026-06-03T15:47:29.043123+00:00,blockrand-drand-quicknet
9ea0bdad9d7ed4ace58c0ae869f2d8e0b15388cfee18ada97dd838bc7425b52a,7061a3edf75932c9f45951db018d760f,29232659,bb642515b7b795d5feaea4dca1615fe232fa9a0e5234c54f957dbdc9c57e15c5,86.0,2026-06-03T15:47:29.043166+00:00,blockrand-drand-quicknet
9ea0bdad9d7ed4ace58c0ae869f2d8e0b15388cfee18ada97dd838bc7425b52a,7061a3edf75932c9f45951db018d760f,29232660,6ce26b89e5b00b82820644d012d49e72bfc1af6042cf0edd2cbc62aae180070e,94.0,2026-06-03T15:47:29.043204+00:00,blockrand-drand-quicknet
9ea0bdad9d7ed4ace58c0ae869f2d8e0b15388cfee18ada97dd838bc7425b52a,7061a3edf75932c9f45951db018d760f,29232661,88db6abb7627740177296f7c921bb951f0010de26da764ccc71530a409e806d1,84.0,2026-06-03T15:47:29.043242+00:00,blockrand-drand-quicknet
9ea0bdad9d7ed4ace58c0ae869f2d8e0b15388cfee18ada97dd838bc7425b52a,7061a3edf75932c9f45951db018d760f,29232662,8b742b225cf5cb097636b824ed1499d9eb626f7e7a79ce6e0cd3c48039befc5d,43.0,2026-06-03T15:47:29.043279+00:00,blockrand-drand-quicknet
9ea0bdad9d7ed4ace58c0ae869f2d8e0b15388cfee18ada97dd838bc7425b52a,7061a3edf75932c9f45951db018d760f,29232663,045207de459444a909c0ce1523f661db7475a1771d2bc924f1eb72d5ffa5a17c,31.0,2026-06-03T15:47:29.043317+00:00,blockrand-drand-quicknet
9ea0bdad9d7ed4ace58c0ae869f2d8e0b15388cfee18ada97dd838bc7425b52a,7061a3edf75932c9f45951db018d760f,29232664,93f04407e30bbef3a148a1cfc93291ff2c9a75243fc0609d362b71db0f672b68,8.0,2026-06-03T15:47:29.043353+00:00,blockrand-drand-quicknet
9ea0bdad9d7ed4ace58c0ae869f2d8e0b15388cfee18ada97dd838bc7425b52a,7061a3edf75932c9f45951db018d760f,29232665,4cd7f6aceb70ae5c82c42142a6caa0027a68c2d688a58a4cca6b5f1aed5f8601,5.0,2026-06-03T15:47:29.043391+00:00,blockrand-drand-quicknet
9ea0bdad9d7ed4ace58c0ae869f2d8e0b15388cfee18ada97dd838bc7425b52a,7061a3edf75932c9f45951db018d760f,29232666,40138612a770ea1cbe3f0549cf8d4bea61decca8f908ce996c3ba8c60b0dc934,31.0,2026-06-03T15:47:29.043428+00:00,blockrand-drand-quicknet
9ea0bdad9d7ed4ace58c0ae869f2d8e0b15388cfee18ada97dd838bc7425b52a,7061a3edf75932c9f45951db018d760f,29232667,6bf914776b4f6f9a4dc6b0901ea67e98402fda83afb8ffc64c1021979ad87b66,16.0,2026-06-03T15:47:29.043466+00:00,blockrand-drand-quicknet
9ea0bdad9d7ed4ace58c0ae869f2d8e0b15388cfee18ada97dd838bc7425b52a,7061a3edf75932c9f45951db018d760f,29232668,52cc27fdd7c8ef4e055c97c643b6799d0a05b452955e730ced072e42463e512f,94.0,2026-06-03T15:47:29.043504+00:00,blockrand-drand-quicknet
9ea0bdad9d7ed4ace58c0ae869f2d8e0b15388cfee18ada97dd838bc7425b52a,7061a3edf75932c9f45951db018d760f,29232669,f8b66332e18d675df1459546d4d4b18b37b4a84aa21e8c699acab5bf4eecc547,15.0,2026-06-03T15:47:29.043543+00:00,blockrand-drand-quicknet
9ea0bdad9d7ed4ace58c0ae869f2d8e0b15388cfee18ada97dd838bc7425b52a,7061a3edf75932c9f45951db018d760f,29232670,89a14a3dffc7d0ebfa7460d3b37b3f54c056b428a3f540edeeefd6691625b0f9,94.0,2026-06-03T15:47:29.043580+00:00,blockrand-drand-quicknet
9ea0bdad9d7ed4ace58c0ae869f2d8e0b15388cfee18ada97dd838bc7425b52a,7061a3edf75932c9f45951db018d760f,29232671,b757e2d76c0d7dafbff7e4d54b7f65541ecf7208928b50e168ec530aee31ad5f,32.0,2026-06-03T15:47:29.043616+00:00,blockrand-drand-quicknet
9ea0bdad9d7ed4ace58c0ae869f2d8e0b15388cfee18ada97dd838bc7425b52a,7061a3edf75932c9f45951db018d760f,29232672,cb33a421abad3850bf4c897a2079d9ca19b3bf0f5be5c45bba66115ae1a65169,2.0,2026-06-03T15:47:29.043653+00:00,blockrand-drand-quicknet
9ea0bdad9d7ed4ace58c0ae869f2d8e0b15388cfee18ada97dd838bc7425b52a,7061a3edf75932c9f45951db018d760f,29232673,a0962e5f080846717b5096e5ee91ce29cec8278c19a39786e6a4779024e36c19,32.0,2026-06-03T15:47:29.043688+00:00,blockrand-drand-quicknet
9ea0bdad9d7ed4ace58c0ae869f2d8e0b15388cfee18ada97dd838bc7425b52a,7061a3edf75932c9f45951db018d760f,29232674,b33ba8707e0a69bd928a4933b5057cfb481480dd6a9ce4cfac5c0504e7c4be8e,9.0,2026-06-03T15:47:29.043726+00:00,blockrand-drand-quicknet
9ea0bdad9d7ed4ace58c0ae869f2d8e0b15388cfee18ada97dd838bc7425b52a,7061a3edf75932c9f45951db018d760f,29232675,b5a98025eb9686dd5130d2c0a9a1a561df5522d2665f28a3a8ee55b645abaf3a,86.0,2026-06-03T15:47:29.043766+00:00,blockrand-drand-quicknet
9ea0bdad9d7ed4ace58c0ae869f2d8e0b15388cfee18ada97dd838bc7425b52a,7061a3edf75932c9f45951db018d760f,29232676,5e250300b4268806e132fddde6262560758d1d52114316dde764951f002824c8,5.0,2026-06-03T15:47:29.043805+00:00,blockrand-drand-quicknet
9ea0bdad9d7ed4ace58c0ae869f2d8e0b15388cfee18ada97dd838bc7425b52a,7061a3edf75932c9f45951db018d760f,29232677,6d54a16bd2867ddc7c2ad04115980e17ce178c4806561f70d78efe0ec774bf93,92.0,2026-06-03T15:47:29.043851+00:00,blockrand-drand-quicknet
9ea0bdad9d7ed4ace58c0ae869f2d8e0b15388cfee18ada97dd838bc7425b52a,7061a3edf75932c9f45951db018d760f,29232678,ae617ea1566e5d51cb7d522c4dbe8e5c168764003bb5c3f4c5c3cb09ab110c29,94.0,2026-06-03T15:47:29.043889+00:00,blockrand-drand-quicknet
9ea0bdad9d7ed4ace58c0ae869f2d8e0b15388cfee18ada97dd838bc7425b52a,7061a3edf75932c9f45951db018d760f,29232679,8dd088c946977cc29e041bc5db9d4bbfc8f0ca063b39d55aab212e1e15df126e,62.0,2026-06-03T15:47:29.043935+00:00,blockrand-drand-quicknet
9ea0bdad9d7ed4ace58c0ae869f2d8e0b15388cfee18ada97dd838bc7425b52a,7061a3edf75932c9f45951db018d760f,29232680,760e160cfa0132f31c2c0948e8e9a744cd62dd26aa06c4598ce19ae0eb6ec8bb,37.0,2026-06-03T15:47:29.043974+00:00,blockrand-drand-quicknet
9ea0bdad9d7ed4ace58c0ae869f2d8e0b15388cfee18ada97dd838bc7425b52a,7061a3edf75932c9f45951db018d760f,29232681,e164a7f373e4a29c5f099c8f0b5c375114c84a7f0aead34ddcd606f2bbf0fd36,96.0,2026-06-03T15:47:29.044009+00:00,blockrand-drand-quicknet
9ea0bdad9d7ed4ace58c0ae869f2d8e0b15388cfee18ada97dd838bc7425b52a,7061a3edf75932c9f45951db018d760f,29232682,cf1c721658953ec51c8e7ab9e23b483b537b03675bfae41df1ad0435a1d3cdc6,27.0,2026-06-03T15:47:29.044045+00:00,blockrand-drand-quicknet
9ea0bdad9d7ed4ace58c0ae869f2d8e0b15388cfee18ada97dd838bc7425b52a,7061a3edf75932c9f45951db018d760f,29232683,4de953bdfec1856b6f4ab0809cc41e888a4a3132fd7a35affb4dad9a818e7b54,58.0,2026-06-03T15:47:29.044081+00:00,blockrand-drand-quicknet
9ea0bdad9d7ed4ace58c0ae869f2d8e0b15388cfee18ada97dd838bc7425b52a,7061a3edf75932c9f45951db018d760f,29232684,3dbe7c86e65168417f401c1fcec74a0c20c3be011ed40b9bc55520b453122a23,95.0,2026-06-03T15:47:29.044117+00:00,blockrand-drand-quicknet
9ea0bdad9d7ed4ace58c0ae869f2d8e0b15388cfee18ada97dd838bc7425b52a,7061a3edf75932c9f45951db018d760f,29232685,f851eaa85a9cb072e12f57c44df4c8df0df4baba7e652313d088a582d1122b1b,57.0,2026-06-03T15:47:29.044153+00:00,blockrand-drand-quicknet
9ea0bdad9d7ed4ace58c0ae869f2d8e0b15388cfee18ada97dd838bc7425b52a,7061a3edf75932c9f45951db018d760f,29232686,839a40d624e41ad98322f27c801f76492255ad9a95cf29f944b43abdd7f8187b,39.0,2026-06-03T15:47:29.044189+00:00,blockrand-drand-quicknet
9ea0bdad9d7ed4ace58c0ae869f2d8e0b15388cfee18ada97dd838bc7425b52a,7061a3edf75932c9f45951db018d760f,29232687,6c893e8f2a57aa7e6b3a827e1c13c0637dfd8b1de46fb85101e3b65e16e5a15a,76.0,2026-06-03T15:47:29.044227+00:00,blockrand-drand-quicknet
9ea0bdad9d7ed4ace58c0ae869f2d8e0b15388cfee18ada97dd838bc7425b52a,7061a3edf75932c9f45951db018d760f,29232688,6039a992330f5c786c425379455039c20992aada844d64aba8d4f9e6fd9b93be,99.0,2026-06-03T15:47:29.044263+00:00,blockrand-drand-quicknet
9ea0bdad9d7ed4ace58c0ae869f2d8e0b15388cfee18ada97dd838bc7425b52a,7061a3edf75932c9f45951db018d760f,29232689,66baf3e6fc6322f06c194f024775751bb9fc85b3986a04cd905221f8bef55afd,67.0,2026-06-03T15:47:29.044302+00:00,blockrand-drand-quicknet
9ea0bdad9d7ed4ace58c0ae869f2d8e0b15388cfee18ada97dd838bc7425b52a,7061a3edf75932c9f45951db018d760f,29232690,4dfeeccc12448fd7c6465db58a6e51e5762879966518886da5891164ca6f3ba8,97.0,2026-06-03T15:47:29.044344+00:00,blockrand-drand-quicknet
9ea0bdad9d7ed4ace58c0ae869f2d8e0b15388cfee18ada97dd838bc7425b52a,7061a3edf75932c9f45951db018d760f,29232691,2869e3e1b14b7ebb9ea4d05d4aa63c64d82b31c7692e7de0b8cd1943e04fb23d,58.0,2026-06-03T15:47:29.044384+00:00,blockrand-drand-quicknet
9ea0bdad9d7ed4ace58c0ae869f2d8e0b15388cfee18ada97dd838bc7425b52a,7061a3edf75932c9f45951db018d760f,29232692,a46d0b74c9aaead3758ab6c3964273d80f167e1d5203ebe16424db508cdda0b5,81.0,2026-06-03T15:47:29.044428+00:00,blockrand-drand-quicknet
9ea0bdad9d7ed4ace58c0ae869f2d8e0b15388cfee18ada97dd838bc7425b52a,7061a3edf75932c9f45951db018d760f,29232693,9b4d966814f037e18c5eac1f503fd4efb2ae40a7baf2c7be882e26386560c549,57.0,2026-06-03T15:47:29.044465+00:00,blockrand-drand-quicknet
9ea0bdad9d7ed4ace58c0ae869f2d8e0b15388cfee18ada97dd838bc7425b52a,7061a3edf75932c9f45951db018d760f,29232694,abec9d63ccc3137ed769bcffff671e77b5ccfe60bcbb8fad9ddd8766a9b1cf72,24.0,2026-06-03T15:47:29.044502+00:00,blockrand-drand-quicknet
9ea0bdad9d7ed4ace58c0ae869f2d8e0b15388cfee18ada97dd838bc7425b52a,7061a3edf75932c9f45951db018d760f,29232695,7dcd54035446b26d1e2074ca689783a50362516b626250cebc0c5308112c90d5,88.0,2026-06-03T15:47:29.044537+00:00,blockrand-drand-quicknet
9ea0bdad9d7ed4ace58c0ae869f2d8e0b15388cfee18ada97dd838bc7425b52a,7061a3edf75932c9f45951db018d760f,29232696,fdfdcf9e86c4c8339fadcf1d41889cddc04faf3ad73ce33d5b0f2d6966347e76,7.0,2026-06-03T15:47:29.044572+00:00,blockrand-drand-quicknet
9ea0bdad9d7ed4ace58c0ae869f2d8e0b15388cfee18ada97dd838bc7425b52a,7061a3edf75932c9f45951db018d760f,29232697,335159c632a4653a9d8babee53eb561df84ebade6a28df9f1ccde505bdb4f2ba,15.0,2026-06-03T15:47:29.044607+00:00,blockrand-drand-quicknet
83f06a3da9fdc74be641e0c5f708011ab66b892e1a6f8e6ce302cbc3f3a7ac4d,7061a3edf75932c9f45951db018d760f,29232698,0f0707d1e3cc3a6d1da985aca8c372eb2223a0eaac8d720d77b613cc052b6428,94.0,2026-06-03T15:47:29.044667+00:00,blockrand-drand-quicknet
83f06a3da9fdc74be641e0c5f708011ab66b892e1a6f8e6ce302cbc3f3a7ac4d,7061a3edf75932c9f45951db018d760f,29232699,1f52d1b641c1e48e923f0387cc4384c88f9a3a5bce576363c2cfaceb12547db6,35.0,2026-06-03T15:47:29.044702+00:00,blockrand-drand-quicknet
83f06a3da9fdc74be641e0c5f708011ab66b892e1a6f8e6ce302cbc3f3a7ac4d,7061a3edf75932c9f45951db018d760f,29232700,0c3cf2ff73481e7032cf82c93da380f3752080ab160883ec705677be8d7ad974,60.0,2026-06-03T15:47:29.044740+00:00,blockrand-drand-quicknet
83f06a3da9fdc74be641e0c5f708011ab66b892e1a6f8e6ce302cbc3f3a7ac4d,7061a3edf75932c9f45951db018d760f,29232701,6e4fb68ab61fccec4a8f4c4ea22a5f3b800260e2edf868b62a6ff58171cf418f,35.0,2026-06-03T15:47:29.044776+00:00,blockrand-drand-quicknet
83f06a3da9fdc74be641e0c5f708011ab66b892e1a6f8e6ce302cbc3f3a7ac4d,7061a3edf75932c9f45951db018d760f,29232702,57546de0909a8f4c5676faf68c0dfe45e8dd2abcdf7a9a79e2b0776e0adcd673,45.0,2026-06-03T15:47:29.044811+00:00,blockrand-drand-quicknet
83f06a3da9fdc74be641e0c5f708011ab66b892e1a6f8e6ce302cbc3f3a7ac4d,7061a3edf75932c9f45951db018d760f,29232703,2f2d9676b6e4a45621a0bf4c898bd28ef30a77ba3fbde5842c3a8e5deb12e1e9,91.0,2026-06-03T15:47:29.044846+00:00,blockrand-drand-quicknet
83f06a3da9fdc74be641e0c5f708011ab66b892e1a6f8e6ce302cbc3f3a7ac4d,7061a3edf75932c9f45951db018d760f,29232704,c30a5e1a787d2cd32d5dca88372a38905034089160182b5aba1a04cb7dfe8a3f,71.0,2026-06-03T15:47:29.044880+00:00,blockrand-drand-quicknet
83f06a3da9fdc74be641e0c5f708011ab66b892e1a6f8e6ce302cbc3f3a7ac4d,7061a3edf75932c9f45951db018d760f,29232705,726f6f99cc511544ccae4375580d717d943806f9bd2cbb95a31ed98aad7adebf,90.0,2026-06-03T15:47:29.044917+00:00,blockrand-drand-quicknet
83f06a3da9fdc74be641e0c5f708011ab66b892e1a6f8e6ce302cbc3f3a7ac4d,7061a3edf75932c9f45951db018d760f,29232706,8bc13802c24159682b2462f7a77b23d2991b93fb15bd8fa1dd5594dabf00ab4d,11.0,2026-06-03T15:47:29.044953+00:00,blockrand-drand-quicknet
83f06a3da9fdc74be641e0c5f708011ab66b892e1a6f8e6ce302cbc3f3a7ac4d,7061a3edf75932c9f45951db018d760f,29232707,f6863ec75fb9ca9ddde33ef3e4ca3874dc6730d793eabcdbc1687670c470b9f9,32.0,2026-06-03T15:47:29.044991+00:00,blockrand-drand-quicknet
83f06a3da9fdc74be641e0c5f708011ab66b892e1a6f8e6ce302cbc3f3a7ac4d,7061a3edf75932c9f45951db018d760f,29232708,9e3e997248a35757210a48d40bf8c84b350b07e0f3d5a0917c3d811d79a6a49c,43.0,2026-06-03T15:47:29.045036+00:00,blockrand-drand-quicknet
83f06a3da9fdc74be641e0c5f708011ab66b892e1a6f8e6ce302cbc3f3a7ac4d,7061a3edf75932c9f45951db018d760f,29232709,c3de26f89621f85a73f9eadbce8e57394efdfe7c86a3c649af0294383f5e7f77,89.0,2026-06-03T15:47:29.045072+00:00,blockrand-drand-quicknet
83f06a3da9fdc74be641e0c5f708011ab66b892e1a6f8e6ce302cbc3f3a7ac4d,7061a3edf75932c9f45951db018d760f,29232710,9874668b9423efb5514cde02c4909ac6694b770151d504e91cadb141798a15d4,60.0,2026-06-03T15:47:29.045169+00:00,blockrand-drand-quicknet
83f06a3da9fdc74be641e0c5f708011ab66b892e1a6f8e6ce302cbc3f3a7ac4d,7061a3edf75932c9f45951db018d760f,29232711,5ed4b8d18b1317731006dd916c1db23212e01b51799f3fad687da498bba629a8,50.0,2026-06-03T15:47:29.045210+00:00,blockrand-drand-quicknet
83f06a3da9fdc74be641e0c5f708011ab66b892e1a6f8e6ce302cbc3f3a7ac4d,7061a3edf75932c9f45951db018d760f,29232712,f9af6f1623e682aac5431faf744fc178cd1bf600c3282719e75b7c1f28e15782,23.0,2026-06-03T15:47:29.045248+00:00,blockrand-drand-quicknet
83f06a3da9fdc74be641e0c5f708011ab66b892e1a6f8e6ce302cbc3f3a7ac4d,7061a3edf75932c9f45951db018d760f,29232713,8b6f8a83afba4e6cdcdcbf137da92bd0c9eeac1c99f13085e0356fb276a3ed9b,80.0,2026-06-03T15:47:29.045284+00:00,blockrand-drand-quicknet
83f06a3da9fdc74be641e0c5f708011ab66b892e1a6f8e6ce302cbc3f3a7ac4d,7061a3edf75932c9f45951db018d760f,29232714,95aec98a70bf1b8753eef43cb3e9f862058a2d5ac21f95722e1aade986ea624c,43.0,2026-06-03T15:47:29.045320+00:00,blockrand-drand-quicknet
83f06a3da9fdc74be641e0c5f708011ab66b892e1a6f8e6ce302cbc3f3a7ac4d,7061a3edf75932c9f45951db018d760f,29232715,3ba30790c55a88da676d3238c764f631556d3e4d0e5400ab72352651bca1caf1,49.0,2026-06-03T15:47:29.045356+00:00,blockrand-drand-quicknet
83f06a3da9fdc74be641e0c5f708011ab66b892e1a6f8e6ce302cbc3f3a7ac4d,7061a3edf75932c9f45951db018d760f,29232716,e55e8d824ce60285523d355722d2a273486018912ab6a0c5ceb71e448d37f37f,75.0,2026-06-03T15:47:29.045393+00:00,blockrand-drand-quicknet
83f06a3da9fdc74be641e0c5f708011ab66b892e1a6f8e6ce302cbc3f3a7ac4d,7061a3edf75932c9f45951db018d760f,29232717,e7a48f2b378d5dfd1eeee4afe6684dd2b8a50e33c3716d6e0c371e907a9498dd,52.0,2026-06-03T15:47:29.045429+00:00,blockrand-drand-quicknet
83f06a3da9fdc74be641e0c5f708011ab66b892e1a6f8e6ce302cbc3f3a7ac4d,7061a3edf75932c9f45951db018d760f,29232718,3cc6ebe9d57199e795efbaf8fcad864aa4c5c7a5ce468e813317f7dd4dc7fc0a,82.0,2026-06-03T15:47:29.045464+00:00,blockrand-drand-quicknet
83f06a3da9fdc74be641e0c5f708011ab66b892e1a6f8e6ce302cbc3f3a7ac4d,7061a3edf75932c9f45951db018d760f,29232719,fd8a98d1273d55b5cefad07327f7a5f821554ef86727e6d3e8481b03273d5ddd,38.0,2026-06-03T15:47:29.045501+00:00,blockrand-drand-quicknet
83f06a3da9fdc74be641e0c5f708011ab66b892e1a6f8e6ce302cbc3f3a7ac4d,7061a3edf75932c9f45951db018d760f,29232720,caf8ccb6351d0041e9cd955c7e84e8d89c7c52018dc759d6f19267307ee1765e,67.0,2026-06-03T15:47:29.045542+00:00,blockrand-drand-quicknet
83f06a3da9fdc74be641e0c5f708011ab66b892e1a6f8e6ce302cbc3f3a7ac4d,7061a3edf75932c9f45951db018d760f,29232721,6ac5855b94c7af7306888e8beed0ec4e7d4981e6f5720bb930bb9308e109ba16,28.0,2026-06-03T15:47:29.045583+00:00,blockrand-drand-quicknet
83f06a3da9fdc74be641e0c5f708011ab66b892e1a6f8e6ce302cbc3f3a7ac4d,7061a3edf75932c9f45951db018d760f,29232722,c5362bf4ed60d47902834758acb3de1edf21625d3678cd42e7085b834886be7b,49.0,2026-06-03T15:47:29.045620+00:00,blockrand-drand-quicknet
83f06a3da9fdc74be641e0c5f708011ab66b892e1a6f8e6ce302cbc3f3a7ac4d,7061a3edf75932c9f45951db018d760f,29232723,cfa3d9512dc54846874acc1a56335af4fc9800e51b5556c8c5619c7cf27ece6a,14.0,2026-06-03T15:47:29.045655+00:00,blockrand-drand-quicknet
83f06a3da9fdc74be641e0c5f708011ab66b892e1a6f8e6ce302cbc3f3a7ac4d,7061a3edf75932c9f45951db018d760f,29232724,6219d203f4521cf0eacfb623d2cf29bd380f708f0c4c0d8b365d42ce3ba2c130,32.0,2026-06-03T15:47:29.045695+00:00,blockrand-drand-quicknet
83f06a3da9fdc74be641e0c5f708011ab66b892e1a6f8e6ce302cbc3f3a7ac4d,7061a3edf75932c9f45951db018d760f,29232725,134c388a9520d4eecb0853c555b8dadc0797221c3889dae55cbf627dd54dfbe5,15.0,2026-06-03T15:47:29.045732+00:00,blockrand-drand-quicknet
83f06a3da9fdc74be641e0c5f708011ab66b892e1a6f8e6ce302cbc3f3a7ac4d,7061a3edf75932c9f45951db018d760f,29232726,d5192965ee2382261451a223915ac8c3ecde548b5ea4261aa1a629136935b933,6.0,2026-06-03T15:47:29.045767+00:00,blockrand-drand-quicknet
83f06a3da9fdc74be641e0c5f708011ab66b892e1a6f8e6ce302cbc3f3a7ac4d,7061a3edf75932c9f45951db018d760f,29232727,0a361f98e9558552e48ee7f95bfdd62b24c1b3a7703eb102d9e188a421194b77,93.0,2026-06-03T15:47:29.045802+00:00,blockrand-drand-quicknet
83f06a3da9fdc74be641e0c5f708011ab66b892e1a6f8e6ce302cbc3f3a7ac4d,7061a3edf75932c9f45951db018d760f,29232728,09f93162306670b8f8ef19f726ccb444c2508f5f28daefa0bffc143c4626eb10,51.0,2026-06-03T15:47:29.045845+00:00,blockrand-drand-quicknet
83f06a3da9fdc74be641e0c5f708011ab66b892e1a6f8e6ce302cbc3f3a7ac4d,7061a3edf75932c9f45951db018d760f,29232729,db792cf295db831aab31f78b10fb31724037ff067f16c45dffc539e757b5d65a,67.0,2026-06-03T15:47:29.045883+00:00,blockrand-drand-quicknet
83f06a3da9fdc74be641e0c5f708011ab66b892e1a6f8e6ce302cbc3f3a7ac4d,7061a3edf75932c9f45951db018d760f,29232730,2e995cf1b4bbf11147964d32e3291bf85bd06727ef5fb228188c3b23519b9330,38.0,2026-06-03T15:47:29.045927+00:00,blockrand-drand-quicknet
83f06a3da9fdc74be641e0c5f708011ab66b892e1a6f8e6ce302cbc3f3a7ac4d,7061a3edf75932c9f45951db018d760f,29232731,b1d1e3befe089339d21bba8355e6a45f176b1c10406a1e6d1fb36e172addca2d,59.0,2026-06-03T15:47:29.045971+00:00,blockrand-drand-quicknet
83f06a3da9fdc74be641e0c5f708011ab66b892e1a6f8e6ce302cbc3f3a7ac4d,7061a3edf75932c9f45951db018d760f,29232732,68fe80276c58d8fc10bbe4e638f18a5678842d018fc352cc6e455fd06ba0ae64,16.0,2026-06-03T15:47:29.046008+00:00,blockrand-drand-quicknet
83f06a3da9fdc74be641e0c5f708011ab66b892e1a6f8e6ce302cbc3f3a7ac4d,7061a3edf75932c9f45951db018d760f,29232733,ec69b046c3f0900aa771f727861153ca7c2b4bbe54278c215cf3b673c298b272,83.0,2026-06-03T15:47:29.046044+00:00,blockrand-drand-quicknet
83f06a3da9fdc74be641e0c5f708011ab66b892e1a6f8e6ce302cbc3f3a7ac4d,7061a3edf75932c9f45951db018d760f,29232734,a071a8441ee29417017691117c6cf2d84dbeaf59523b0eb272d78c199c3d5ac5,5.0,2026-06-03T15:47:29.046082+00:00,blockrand-drand-quicknet
83f06a3da9fdc74be641e0c5f708011ab66b892e1a6f8e6ce302cbc3f3a7ac4d,7061a3edf75932c9f45951db018d760f,29232735,4db2d0ddf285d3ab377548c3003839f7f979a620e1d118d33eff8c887e8c473a,10.0,2026-06-03T15:47:29.046119+00:00,blockrand-drand-quicknet
83f06a3da9fdc74be641e0c5f708011ab66b892e1a6f8e6ce302cbc3f3a7ac4d,7061a3edf75932c9f45951db018d760f,29232736,84f837183e871e85d5c768100bf1f9b7f117f4842b0f5b83557e95bc4acf3677,45.0,2026-06-03T15:47:29.046155+00:00,blockrand-drand-quicknet
83f06a3da9fdc74be641e0c5f708011ab66b892e1a6f8e6ce302cbc3f3a7ac4d,7061a3edf75932c9f45951db018d760f,29232737,a3c8911bc06bdf092c888e6e8fd77fb0cf1726440dbf22413f753ada525112ad,56.0,2026-06-03T15:47:29.046192+00:00,blockrand-drand-quicknet
83f06a3da9fdc74be641e0c5f708011ab66b892e1a6f8e6ce302cbc3f3a7ac4d,7061a3edf75932c9f45951db018d760f,29232738,fe1ff3389bc7ca4f8871525e2f8096fef078439e9c8795bae4a7af66450bb4fd,45.0,2026-06-03T15:47:29.046231+00:00,blockrand-drand-quicknet
83f06a3da9fdc74be641e0c5f708011ab66b892e1a6f8e6ce302cbc3f3a7ac4d,7061a3edf75932c9f45951db018d760f,29232739,e8e62c7b3f32c6490c6c6af318607f70cbe205e5753bf0506ec53eb3fb7fe0ae,80.0,2026-06-03T15:47:29.046271+00:00,blockrand-drand-quicknet
83f06a3da9fdc74be641e0c5f708011ab66b892e1a6f8e6ce302cbc3f3a7ac4d,7061a3edf75932c9f45951db018d760f,29232740,664fdabb0af3158327ca886f4aa26c48a82570bc0c6b35df51c889e7200a8ba4,72.0,2026-06-03T15:47:29.046308+00:00,blockrand-drand-quicknet
83f06a3da9fdc74be641e0c5f708011ab66b892e1a6f8e6ce302cbc3f3a7ac4d,7061a3edf75932c9f45951db018d760f,29232741,1d8da0c2e3aaf317bf0d01eeed699eead91f7605100e9894389816eee09f247e,95.0,2026-06-03T15:47:29.046346+00:00,blockrand-drand-quicknet
83f06a3da9fdc74be641e0c5f708011ab66b892e1a6f8e6ce302cbc3f3a7ac4d,7061a3edf75932c9f45951db018d760f,29232742,709f8e8f7f25328fba49bffa2d8bc2f69d8cf74e46a0ac89c7ebabf1571a34a1,12.0,2026-06-03T15:47:29.046384+00:00,blockrand-drand-quicknet
83f06a3da9fdc74be641e0c5f708011ab66b892e1a6f8e6ce302cbc3f3a7ac4d,7061a3edf75932c9f45951db018d760f,29232743,b86bf659c4fcf995ce0614547ad4eebff71815da095d4c57546fec32a044a94c,62.0,2026-06-03T15:47:29.046421+00:00,blockrand-drand-quicknet
83f06a3da9fdc74be641e0c5f708011ab66b892e1a6f8e6ce302cbc3f3a7ac4d,7061a3edf75932c9f45951db018d760f,29232744,aa0ee7116fe8df7df4b2e725312020d6fbac9e86db39b56478ab379166dad319,78.0,2026-06-03T15:47:29.046457+00:00,blockrand-drand-quicknet
83f06a3da9fdc74be641e0c5f708011ab66b892e1a6f8e6ce302cbc3f3a7ac4d,7061a3edf75932c9f45951db018d760f,29232745,537934b1e4917fb84a8456a6660edba73d736b03e0e981c5df28a101b5666798,74.0,2026-06-03T15:47:29.046492+00:00,blockrand-drand-quicknet
83f06a3da9fdc74be641e0c5f708011ab66b892e1a6f8e6ce302cbc3f3a7ac4d,7061a3edf75932c9f45951db018d760f,29232746,a690b2fc1af6ea9edbd816cbdcd9948ff75775067a87023ea4c379e5d4316ce9,61.0,2026-06-03T15:47:29.046528+00:00,blockrand-drand-quicknet
83f06a3da9fdc74be641e0c5f708011ab66b892e1a6f8e6ce302cbc3f3a7ac4d,7061a3edf75932c9f45951db018d760f,29232747,862055a0bcdb3445a28eb1b71a7e042cf6b6c0c6b2aa8ab281a080895259e882,17.0,2026-06-03T15:47:29.046564+00:00,blockrand-drand-quicknet
