server_seed,client_seed,nonce,raw_output,outcome,timestamp,mechanism_id
168f787c03cf2b539e35302e9799484fb4a9cb9de624669856f067c8e88d1b16,example-client-seed-12345,1,9c32cd410cb54a94a7a6f2f15982de7dcda238c9478f4c16747ac2b60bd0909a,61.02,2026-06-03T16:07:46.360284+00:00,hmac-sha256
168f787c03cf2b539e35302e9799484fb4a9cb9de624669856f067c8e88d1b16,example-client-seed-12345,2,4df95e5bca75995ab243676499167a0abf862964cf0be21b0ce6473f3bc6d8d3,30.46,2026-06-03T16:07:46.360365+00:00,hmac-sha256
168f787c03cf2b539e35302e9799484fb4a9cb9de624669856f067c8e88d1b16,example-client-seed-12345,3,d0d0ae5c3589210e23ad5f19ba5f44902ecbd5d3ff1d8400136989a93b273293,81.57,2026-06-03T16:07:46.360422+00:00,hmac-sha256
168f787c03cf2b539e35302e9799484fb4a9cb9de624669856f067c8e88d1b16,example-client-seed-12345,4,83ea04ee7e2a8583ad201cd8d863185ee82ba29258c2352cdd8a3429dcfdc8d3,51.53,2026-06-03T16:07:46.360471+00:00,hmac-sha256
168f787c03cf2b539e35302e9799484fb4a9cb9de624669856f067c8e88d1b16,example-client-seed-12345,5,f886ad6fc86a771d70634fa5f2c896833546e144656ddacb3c2478a4ea82adbc,97.09,2026-06-03T16:07:46.360516+00:00,hmac-sha256
168f787c03cf2b539e35302e9799484fb4a9cb9de624669856f067c8e88d1b16,example-client-seed-12345,6,96ab3e8217f509865ddf8529e5919d865a7877dac182f1729a20dbad6eca53fb,58.86,2026-06-03T16:07:46.360602+00:00,hmac-sha256
168f787c03cf2b539e35302e9799484fb4a9cb9de624669856f067c8e88d1b16,example-client-seed-12345,7,279ac664937877ac0e446f33680a126d3fa366b46324c5b2df281bc10001b0e1,15.47,2026-06-03T16:07:46.360661+00:00,hmac-sha256
168f787c03cf2b539e35302e9799484fb4a9cb9de624669856f067c8e88d1b16,example-client-seed-12345,8,f1b97339341ec7e7db95b81b80cb12fcbe01ad7b022b99f58d59dfa00761faf7,94.43,2026-06-03T16:07:46.360703+00:00,hmac-sha256
168f787c03cf2b539e35302e9799484fb4a9cb9de624669856f067c8e88d1b16,example-client-seed-12345,9,78a3b54d5e6f674b33885ba150ceafdfa88a3453dfbfbe562b9ac13ed94cd39e,47.12,2026-06-03T16:07:46.360743+00:00,hmac-sha256
168f787c03cf2b539e35302e9799484fb4a9cb9de624669856f067c8e88d1b16,example-client-seed-12345,10,b997d38be8b0777bb7583731e4fee61784a15496f48be80078731d30835c64d7,72.5,2026-06-03T16:07:46.360785+00:00,hmac-sha256
168f787c03cf2b539e35302e9799484fb4a9cb9de624669856f067c8e88d1b16,example-client-seed-12345,11,42b85738d7dc12d6a0fee110cde28e874a7d66a1d10fc548c7532729b19c048e,26.06,2026-06-03T16:07:46.360827+00:00,hmac-sha256
168f787c03cf2b539e35302e9799484fb4a9cb9de624669856f067c8e88d1b16,example-client-seed-12345,12,e1667372e8b751d9f2db9da14f77a6ae7d898fc2b1c9f853657f1c9a2bdaded1,88.05,2026-06-03T16:07:46.360868+00:00,hmac-sha256
168f787c03cf2b539e35302e9799484fb4a9cb9de624669856f067c8e88d1b16,example-client-seed-12345,13,a3b508a2fea0e286e0c3c4d6d38e4d068af762d9078b2d631e595deccba750af,63.95,2026-06-03T16:07:46.360908+00:00,hmac-sha256
168f787c03cf2b539e35302e9799484fb4a9cb9de624669856f067c8e88d1b16,example-client-seed-12345,14,c4187760f1647905fd3f0512f3b96fddfbabd4905805a74726bbb802602bc64b,76.6,2026-06-03T16:07:46.360946+00:00,hmac-sha256
168f787c03cf2b539e35302e9799484fb4a9cb9de624669856f067c8e88d1b16,example-client-seed-12345,15,c7870341d784647579a77e2a566862a108b7a9e47af14b983d810bdce45341e8,77.94,2026-06-03T16:07:46.360984+00:00,hmac-sha256
168f787c03cf2b539e35302e9799484fb4a9cb9de624669856f067c8e88d1b16,example-client-seed-12345,16,b4b2aad60645812e6a66536a9ceb12d103c9eb4c52ebd223559f8deed482f1c4,70.59,2026-06-03T16:07:46.361020+00:00,hmac-sha256
168f787c03cf2b539e35302e9799484fb4a9cb9de624669856f067c8e88d1b16,example-client-seed-12345,17,432917b70cb177fca54348b57e480960e5100fb9bb690b740024ca4b8db2b79b,26.23,2026-06-03T16:07:46.361067+00:00,hmac-sha256
168f787c03cf2b539e35302e9799484fb4a9cb9de624669856f067c8e88d1b16,example-client-seed-12345,18,2f16c74c3e93e998b9a84a6ac3e5e1cd4b118b59eac9122979f1de2a28374ff6,18.39,2026-06-03T16:07:46.361103+00:00,hmac-sha256
168f787c03cf2b539e35302e9799484fb4a9cb9de624669856f067c8e88d1b16,example-client-seed-12345,19,5a355efc6e0f332e8201114a108f9f11d6640aea8d8d96d913403d2f22ad9610,35.24,2026-06-03T16:07:46.361146+00:00,hmac-sha256
168f787c03cf2b539e35302e9799484fb4a9cb9de624669856f067c8e88d1b16,example-client-seed-12345,20,992e08e893f6d3a3efd004e62dd52d3b667254a3e05d5cc82d5e297ae1528a94,59.84,2026-06-03T16:07:46.361188+00:00,hmac-sha256
168f787c03cf2b539e35302e9799484fb4a9cb9de624669856f067c8e88d1b16,example-client-seed-12345,21,b78afaae95053dad5b8b4a615453b75fa53a62198fe7a584b0a0dd01e1edd87a,71.7,2026-06-03T16:07:46.361228+00:00,hmac-sha256
168f787c03cf2b539e35302e9799484fb4a9cb9de624669856f067c8e88d1b16,example-client-seed-12345,22,67ccdb0da6ec83ba7f4ff77712ecd2bedde7eb04ef3b7c4bb2c6005b895d03ac,40.55,2026-06-03T16:07:46.361267+00:00,hmac-sha256
168f787c03cf2b539e35302e9799484fb4a9cb9de624669856f067c8e88d1b16,example-client-seed-12345,23,5caa98f1e492059b6bd6814b057119334427fd90bb21e4ff21e90ed2c0706e76,36.2,2026-06-03T16:07:46.361306+00:00,hmac-sha256
168f787c03cf2b539e35302e9799484fb4a9cb9de624669856f067c8e88d1b16,example-client-seed-12345,24,6c59d45238c3b109dd816d3159786dd3d61c3f03352676a0865f48c1f4d1183d,42.32,2026-06-03T16:07:46.361346+00:00,hmac-sha256
168f787c03cf2b539e35302e9799484fb4a9cb9de624669856f067c8e88d1b16,example-client-seed-12345,25,d117abd016bc003c006dfb2f130079724345c145a2476ec3fd1fc95464bf6e57,81.68,2026-06-03T16:07:46.361382+00:00,hmac-sha256
168f787c03cf2b539e35302e9799484fb4a9cb9de624669856f067c8e88d1b16,example-client-seed-12345,26,043a7d0fb8a6d9ae72ed21c14d96263d47698c7a50afd971dacdf0c11ebfdb03,1.65,2026-06-03T16:07:46.361460+00:00,hmac-sha256
168f787c03cf2b539e35302e9799484fb4a9cb9de624669856f067c8e88d1b16,example-client-seed-12345,27,d1ea2c4c56a5f7ad8ef97b9ad4b07691d953518e1fbbf84e02a767dff4417e78,82.0,2026-06-03T16:07:46.361504+00:00,hmac-sha256
168f787c03cf2b539e35302e9799484fb4a9cb9de624669856f067c8e88d1b16,example-client-seed-12345,28,978c0b8f6e99bbb16f144f9c73608706ee0183c0fd8950eea7a09ee8ece1b34f,59.2,2026-06-03T16:07:46.361543+00:00,hmac-sha256
168f787c03cf2b539e35302e9799484fb4a9cb9de624669856f067c8e88d1b16,example-client-seed-12345,29,7a93f628526636fe7c567c29027852a8d9258d6b75b1c864c00c407005d0be4a,47.88,2026-06-03T16:07:46.361582+00:00,hmac-sha256
168f787c03cf2b539e35302e9799484fb4a9cb9de624669856f067c8e88d1b16,example-client-seed-12345,30,a098c2e955770d8fdc4758fc9033366270393dda66bb83bb4ec0462cc80a7c38,62.73,2026-06-03T16:07:46.361619+00:00,hmac-sha256
168f787c03cf2b539e35302e9799484fb4a9cb9de624669856f067c8e88d1b16,example-client-seed-12345,31,fdddaddee20af582aa29178a7218bac3ed5a3f1d136ae18e8bb7a85b23c22964,99.17,2026-06-03T16:07:46.361659+00:00,hmac-sha256
168f787c03cf2b539e35302e9799484fb4a9cb9de624669856f067c8e88d1b16,example-client-seed-12345,32,7d9bbc84e5c3ce0f14142b12632737db3ff3b93dd47f3f2e63ebcebfeafc38a5,49.07,2026-06-03T16:07:46.361695+00:00,hmac-sha256
168f787c03cf2b539e35302e9799484fb4a9cb9de624669856f067c8e88d1b16,example-client-seed-12345,33,35a7f8b422fe8fbb969ccac848c37a083b9a099903f34ad5b5cafa7ddf814dd0,20.96,2026-06-03T16:07:46.361732+00:00,hmac-sha256
168f787c03cf2b539e35302e9799484fb4a9cb9de624669856f067c8e88d1b16,example-client-seed-12345,34,f491693193b76bc69d2464e0d216a3cb25ea895d8e525ff3b15121db7f82fc18,95.54,2026-06-03T16:07:46.361769+00:00,hmac-sha256
168f787c03cf2b539e35302e9799484fb4a9cb9de624669856f067c8e88d1b16,example-client-seed-12345,35,8f08d0054dc00838b41f908ade1b52b9892d0d150647919a293a656a96c83f1d,55.87,2026-06-03T16:07:46.361808+00:00,hmac-sha256
168f787c03cf2b539e35302e9799484fb4a9cb9de624669856f067c8e88d1b16,example-client-seed-12345,36,88b3bac8b378f7c99b5df88052cfee9244c24230a4b40c7064e78642cb835225,53.4,2026-06-03T16:07:46.361845+00:00,hmac-sha256
168f787c03cf2b539e35302e9799484fb4a9cb9de624669856f067c8e88d1b16,example-client-seed-12345,37,0941ebcb6210c84116d921de1acbaaa0a76d8a885bb07d052c922d1f428248da,3.61,2026-06-03T16:07:46.361884+00:00,hmac-sha256
168f787c03cf2b539e35302e9799484fb4a9cb9de624669856f067c8e88d1b16,example-client-seed-12345,38,ed8aaa37e29d30067331c68cfc4ec6b1336f37db479b5f7b9a12f0d196be5c3a,92.79,2026-06-03T16:07:46.361920+00:00,hmac-sha256
168f787c03cf2b539e35302e9799484fb4a9cb9de624669856f067c8e88d1b16,example-client-seed-12345,39,884d5f9cd8edc762074918968d0520072b86b6b388f21078c12be53b56e8b833,53.24,2026-06-03T16:07:46.361956+00:00,hmac-sha256
168f787c03cf2b539e35302e9799484fb4a9cb9de624669856f067c8e88d1b16,example-client-seed-12345,40,25873add5beb24f50bd40f10e9fde0d40242823cdc3a23f44032423e3d7ef395,14.66,2026-06-03T16:07:46.361995+00:00,hmac-sha256
168f787c03cf2b539e35302e9799484fb4a9cb9de624669856f067c8e88d1b16,example-client-seed-12345,41,fc075e7ed9392124dfb9394ed240303db1a56a79b976da718fd068642b2f3775,98.45,2026-06-03T16:07:46.362032+00:00,hmac-sha256
168f787c03cf2b539e35302e9799484fb4a9cb9de624669856f067c8e88d1b16,example-client-seed-12345,42,ce7441be9e646d64cc87cf190912c5acadabdbafd91d719d9ee5a2dad88baa64,80.65,2026-06-03T16:07:46.362068+00:00,hmac-sha256
168f787c03cf2b539e35302e9799484fb4a9cb9de624669856f067c8e88d1b16,example-client-seed-12345,43,42aabe35b82bbd5bdbd2d57e677db0838dfd61de00f07ca29eb3df0de073e270,26.04,2026-06-03T16:07:46.362104+00:00,hmac-sha256
168f787c03cf2b539e35302e9799484fb4a9cb9de624669856f067c8e88d1b16,example-client-seed-12345,44,91e9618b90679fc341e82a85483a05722893d3596264ce73685724e8a4add32e,57.0,2026-06-03T16:07:46.362140+00:00,hmac-sha256
168f787c03cf2b539e35302e9799484fb4a9cb9de624669856f067c8e88d1b16,example-client-seed-12345,45,d982fac913c4d4a0d2924109f3303c190276d128dbe0a1a908c65b7ecf428942,84.97,2026-06-03T16:07:46.362178+00:00,hmac-sha256
168f787c03cf2b539e35302e9799484fb4a9cb9de624669856f067c8e88d1b16,example-client-seed-12345,46,768b628be0cb4a0b39747de77be1e8f0c6f83f1825147d704818ba9ef682f9b5,46.31,2026-06-03T16:07:46.362216+00:00,hmac-sha256
168f787c03cf2b539e35302e9799484fb4a9cb9de624669856f067c8e88d1b16,example-client-seed-12345,47,a079218d9c384bfcc4a127f38edde747eeba80ae1bcff8f6b8eacf1ae8817492,62.69,2026-06-03T16:07:46.362254+00:00,hmac-sha256
168f787c03cf2b539e35302e9799484fb4a9cb9de624669856f067c8e88d1b16,example-client-seed-12345,48,94fd2d4daecb3e83b44411020b384fc676a3457c319dee00e9ff98b536c2cd15,58.2,2026-06-03T16:07:46.362292+00:00,hmac-sha256
168f787c03cf2b539e35302e9799484fb4a9cb9de624669856f067c8e88d1b16,example-client-seed-12345,49,6dc3d6016125b272af52f073e86524af32b293c089f7691e14ad1b871f5e441b,42.88,2026-06-03T16:07:46.362330+00:00,hmac-sha256
168f787c03cf2b539e35302e9799484fb4a9cb9de624669856f067c8e88d1b16,example-client-seed-12345,50,77b72738b9113417604a5d72e8ea003b337d14f4395cf89e663e78a0f8a63265,46.76,2026-06-03T16:07:46.362365+00:00,hmac-sha256
168f787c03cf2b539e35302e9799484fb4a9cb9de624669856f067c8e88d1b16,example-client-seed-12345,51,6908bcd51f19bf2a45ef90c33c75003f4a19a56cb5db8ef56205dabf23ecd767,41.03,2026-06-03T16:07:46.362401+00:00,hmac-sha256
168f787c03cf2b539e35302e9799484fb4a9cb9de624669856f067c8e88d1b16,example-client-seed-12345,52,12d1291dda831e595dfcee2ec7940074f4d9247e30177e71f2ef9484bc08da24,7.35,2026-06-03T16:07:46.362437+00:00,hmac-sha256
168f787c03cf2b539e35302e9799484fb4a9cb9de624669856f067c8e88d1b16,example-client-seed-12345,53,0bd67ff16c0b48f9bdfca4f3a5ef79240138ba9fb2e2df40d85344327e03d4bf,4.62,2026-06-03T16:07:46.362474+00:00,hmac-sha256
168f787c03cf2b539e35302e9799484fb4a9cb9de624669856f067c8e88d1b16,example-client-seed-12345,54,e42b9fb655d04cbeef3127994891d10a22706e6755e2b18de85952f3919a2990,89.13,2026-06-03T16:07:46.362513+00:00,hmac-sha256
168f787c03cf2b539e35302e9799484fb4a9cb9de624669856f067c8e88d1b16,example-client-seed-12345,55,ec6d3358d97e68a3081f53a50ef6aa77471bb30f52fa880c51c5b9da793fbff8,92.36,2026-06-03T16:07:46.362554+00:00,hmac-sha256
168f787c03cf2b539e35302e9799484fb4a9cb9de624669856f067c8e88d1b16,example-client-seed-12345,56,01705cfeea5235b4be5e2ef51b3821b0e3b1bc6f1bb90836ad7eca0ab8476279,0.56,2026-06-03T16:07:46.362590+00:00,hmac-sha256
168f787c03cf2b539e35302e9799484fb4a9cb9de624669856f067c8e88d1b16,example-client-seed-12345,57,d5e76e11efcc7507c879f98b39d4445d8bc9e55e23b60ac4a0e5e4c488d47304,83.56,2026-06-03T16:07:46.362626+00:00,hmac-sha256
168f787c03cf2b539e35302e9799484fb4a9cb9de624669856f067c8e88d1b16,example-client-seed-12345,58,43bb5486f1922ca03603b071a4a2459d8731f4350647e688a60b414dcead4c8e,26.46,2026-06-03T16:07:46.362662+00:00,hmac-sha256
168f787c03cf2b539e35302e9799484fb4a9cb9de624669856f067c8e88d1b16,example-client-seed-12345,59,4ae17a57e7877f9f0ee1812fb17fe5278828de98d54af0d696ed53c42ce5a87d,29.25,2026-06-03T16:07:46.362698+00:00,hmac-sha256
168f787c03cf2b539e35302e9799484fb4a9cb9de624669856f067c8e88d1b16,example-client-seed-12345,60,36d086bfab85433d57954f5e7b5c5b1f441921158d560fe54658857b4194aa2b,21.41,2026-06-03T16:07:46.362737+00:00,hmac-sha256
168f787c03cf2b539e35302e9799484fb4a9cb9de624669856f067c8e88d1b16,example-client-seed-12345,61,3914cdb11c329643a496013a1eadd4abcfd6580dfd8201c21aed8fe5ae089a0f,22.29,2026-06-03T16:07:46.362772+00:00,hmac-sha256
168f787c03cf2b539e35302e9799484fb4a9cb9de624669856f067c8e88d1b16,example-client-seed-12345,62,95145e9575dfd604db4fbab9e00ee6761db3106521c70c2c2514f5fb688570ae,58.24,2026-06-03T16:07:46.362809+00:00,hmac-sha256
168f787c03cf2b539e35302e9799484fb4a9cb9de624669856f067c8e88d1b16,example-client-seed-12345,63,cd2dc69a3c618d51cb04cdd747887063a5cf40ff575b3efe9e42e92d24479c6b,80.15,2026-06-03T16:07:46.362876+00:00,hmac-sha256
168f787c03cf2b539e35302e9799484fb4a9cb9de624669856f067c8e88d1b16,example-client-seed-12345,64,72a6a3b5a85ff89c7e512f50506bd020530f141282d6b5603eef37a822131cac,44.79,2026-06-03T16:07:46.363080+00:00,hmac-sha256
168f787c03cf2b539e35302e9799484fb4a9cb9de624669856f067c8e88d1b16,example-client-seed-12345,65,109180f67e4413b7a2dda6c8121204149f9c2e9b137661e46a831abffe37598f,6.47,2026-06-03T16:07:46.363279+00:00,hmac-sha256
168f787c03cf2b539e35302e9799484fb4a9cb9de624669856f067c8e88d1b16,example-client-seed-12345,66,f8f969954a9746d40b983748a4dc2c47a54c87e2220658e1f61ffd2412f1a2d3,97.26,2026-06-03T16:07:46.363341+00:00,hmac-sha256
168f787c03cf2b539e35302e9799484fb4a9cb9de624669856f067c8e88d1b16,example-client-seed-12345,67,9d39a7b14a44a068f645961c215d899e65da1e00975d60662a745a1270f09089,61.42,2026-06-03T16:07:46.363400+00:00,hmac-sha256
168f787c03cf2b539e35302e9799484fb4a9cb9de624669856f067c8e88d1b16,example-client-seed-12345,68,c3645e3e87be2f8f3f36d7a30296012637bcedad948eef64efd40902e2780cc4,76.33,2026-06-03T16:07:46.363441+00:00,hmac-sha256
168f787c03cf2b539e35302e9799484fb4a9cb9de624669856f067c8e88d1b16,example-client-seed-12345,69,e429ccb4b8e0c654d41c5ef4f94fc6e1f9c6c85ae39be270e7bdc51295629cb1,89.13,2026-06-03T16:07:46.363481+00:00,hmac-sha256
168f787c03cf2b539e35302e9799484fb4a9cb9de624669856f067c8e88d1b16,example-client-seed-12345,70,619a1cc0849562b2e60c8509674629b785dc3352dc3be6750376405ed0b5fb61,38.12,2026-06-03T16:07:46.363530+00:00,hmac-sha256
48cb4f79175c56c1aeb03b213b835ddd68e8bc1353979a65163d83af493ae36a,example-client-seed-12345,1,2d407438bda77113fd37fad2a27cb14a8e814037f2855dce22d47b92e4c6a994,17.67,2026-06-03T16:07:46.363600+00:00,hmac-sha256
48cb4f79175c56c1aeb03b213b835ddd68e8bc1353979a65163d83af493ae36a,example-client-seed-12345,2,c365a44b162acac248df2d6bdc8dc036a8ce65aecab840bc782362db0cb438c0,76.33,2026-06-03T16:07:46.363640+00:00,hmac-sha256
48cb4f79175c56c1aeb03b213b835ddd68e8bc1353979a65163d83af493ae36a,example-client-seed-12345,3,da6348f1075895379db5dd6f82cf7a42dfa17d80fd05cccb724fc94574161f10,85.31,2026-06-03T16:07:46.363676+00:00,hmac-sha256
48cb4f79175c56c1aeb03b213b835ddd68e8bc1353979a65163d83af493ae36a,example-client-seed-12345,4,0d050c9ba6f96df98327f1e039b15b6cf7df7258bf37be8b481e734ef628261d,5.08,2026-06-03T16:07:46.363721+00:00,hmac-sha256
48cb4f79175c56c1aeb03b213b835ddd68e8bc1353979a65163d83af493ae36a,example-client-seed-12345,5,7ad13f97005281aaf460697130a14b59c162319e73201ee1eb434d57657b7ee3,47.98,2026-06-03T16:07:46.363759+00:00,hmac-sha256
48cb4f79175c56c1aeb03b213b835ddd68e8bc1353979a65163d83af493ae36a,example-client-seed-12345,6,897c328e9ecb867d5b3271a4197bd2843e5ecf63c2972f43e6860d49b7269cf0,53.71,2026-06-03T16:07:46.363795+00:00,hmac-sha256
48cb4f79175c56c1aeb03b213b835ddd68e8bc1353979a65163d83af493ae36a,example-client-seed-12345,7,ed8db4f9d7bf1f81f54f9395468dffb9cf0ae26bccea4346abe65f3e8f309b40,92.8,2026-06-03T16:07:46.363833+00:00,hmac-sha256
48cb4f79175c56c1aeb03b213b835ddd68e8bc1353979a65163d83af493ae36a,example-client-seed-12345,8,47f03150d48d96b62c5cc16a0dbe6e0ad5375c6301dde11154caaba0d2657466,28.1,2026-06-03T16:07:46.363872+00:00,hmac-sha256
48cb4f79175c56c1aeb03b213b835ddd68e8bc1353979a65163d83af493ae36a,example-client-seed-12345,9,32c07475cd99c5d921580e4779d79c5cda00b265e76a66a4b7527416adda5b9a,19.82,2026-06-03T16:07:46.363915+00:00,hmac-sha256
48cb4f79175c56c1aeb03b213b835ddd68e8bc1353979a65163d83af493ae36a,example-client-seed-12345,10,c089c129806b482a566ee8636d7342e8cee12d870d5fed56b53ad93e198ed8d4,75.21,2026-06-03T16:07:46.363953+00:00,hmac-sha256
48cb4f79175c56c1aeb03b213b835ddd68e8bc1353979a65163d83af493ae36a,example-client-seed-12345,11,76ca9f73df183069450e14a53cb742dddfec9175e5998b2787b2061f2ae2635d,46.4,2026-06-03T16:07:46.363990+00:00,hmac-sha256
48cb4f79175c56c1aeb03b213b835ddd68e8bc1353979a65163d83af493ae36a,example-client-seed-12345,12,3e87851ef5478b7f468c524bf4af6778f019723f69ff0578c2b9b33b8243e370,24.42,2026-06-03T16:07:46.364027+00:00,hmac-sha256
48cb4f79175c56c1aeb03b213b835ddd68e8bc1353979a65163d83af493ae36a,example-client-seed-12345,13,4225dfc04f10d35e67b1f7898286dc54fc95da095a4f25226ddcee75c69fa00f,25.84,2026-06-03T16:07:46.364069+00:00,hmac-sha256
48cb4f79175c56c1aeb03b213b835ddd68e8bc1353979a65163d83af493ae36a,example-client-seed-12345,14,8d2d1080c8e238a6b7374972dc2373d5b25a5e7c398785cfe26d447beb6e52d3,55.15,2026-06-03T16:07:46.364116+00:00,hmac-sha256
48cb4f79175c56c1aeb03b213b835ddd68e8bc1353979a65163d83af493ae36a,example-client-seed-12345,15,01449c24073eb30ea6889d3221a20fae51a9723e07c723cd82ae4b9e31dad3bb,0.49,2026-06-03T16:07:46.364158+00:00,hmac-sha256
48cb4f79175c56c1aeb03b213b835ddd68e8bc1353979a65163d83af493ae36a,example-client-seed-12345,16,58952ef9be87560d3aff6b7ed674c7ddbdce97e5fe0b8591cb7c812b4abd4774,34.6,2026-06-03T16:07:46.364196+00:00,hmac-sha256
48cb4f79175c56c1aeb03b213b835ddd68e8bc1353979a65163d83af493ae36a,example-client-seed-12345,17,05bf34a775014999c6813b174947d9cc6e23358f8e2c2e79f401d93fda59a602,2.24,2026-06-03T16:07:46.364235+00:00,hmac-sha256
48cb4f79175c56c1aeb03b213b835ddd68e8bc1353979a65163d83af493ae36a,example-client-seed-12345,18,446484379432a5151e62fedf0667b8b813cf236005ff805f17dec03125eba18b,26.71,2026-06-03T16:07:46.364272+00:00,hmac-sha256
48cb4f79175c56c1aeb03b213b835ddd68e8bc1353979a65163d83af493ae36a,example-client-seed-12345,19,efb3fe4493c186276ccbec6503fbc5f7ffd80d29a0f23f13c44a8404bfe6dfdc,93.64,2026-06-03T16:07:46.364308+00:00,hmac-sha256
48cb4f79175c56c1aeb03b213b835ddd68e8bc1353979a65163d83af493ae36a,example-client-seed-12345,20,363e2e69a116f62b6adaddd8980eb141270f94c0a0fc5bbdc198a9cbd96093e9,21.19,2026-06-03T16:07:46.364344+00:00,hmac-sha256
48cb4f79175c56c1aeb03b213b835ddd68e8bc1353979a65163d83af493ae36a,example-client-seed-12345,21,9dede0816ff0580482997ffe438b967caa7e439413e38c34e8caafb52ae04ff1,61.69,2026-06-03T16:07:46.364382+00:00,hmac-sha256
48cb4f79175c56c1aeb03b213b835ddd68e8bc1353979a65163d83af493ae36a,example-client-seed-12345,22,73a5edbb6cd6732873a1908c1f00811aa7e7149f7f67e452df79bbd426f51dc0,45.17,2026-06-03T16:07:46.364419+00:00,hmac-sha256
48cb4f79175c56c1aeb03b213b835ddd68e8bc1353979a65163d83af493ae36a,example-client-seed-12345,23,9ab0f6074773cc77f5454711aecdb01a46d3ccd3fa19bf51f23c26574facae5a,60.43,2026-06-03T16:07:46.364516+00:00,hmac-sha256
48cb4f79175c56c1aeb03b213b835ddd68e8bc1353979a65163d83af493ae36a,example-client-seed-12345,24,495fc1d8f40583f64bfa25784f218ab73ed044db1e9073e4c3b10b08d89e04b1,28.66,2026-06-03T16:07:46.364613+00:00,hmac-sha256
48cb4f79175c56c1aeb03b213b835ddd68e8bc1353979a65163d83af493ae36a,example-client-seed-12345,25,a97bd529da77e5547b0c6dd31e48cf50733538610db9be6fd494bf1dc731d75f,66.21,2026-06-03T16:07:46.364659+00:00,hmac-sha256
48cb4f79175c56c1aeb03b213b835ddd68e8bc1353979a65163d83af493ae36a,example-client-seed-12345,26,9c7ee0d81eca2b2aec64c5101f78511ee784a1835cb1c723574b05f761aee415,61.13,2026-06-03T16:07:46.364700+00:00,hmac-sha256
48cb4f79175c56c1aeb03b213b835ddd68e8bc1353979a65163d83af493ae36a,example-client-seed-12345,27,0fa394fbe4a81c89dcfe5975dfb4c193a812b1cb39d51427bc3c64d303645feb,6.1,2026-06-03T16:07:46.364735+00:00,hmac-sha256
48cb4f79175c56c1aeb03b213b835ddd68e8bc1353979a65163d83af493ae36a,example-client-seed-12345,28,9c073662fb595d849630f4ff747efd10550d88fe41b47145ce94dedaf967cd78,60.95,2026-06-03T16:07:46.364770+00:00,hmac-sha256
48cb4f79175c56c1aeb03b213b835ddd68e8bc1353979a65163d83af493ae36a,example-client-seed-12345,29,354ff9368fe602244d109bfde914efb75d1bc3d1370a983b27ecbabc55d5698f,20.82,2026-06-03T16:07:46.364807+00:00,hmac-sha256
48cb4f79175c56c1aeb03b213b835ddd68e8bc1353979a65163d83af493ae36a,example-client-seed-12345,30,1405ef944a7d015afba66c8be41aba2327cdb38f94b765adebaa19832e38cd72,7.82,2026-06-03T16:07:46.364845+00:00,hmac-sha256
48cb4f79175c56c1aeb03b213b835ddd68e8bc1353979a65163d83af493ae36a,example-client-seed-12345,31,bad8691f5327cba54e172cbda9874f4919d5b0bd1e7077ad4671e64bc1be0eb9,72.99,2026-06-03T16:07:46.364882+00:00,hmac-sha256
48cb4f79175c56c1aeb03b213b835ddd68e8bc1353979a65163d83af493ae36a,example-client-seed-12345,32,8fcd83735e4829f25cbe399d3e251cf7cc6d456cc7abdfcb612d863a3601b082,56.17,2026-06-03T16:07:46.364918+00:00,hmac-sha256
48cb4f79175c56c1aeb03b213b835ddd68e8bc1353979a65163d83af493ae36a,example-client-seed-12345,33,10739e478d8cc73c0a305002431774f289fd015d8892f05fba940e201f3093ac,6.42,2026-06-03T16:07:46.364957+00:00,hmac-sha256
48cb4f79175c56c1aeb03b213b835ddd68e8bc1353979a65163d83af493ae36a,example-client-seed-12345,34,deaf80674a3da4ea55480b4d48fc54d40871c17a4f4d513ea7f5237db6b812ac,86.99,2026-06-03T16:07:46.364993+00:00,hmac-sha256
48cb4f79175c56c1aeb03b213b835ddd68e8bc1353979a65163d83af493ae36a,example-client-seed-12345,35,10107edce4f287c713424d21d069a9fd518d92880a6d32150d812ab21461cedf,6.27,2026-06-03T16:07:46.365029+00:00,hmac-sha256
48cb4f79175c56c1aeb03b213b835ddd68e8bc1353979a65163d83af493ae36a,example-client-seed-12345,36,37f4cf2975c7f1a71f85948c42edddc57645905b993c5728cc061920c58f7ad4,21.86,2026-06-03T16:07:46.365064+00:00,hmac-sha256
48cb4f79175c56c1aeb03b213b835ddd68e8bc1353979a65163d83af493ae36a,example-client-seed-12345,37,b01efdc9ecd777918949c0e70d1d2956e950379c17d94667317aab6824232385,68.8,2026-06-03T16:07:46.365100+00:00,hmac-sha256
48cb4f79175c56c1aeb03b213b835ddd68e8bc1353979a65163d83af493ae36a,example-client-seed-12345,38,1a88e6f04a99142eb82ff6f125ce451ee0ad63f027e873d0199f146783bcad9c,10.36,2026-06-03T16:07:46.365135+00:00,hmac-sha256
48cb4f79175c56c1aeb03b213b835ddd68e8bc1353979a65163d83af493ae36a,example-client-seed-12345,39,b78bb673c51cbff5befd064b5d1e8dc2deab29011dbc4f2e07e446f932ffba9c,71.7,2026-06-03T16:07:46.365173+00:00,hmac-sha256
48cb4f79175c56c1aeb03b213b835ddd68e8bc1353979a65163d83af493ae36a,example-client-seed-12345,40,293f174693cc66b527592debafe972c64a7e05f55e8c6202192dc175c9c89c76,16.11,2026-06-03T16:07:46.365263+00:00,hmac-sha256
48cb4f79175c56c1aeb03b213b835ddd68e8bc1353979a65163d83af493ae36a,example-client-seed-12345,41,860ab044c4cfe3eb6739d26031b748a8acdc2b7e1542a028c922f604aea57398,52.36,2026-06-03T16:07:46.365301+00:00,hmac-sha256
48cb4f79175c56c1aeb03b213b835ddd68e8bc1353979a65163d83af493ae36a,example-client-seed-12345,42,7b1670f394681fe067b69e732e54b78c3fa5ab5f37be104d091db324182c2b0e,48.08,2026-06-03T16:07:46.365336+00:00,hmac-sha256
48cb4f79175c56c1aeb03b213b835ddd68e8bc1353979a65163d83af493ae36a,example-client-seed-12345,43,7d13a888d671a5b2dbe610da59289dd8a5088764347259e32c729084b367faa9,48.86,2026-06-03T16:07:46.365370+00:00,hmac-sha256
48cb4f79175c56c1aeb03b213b835ddd68e8bc1353979a65163d83af493ae36a,example-client-seed-12345,44,ef00c09f9fbf5a9edb659d042bac35c192e3a32dab6f43c3fa37cec214f2c85d,93.36,2026-06-03T16:07:46.365405+00:00,hmac-sha256
48cb4f79175c56c1aeb03b213b835ddd68e8bc1353979a65163d83af493ae36a,example-client-seed-12345,45,56004cbaa6f0d66ced03437efa4a9424567b81bb5cb0e1cd1fbe1f00ec1b03af,33.59,2026-06-03T16:07:46.365439+00:00,hmac-sha256
48cb4f79175c56c1aeb03b213b835ddd68e8bc1353979a65163d83af493ae36a,example-client-seed-12345,46,4bcebdd279ea62d451d8fa138490c48657a7942f77821446c8dadf3d278a2fff,29.61,2026-06-03T16:07:46.365474+00:00,hmac-sha256
48cb4f79175c56c1aeb03b213b835ddd68e8bc1353979a65163d83af493ae36a,example-client-seed-12345,47,13b9300f3dd71e6e1ee2d242ac64e0640a1c2daa3be496f5f0ac185cab07b299,7.7,2026-06-03T16:07:46.365509+00:00,hmac-sha256
48cb4f79175c56c1aeb03b213b835ddd68e8bc1353979a65163d83af493ae36a,example-client-seed-12345,48,334f1ad66f68df57d9072b4d87b84d39c85ca911d79ac7850c7c57aa6329002d,20.04,2026-06-03T16:07:46.365546+00:00,hmac-sha256
48cb4f79175c56c1aeb03b213b835ddd68e8bc1353979a65163d83af493ae36a,example-client-seed-12345,49,2ec2bffd9062eb4b18c87712c3ec22852d3f16e5f7115dace0a07aeee5f49552,18.26,2026-06-03T16:07:46.365582+00:00,hmac-sha256
48cb4f79175c56c1aeb03b213b835ddd68e8bc1353979a65163d83af493ae36a,example-client-seed-12345,50,185d787aec6f94bd016699f832273a5040cb7b021ccefcc5faeb9bd30dbe2ce6,9.51,2026-06-03T16:07:46.365617+00:00,hmac-sha256
48cb4f79175c56c1aeb03b213b835ddd68e8bc1353979a65163d83af493ae36a,example-client-seed-12345,51,d7ffb893b20d0686b1af41b805f176c2249a1dd45bee2b8aba12531947476d7f,84.38,2026-06-03T16:07:46.365653+00:00,hmac-sha256
48cb4f79175c56c1aeb03b213b835ddd68e8bc1353979a65163d83af493ae36a,example-client-seed-12345,52,83b16f8b4abeca36ce5136f50813a7de27df4da8df85766296b3004fe1443fdd,51.44,2026-06-03T16:07:46.365695+00:00,hmac-sha256
48cb4f79175c56c1aeb03b213b835ddd68e8bc1353979a65163d83af493ae36a,example-client-seed-12345,53,82dadf5f04d72f9c491463ccb2862e5e8696a43ad4f1d39555992271d746d027,51.12,2026-06-03T16:07:46.365823+00:00,hmac-sha256
48cb4f79175c56c1aeb03b213b835ddd68e8bc1353979a65163d83af493ae36a,example-client-seed-12345,54,7f9d7230771903262f1135a3dc20ad31c1cd51ff08a2659f2c09c94c2752274d,49.85,2026-06-03T16:07:46.365859+00:00,hmac-sha256
48cb4f79175c56c1aeb03b213b835ddd68e8bc1353979a65163d83af493ae36a,example-client-seed-12345,55,0e12e9b8e43b23cf876bc826a435f8e62ef8779223ab2ca80d43ca41b2b9ca46,5.49,2026-06-03T16:07:46.365896+00:00,hmac-sha256
48cb4f79175c56c1aeb03b213b835ddd68e8bc1353979a65163d83af493ae36a,example-client-seed-12345,56,491121c8c423373c58afdb24a57d5d7d48e31680cc951d0d48e3bc0877868541,28.54,2026-06-03T16:07:46.365931+00:00,hmac-sha256
48cb4f79175c56c1aeb03b213b835ddd68e8bc1353979a65163d83af493ae36a,example-client-seed-12345,57,0e11fdaf5ec747c9e420238a90f595778b0ce19ef9db36f1904d4911c8c23154,5.49,2026-06-03T16:07:46.365969+00:00,hmac-sha256
48cb4f79175c56c1aeb03b213b835ddd68e8bc1353979a65163d83af493ae36a,example-client-seed-12345,58,c42319c625d383a9d7be42b26c96fec29149ee87ceb43fe5b82c31d3e9473a23,76.62,2026-06-03T16:07:46.366006+00:00,hmac-sha256
48cb4f79175c56c1aeb03b213b835ddd68e8bc1353979a65163d83af493ae36a,example-client-seed-12345,59,50585975c605e54f60725bf86c38ee4c89651be48f0cfd27b1eae47b520d6743,31.38,2026-06-03T16:07:46.366041+00:00,hmac-sha256
48cb4f79175c56c1aeb03b213b835ddd68e8bc1353979a65163d83af493ae36a,example-client-seed-12345,60,21ad2482190ee353ed7cc38f2bb73b644d0585f182b69a2745f7ac1e0d626cf2,13.15,2026-06-03T16:07:46.366078+00:00,hmac-sha256
48cb4f79175c56c1aeb03b213b835ddd68e8bc1353979a65163d83af493ae36a,example-client-seed-12345,61,f19b8bbd49c5ead0cfd52051b86965eac6b9ace2f8425e70392cca93c627f378,94.38,2026-06-03T16:07:46.366114+00:00,hmac-sha256
48cb4f79175c56c1aeb03b213b835ddd68e8bc1353979a65163d83af493ae36a,example-client-seed-12345,62,d9027b57898efd7d0a02e1c2ec621e2c53c9819fd66c6699d1a4c474012cd05e,84.77,2026-06-03T16:07:46.366150+00:00,hmac-sha256
48cb4f79175c56c1aeb03b213b835ddd68e8bc1353979a65163d83af493ae36a,example-client-seed-12345,63,6b0324e56071d1e9a4706ddc35d97a7e382f0f7a03e0797e5534d0d907f75ac3,41.8,2026-06-03T16:07:46.366185+00:00,hmac-sha256
48cb4f79175c56c1aeb03b213b835ddd68e8bc1353979a65163d83af493ae36a,example-client-seed-12345,64,f72550f0040042b9a4bef4ccc6661ded9956cc51da49f5423a2ed5840387a7cf,96.55,2026-06-03T16:07:46.366220+00:00,hmac-sha256
48cb4f79175c56c1aeb03b213b835ddd68e8bc1353979a65163d83af493ae36a,example-client-seed-12345,65,c70ff6ae0f9a306da0f006014bb47ae934983a511b3b024026bb0d46cf704300,77.76,2026-06-03T16:07:46.366255+00:00,hmac-sha256
48cb4f79175c56c1aeb03b213b835ddd68e8bc1353979a65163d83af493ae36a,example-client-seed-12345,66,8cbb1992d91e2b05e4e495f1ff963cdd3ab4b1daa7981531b2de777cac221806,54.97,2026-06-03T16:07:46.366290+00:00,hmac-sha256
48cb4f79175c56c1aeb03b213b835ddd68e8bc1353979a65163d83af493ae36a,example-client-seed-12345,67,c5e330a315e1fc2d1d94200be53e8fa8b6777902b0572a2f1330f7fda53b9754,77.3,2026-06-03T16:07:46.366325+00:00,hmac-sha256
48cb4f79175c56c1aeb03b213b835ddd68e8bc1353979a65163d83af493ae36a,example-client-seed-12345,68,4f2b0217359be15e1c37d0a46557520e463a7b07f408390f0cf6cdb22a3a461c,30.92,2026-06-03T16:07:46.366362+00:00,hmac-sha256
48cb4f79175c56c1aeb03b213b835ddd68e8bc1353979a65163d83af493ae36a,example-client-seed-12345,69,372832d4e3ac8967f483b5c21fe4e1c9f807f8a682af04051a2b68647a0b4981,21.54,2026-06-03T16:07:46.366397+00:00,hmac-sha256
48cb4f79175c56c1aeb03b213b835ddd68e8bc1353979a65163d83af493ae36a,example-client-seed-12345,70,7e8866ad83860af3bd0f20bcbe066fae4826ebde08fbec651246b756bdf774d1,49.43,2026-06-03T16:07:46.366432+00:00,hmac-sha256
ebaf83c83e8666f8deeb8a3f11c3c9ad9b7462161d00dd207cbd5532ed403995,example-client-seed-12345,1,df16507609a1ea1ab959f610ed9746b5bd42911efdf2511c32339bf2f9242a8a,87.15,2026-06-03T16:07:46.366492+00:00,hmac-sha256
ebaf83c83e8666f8deeb8a3f11c3c9ad9b7462161d00dd207cbd5532ed403995,example-client-seed-12345,2,da4ffdbc6b658d5a8623edf1f4ec47f3d1c2414cb3ea15ea3b487152045b3e12,85.28,2026-06-03T16:07:46.366529+00:00,hmac-sha256
ebaf83c83e8666f8deeb8a3f11c3c9ad9b7462161d00dd207cbd5532ed403995,example-client-seed-12345,3,a9212a6913a167c3983ef721bf4322ba475a5f6f4b49bf5dec05edfe37e83357,66.07,2026-06-03T16:07:46.366564+00:00,hmac-sha256
ebaf83c83e8666f8deeb8a3f11c3c9ad9b7462161d00dd207cbd5532ed403995,example-client-seed-12345,4,3ff686f9909fde8ed2c4304dde6d6a99e76635d4e4e0fc82b37882a5210be262,24.98,2026-06-03T16:07:46.366599+00:00,hmac-sha256
ebaf83c83e8666f8deeb8a3f11c3c9ad9b7462161d00dd207cbd5532ed403995,example-client-seed-12345,5,1bdb6f66e9de5a499a926d11b36dcad937ef152b5722460b07c1cd121a293014,10.88,2026-06-03T16:07:46.366642+00:00,hmac-sha256
ebaf83c83e8666f8deeb8a3f11c3c9ad9b7462161d00dd207cbd5532ed403995,example-client-seed-12345,6,5b628b05e6feeaa7427156d81760e137cb74a3e3020b3f3f4ce06e77be897d87,35.7,2026-06-03T16:07:46.366679+00:00,hmac-sha256
ebaf83c83e8666f8deeb8a3f11c3c9ad9b7462161d00dd207cbd5532ed403995,example-client-seed-12345,7,d6d73ef0ac3d05214f429d77c8841db6f3241ae9b94287d03b23bcaa64d08571,83.93,2026-06-03T16:07:46.366714+00:00,hmac-sha256
ebaf83c83e8666f8deeb8a3f11c3c9ad9b7462161d00dd207cbd5532ed403995,example-client-seed-12345,8,50ac08442f8158dd004f2298d15efd51d90dc8e04b33cf48c5043f1f8b0c2040,31.51,2026-06-03T16:07:46.366749+00:00,hmac-sha256
ebaf83c83e8666f8deeb8a3f11c3c9ad9b7462161d00dd207cbd5532ed403995,example-client-seed-12345,9,73dab316255ab17d482b44225d0bc11cf0ee0e585dd6f61381a841d672b919dc,45.26,2026-06-03T16:07:46.366784+00:00,hmac-sha256
ebaf83c83e8666f8deeb8a3f11c3c9ad9b7462161d00dd207cbd5532ed403995,example-client-seed-12345,10,f5b0fdcd60a00adc22baa366e61701cd6d292de1de0f0a71b6e9e7258daf3048,95.98,2026-06-03T16:07:46.366820+00:00,hmac-sha256
ebaf83c83e8666f8deeb8a3f11c3c9ad9b7462161d00dd207cbd5532ed403995,example-client-seed-12345,11,8ad5faaff949f55e67291dba00f1c7bb87ee9512bc81e9cee80bac9d532ff8aa,54.23,2026-06-03T16:07:46.366857+00:00,hmac-sha256
ebaf83c83e8666f8deeb8a3f11c3c9ad9b7462161d00dd207cbd5532ed403995,example-client-seed-12345,12,d71efd30e4819866e3d26aab79896d9e08825884187e14f39bdf7efee3307db6,84.04,2026-06-03T16:07:46.366893+00:00,hmac-sha256
ebaf83c83e8666f8deeb8a3f11c3c9ad9b7462161d00dd207cbd5532ed403995,example-client-seed-12345,13,61d95f21bda760adb738164a9a6434bddf41cb97f4dc214502b423319ea7c55e,38.22,2026-06-03T16:07:46.366928+00:00,hmac-sha256
ebaf83c83e8666f8deeb8a3f11c3c9ad9b7462161d00dd207cbd5532ed403995,example-client-seed-12345,14,84d01b3a0c556bcb581abeab32a9dfe568c97c145f076dc4e2b3c74ec6c96ddc,51.88,2026-06-03T16:07:46.366964+00:00,hmac-sha256
ebaf83c83e8666f8deeb8a3f11c3c9ad9b7462161d00dd207cbd5532ed403995,example-client-seed-12345,15,cfd491e0d6341c8ca0f8688f34c7eb2a9302f08ecdd42c4090edeb30c32a1c51,81.19,2026-06-03T16:07:46.367000+00:00,hmac-sha256
ebaf83c83e8666f8deeb8a3f11c3c9ad9b7462161d00dd207cbd5532ed403995,example-client-seed-12345,16,992440b30a4ffc6c6a876000d59b86b892ef7a1e7a5ecfaab4f616ea753b8f9d,59.82,2026-06-03T16:07:46.367035+00:00,hmac-sha256
ebaf83c83e8666f8deeb8a3f11c3c9ad9b7462161d00dd207cbd5532ed403995,example-client-seed-12345,17,5fe11d018d314265e5735862eac0b61c2f0ec126ad12280a1dba8bd52ec69f54,37.45,2026-06-03T16:07:46.367072+00:00,hmac-sha256
ebaf83c83e8666f8deeb8a3f11c3c9ad9b7462161d00dd207cbd5532ed403995,example-client-seed-12345,18,e0d1361553e8a9d2a234f415e939ca1acc1d8842e211f062bf6fc4ef6f167718,87.82,2026-06-03T16:07:46.367109+00:00,hmac-sha256
ebaf83c83e8666f8deeb8a3f11c3c9ad9b7462161d00dd207cbd5532ed403995,example-client-seed-12345,19,259ec589e431c2a5931eb7b03e97ae4f9e5e8d0e9da5bef150ce2ec80cc9f86e,14.69,2026-06-03T16:07:46.367144+00:00,hmac-sha256
ebaf83c83e8666f8deeb8a3f11c3c9ad9b7462161d00dd207cbd5532ed403995,example-client-seed-12345,20,550d90b644eef9bb5d9ab84c6cd87463ae2a0a01101fb47f222129abf34c0248,33.22,2026-06-03T16:07:46.367181+00:00,hmac-sha256
ebaf83c83e8666f8deeb8a3f11c3c9ad9b7462161d00dd207cbd5532ed403995,example-client-seed-12345,21,7b1a6649171e09503600490c3fa62d55f1d5eddb346ab9a86b23f61f36c4dbd6,48.09,2026-06-03T16:07:46.367218+00:00,hmac-sha256
ebaf83c83e8666f8deeb8a3f11c3c9ad9b7462161d00dd207cbd5532ed403995,example-client-seed-12345,22,0c0c2f37a7f442240ee5b75b01d5cc212c8685c8c46c346ba044e90bd57bc0a9,4.7,2026-06-03T16:07:46.367253+00:00,hmac-sha256
ebaf83c83e8666f8deeb8a3f11c3c9ad9b7462161d00dd207cbd5532ed403995,example-client-seed-12345,23,1ca8f55159dd97d8d0320481e110d9a72aacd5ded5e368eb21498730430655de,11.19,2026-06-03T16:07:46.367287+00:00,hmac-sha256
ebaf83c83e8666f8deeb8a3f11c3c9ad9b7462161d00dd207cbd5532ed403995,example-client-seed-12345,24,5a2b1215f1c07d396c95b6cd69f53d2b15dba833e408bbad076dcb9d5e2ee49b,35.22,2026-06-03T16:07:46.367322+00:00,hmac-sha256
ebaf83c83e8666f8deeb8a3f11c3c9ad9b7462161d00dd207cbd5532ed403995,example-client-seed-12345,25,cb9ce02d9d4cc3b63e34a2722021ca995971285967c8b440c82b8307f7f1198c,79.54,2026-06-03T16:07:46.367357+00:00,hmac-sha256
ebaf83c83e8666f8deeb8a3f11c3c9ad9b7462161d00dd207cbd5532ed403995,example-client-seed-12345,26,afe71c5bdff7ce07f1ad41eb544976a203651fb62b5b328e562d90a2aafc9607,68.71,2026-06-03T16:07:46.367393+00:00,hmac-sha256
ebaf83c83e8666f8deeb8a3f11c3c9ad9b7462161d00dd207cbd5532ed403995,example-client-seed-12345,27,043d927038f047131004787eda02d88ceb4b9528b9231cb46f28a28439e44b8f,1.65,2026-06-03T16:07:46.367428+00:00,hmac-sha256
ebaf83c83e8666f8deeb8a3f11c3c9ad9b7462161d00dd207cbd5532ed403995,example-client-seed-12345,28,31cec1d0560238c51e6caf482eb5aa85a85d10af9a88b2433cdee8c0b1e0026a,19.45,2026-06-03T16:07:46.367463+00:00,hmac-sha256
ebaf83c83e8666f8deeb8a3f11c3c9ad9b7462161d00dd207cbd5532ed403995,example-client-seed-12345,29,40cab9cbf61fa7fcebdb0da390431ba0fcc0cac32cd7d4af6fc71412bc1bf563,25.31,2026-06-03T16:07:46.367498+00:00,hmac-sha256
ebaf83c83e8666f8deeb8a3f11c3c9ad9b7462161d00dd207cbd5532ed403995,example-client-seed-12345,30,659c760af719c01f7a9f1bf3c7e9d0ebbd9d8fc49caf65457de11357df68f6f7,39.69,2026-06-03T16:07:46.367533+00:00,hmac-sha256
ebaf83c83e8666f8deeb8a3f11c3c9ad9b7462161d00dd207cbd5532ed403995,example-client-seed-12345,31,9e809fd1d484cfaa4c296bc40b41d9bae6eca1f8badcf32896ed208c173efbbd,61.92,2026-06-03T16:07:46.367569+00:00,hmac-sha256
ebaf83c83e8666f8deeb8a3f11c3c9ad9b7462161d00dd207cbd5532ed403995,example-client-seed-12345,32,67aef41560dec4916178007bc134723dde7f8db5912be538cc76e31f8a7c09a8,40.5,2026-06-03T16:07:46.367604+00:00,hmac-sha256
ebaf83c83e8666f8deeb8a3f11c3c9ad9b7462161d00dd207cbd5532ed403995,example-client-seed-12345,33,46cf57e0c46c5049560549a2b62a7e3d41d40c86f7e5cfb205c45d3ac6a0a5da,27.66,2026-06-03T16:07:46.367639+00:00,hmac-sha256
ebaf83c83e8666f8deeb8a3f11c3c9ad9b7462161d00dd207cbd5532ed403995,example-client-seed-12345,34,7206e8837558baa66e58373862b2d1559a47e13f8f94f9af964f5a40acb4e820,44.54,2026-06-03T16:07:46.367675+00:00,hmac-sha256
ebaf83c83e8666f8deeb8a3f11c3c9ad9b7462161d00dd207cbd5532ed403995,example-client-seed-12345,35,05a32a3cd77ec404dbaed0200b877c51f89b4cc213dd093e080505f4649c7147,2.2,2026-06-03T16:07:46.367714+00:00,hmac-sha256
ebaf83c83e8666f8deeb8a3f11c3c9ad9b7462161d00dd207cbd5532ed403995,example-client-seed-12345,36,ce12804d2bb41679e7ad9494d842af5ec44b305b5f5300d886b20f12757b69be,80.5,2026-06-03T16:07:46.367756+00:00,hmac-sha256
ebaf83c83e8666f8deeb8a3f11c3c9ad9b7462161d00dd207cbd5532ed403995,example-client-seed-12345,37,01fd6379ae12db61d57454c311b97eb666fb8ec3748312d5f1f46f1c10c3de38,0.77,2026-06-03T16:07:46.367793+00:00,hmac-sha256
ebaf83c83e8666f8deeb8a3f11c3c9ad9b7462161d00dd207cbd5532ed403995,example-client-seed-12345,38,8e979714e3c5232be534ece7c6487dd0d09d6d632b9511e4ec02a614864d5bdd,55.7,2026-06-03T16:07:46.367829+00:00,hmac-sha256
ebaf83c83e8666f8deeb8a3f11c3c9ad9b7462161d00dd207cbd5532ed403995,example-client-seed-12345,39,70b3275c8d48c72ee1479b92e845ae75d4cc70b0ddaed258724c3ffa6cc1d2bc,44.02,2026-06-03T16:07:46.367891+00:00,hmac-sha256
ebaf83c83e8666f8deeb8a3f11c3c9ad9b7462161d00dd207cbd5532ed403995,example-client-seed-12345,40,0ae40979e35af0a5b7b865fc3e37ee0c0d759f2c6a078ad489afbb137aafdc90,4.25,2026-06-03T16:07:46.367940+00:00,hmac-sha256
ebaf83c83e8666f8deeb8a3f11c3c9ad9b7462161d00dd207cbd5532ed403995,example-client-seed-12345,41,75036cd8f1f556bfaaad45984664a6a908c7e7b39ed8d426aecc618b50dab2e1,45.71,2026-06-03T16:07:46.367978+00:00,hmac-sha256
ebaf83c83e8666f8deeb8a3f11c3c9ad9b7462161d00dd207cbd5532ed403995,example-client-seed-12345,42,812ae71edd3a70783139200c11b40be1684e37112131be8df66250208f75183c,50.46,2026-06-03T16:07:46.368015+00:00,hmac-sha256
ebaf83c83e8666f8deeb8a3f11c3c9ad9b7462161d00dd207cbd5532ed403995,example-client-seed-12345,43,bdc0afb2d8ab62825f0150fe8d65388fc822c0d616f5f3ea42e1b8c5053a9ce9,74.12,2026-06-03T16:07:46.368052+00:00,hmac-sha256
ebaf83c83e8666f8deeb8a3f11c3c9ad9b7462161d00dd207cbd5532ed403995,example-client-seed-12345,44,69e35d52f45684d7f545b69cfe09a9f863fd9e5b06469df9683cd578b78c96f0,41.36,2026-06-03T16:07:46.368089+00:00,hmac-sha256
ebaf83c83e8666f8deeb8a3f11c3c9ad9b7462161d00dd207cbd5532ed403995,example-client-seed-12345,45,de9b711b5b0e5c8991478a64a7885d7a4cb87d0a94c239eac9bb250b7d975402,86.96,2026-06-03T16:07:46.368125+00:00,hmac-sha256
ebaf83c83e8666f8deeb8a3f11c3c9ad9b7462161d00dd207cbd5532ed403995,example-client-seed-12345,46,a5601ef4b30db92e8c6c2866397fceb6537dfac2d6803e5268ff60577fb7af2e,64.6,2026-06-03T16:07:46.368161+00:00,hmac-sha256
ebaf83c83e8666f8deeb8a3f11c3c9ad9b7462161d00dd207cbd5532ed403995,example-client-seed-12345,47,64f63dc5b954beed41f47b147d59d45f1364d4cd1208fb908d828a83626ea9ce,39.44,2026-06-03T16:07:46.368196+00:00,hmac-sha256
ebaf83c83e8666f8deeb8a3f11c3c9ad9b7462161d00dd207cbd5532ed403995,example-client-seed-12345,48,55c1099cc4f7a8f5f690215b4dda6a8862570fd1db7d3a30b5644997a03b8ddc,33.5,2026-06-03T16:07:46.368232+00:00,hmac-sha256
ebaf83c83e8666f8deeb8a3f11c3c9ad9b7462161d00dd207cbd5532ed403995,example-client-seed-12345,49,885df2be593b8e0ba1a07536c58e3910dd4f6fbcb6ed4a693fc625e1d9c0d7a1,53.27,2026-06-03T16:07:46.368268+00:00,hmac-sha256
ebaf83c83e8666f8deeb8a3f11c3c9ad9b7462161d00dd207cbd5532ed403995,example-client-seed-12345,50,5b5ad2d1dd3e3f777a8a65d6176f1424d3462a104eef9fc2bc4a93f6b07e4fa4,35.68,2026-06-03T16:07:46.368306+00:00,hmac-sha256
ebaf83c83e8666f8deeb8a3f11c3c9ad9b7462161d00dd207cbd5532ed403995,example-client-seed-12345,51,793d61b44d7ea1d7aed5fe632bf1b094e24948a2b26ebacdcbf5c99690f81e8b,47.36,2026-06-03T16:07:46.368343+00:00,hmac-sha256
ebaf83c83e8666f8deeb8a3f11c3c9ad9b7462161d00dd207cbd5532ed403995,example-client-seed-12345,52,66824eea05466ea47eec296fb1163d0fcb3ffab58907c6cd7047751c9a2ad008,40.04,2026-06-03T16:07:46.368379+00:00,hmac-sha256
ebaf83c83e8666f8deeb8a3f11c3c9ad9b7462161d00dd207cbd5532ed403995,example-client-seed-12345,53,816440680dd07ba9440ca8465ec2c3f2fe1f70846b1b7cab0bb6ddcf0eb755f2,50.54,2026-06-03T16:07:46.368414+00:00,hmac-sha256
ebaf83c83e8666f8deeb8a3f11c3c9ad9b7462161d00dd207cbd5532ed403995,example-client-seed-12345,54,889297b7f9313030d84703a6bbe5ecc18f15a1135f4e8a0738d35fa1f5705a89,53.35,2026-06-03T16:07:46.368450+00:00,hmac-sha256
ebaf83c83e8666f8deeb8a3f11c3c9ad9b7462161d00dd207cbd5532ed403995,example-client-seed-12345,55,1c9fa4396d2451e20398065a5a36ec0626753f2485adea855534e3936ab03cf7,11.18,2026-06-03T16:07:46.368485+00:00,hmac-sha256
ebaf83c83e8666f8deeb8a3f11c3c9ad9b7462161d00dd207cbd5532ed403995,example-client-seed-12345,56,2a044e7e33db94fa50c7c6ab687c843a9864abaee1a1ecd78e3fddd8790e0105,16.41,2026-06-03T16:07:46.368526+00:00,hmac-sha256
ebaf83c83e8666f8deeb8a3f11c3c9ad9b7462161d00dd207cbd5532ed403995,example-client-seed-12345,57,58148ef6d4742c32c47f92be978348316873f7c651b455d1ede8fd582ba0daf8,34.4,2026-06-03T16:07:46.368561+00:00,hmac-sha256
ebaf83c83e8666f8deeb8a3f11c3c9ad9b7462161d00dd207cbd5532ed403995,example-client-seed-12345,58,7c02b843aeb999390ac0d96f56d49e0a242ada2c0cb56fefaed4ceec85c25e15,48.44,2026-06-03T16:07:46.368596+00:00,hmac-sha256
ebaf83c83e8666f8deeb8a3f11c3c9ad9b7462161d00dd207cbd5532ed403995,example-client-seed-12345,59,88767df9e40962371dbdd7c67acc07a4e554ef44e071d490cf9eb9cf7065b86e,53.31,2026-06-03T16:07:46.368641+00:00,hmac-sha256
ebaf83c83e8666f8deeb8a3f11c3c9ad9b7462161d00dd207cbd5532ed403995,example-client-seed-12345,60,51040e86e00d3f0edb865f2cd0216707b6748d3d9d64af9449df883077469fbf,31.64,2026-06-03T16:07:46.368679+00:00,hmac-sha256
ebaf83c83e8666f8deeb8a3f11c3c9ad9b7462161d00dd207cbd5532ed403995,example-client-seed-12345,61,50c9c8f01e1bc489c0d60d87db5cfb444a6a64f510bd9069730cbe057113d6eb,31.56,2026-06-03T16:07:46.368715+00:00,hmac-sha256
ebaf83c83e8666f8deeb8a3f11c3c9ad9b7462161d00dd207cbd5532ed403995,example-client-seed-12345,62,2364725d91c7242348001d50bc0b38b1508b8665924857554336eb1564953b2d,13.82,2026-06-03T16:07:46.368754+00:00,hmac-sha256
ebaf83c83e8666f8deeb8a3f11c3c9ad9b7462161d00dd207cbd5532ed403995,example-client-seed-12345,63,e1fcd42e8fffa6e0c6cfbaef47d7da63460e31800935aee39e0604530002ac4a,88.28,2026-06-03T16:07:46.368790+00:00,hmac-sha256
ebaf83c83e8666f8deeb8a3f11c3c9ad9b7462161d00dd207cbd5532ed403995,example-client-seed-12345,64,31cd773e5ffeb95b427fdd60ed94d2584d971a13bf08310666a1520af4c4db95,19.45,2026-06-03T16:07:46.368826+00:00,hmac-sha256
ebaf83c83e8666f8deeb8a3f11c3c9ad9b7462161d00dd207cbd5532ed403995,example-client-seed-12345,65,6bbfd723542019ed256ad804878eb5e4aca2daadaa509335a31694e60b57f277,42.09,2026-06-03T16:07:46.368862+00:00,hmac-sha256
ebaf83c83e8666f8deeb8a3f11c3c9ad9b7462161d00dd207cbd5532ed403995,example-client-seed-12345,66,af37fc958813f7b65817a4f03524deca74fe1fc91c4fb4832003c49276b18932,68.45,2026-06-03T16:07:46.368897+00:00,hmac-sha256
ebaf83c83e8666f8deeb8a3f11c3c9ad9b7462161d00dd207cbd5532ed403995,example-client-seed-12345,67,601a9ed8d836850753716361f89585ec4df6d8675381c358406a51a231523576,37.54,2026-06-03T16:07:46.368933+00:00,hmac-sha256
ebaf83c83e8666f8deeb8a3f11c3c9ad9b7462161d00dd207cbd5532ed403995,example-client-seed-12345,68,cf389f0a5aae2f50f2db8859cbabe7dc6e8684147e0a974c4ce5087e1da2b96d,80.95,2026-06-03T16:07:46.368971+00:00,hmac-sha256
ebaf83c83e8666f8deeb8a3f11c3c9ad9b7462161d00dd207cbd5532ed403995,example-client-seed-12345,69,a13d09d114f5f4a03e9381a4037967d17e9e3e9ec49b6a65eceb0bcdd41a256f,62.99,2026-06-03T16:07:46.369008+00:00,hmac-sha256
ebaf83c83e8666f8deeb8a3f11c3c9ad9b7462161d00dd207cbd5532ed403995,example-client-seed-12345,70,7a2c9756387a414ac410b626eca72994aa758f08049d346be1b64fedb95004a5,47.72,2026-06-03T16:07:46.369046+00:00,hmac-sha256
b0f9e55703295001ecb898fd44ded412261c875cc11c359aa6c3d295951b385f,example-client-seed-12345,1,606995f40ee1a667a0671a8d93425c7c0230c3fbaa9d179ac1526f7756bb1203,37.66,2026-06-03T16:07:46.369102+00:00,hmac-sha256
b0f9e55703295001ecb898fd44ded412261c875cc11c359aa6c3d295951b385f,example-client-seed-12345,2,c7a6a1d298031c4d155a541bb891ae04da121ef414dedff64e4108c60af9dc13,77.99,2026-06-03T16:07:46.369139+00:00,hmac-sha256
b0f9e55703295001ecb898fd44ded412261c875cc11c359aa6c3d295951b385f,example-client-seed-12345,3,d6ceb9c2342a36b244b0202aa45341a35557635d9e9041663165d7c1d3ab0744,83.91,2026-06-03T16:07:46.369174+00:00,hmac-sha256
b0f9e55703295001ecb898fd44ded412261c875cc11c359aa6c3d295951b385f,example-client-seed-12345,4,68bc0c8397643a6303b31ada405531cc217869039c7c61b87b514b3be64cefdb,40.91,2026-06-03T16:07:46.369209+00:00,hmac-sha256
b0f9e55703295001ecb898fd44ded412261c875cc11c359aa6c3d295951b385f,example-client-seed-12345,5,b86e5e45b77f482442ee60816363f8788549bcc0531c3cadb42f8c3c281b4269,72.05,2026-06-03T16:07:46.369244+00:00,hmac-sha256
b0f9e55703295001ecb898fd44ded412261c875cc11c359aa6c3d295951b385f,example-client-seed-12345,6,de0eeeb055806887d823b1d6471c41ba3df3a273fbbc46b9b9b7be8f7ec677db,86.75,2026-06-03T16:07:46.369281+00:00,hmac-sha256
b0f9e55703295001ecb898fd44ded412261c875cc11c359aa6c3d295951b385f,example-client-seed-12345,7,19090c7fd0bc60933e97df5ad6d34f08b54d6841d2382bf3e0b5e0da44cf5ce4,9.78,2026-06-03T16:07:46.369318+00:00,hmac-sha256
b0f9e55703295001ecb898fd44ded412261c875cc11c359aa6c3d295951b385f,example-client-seed-12345,8,73a32dcc161f4cc2d2bdbf38dfb66a7a2c158608c891c17735407db5d9b9bc98,45.17,2026-06-03T16:07:46.369355+00:00,hmac-sha256
b0f9e55703295001ecb898fd44ded412261c875cc11c359aa6c3d295951b385f,example-client-seed-12345,9,c0522a745adf6b2cfdc24a7a3b0e0ac79dbbf1411a00f4a7d551b4b608cc8cc2,75.13,2026-06-03T16:07:46.369391+00:00,hmac-sha256
b0f9e55703295001ecb898fd44ded412261c875cc11c359aa6c3d295951b385f,example-client-seed-12345,10,ee86b86156d58d96e76aab5a780ccddd471396ca1fcc6fc116623b4721c3499e,93.18,2026-06-03T16:07:46.369445+00:00,hmac-sha256
b0f9e55703295001ecb898fd44ded412261c875cc11c359aa6c3d295951b385f,example-client-seed-12345,11,707ddaccfe2dc60c32fb8301315080f72e4a1541d9655b2123c60491e6840852,43.94,2026-06-03T16:07:46.369492+00:00,hmac-sha256
b0f9e55703295001ecb898fd44ded412261c875cc11c359aa6c3d295951b385f,example-client-seed-12345,12,cb006a99cac139850cd81e760b2948ec11f01ae35e7a4686eaf6768fc19ffd91,79.3,2026-06-03T16:07:46.369538+00:00,hmac-sha256
b0f9e55703295001ecb898fd44ded412261c875cc11c359aa6c3d295951b385f,example-client-seed-12345,13,774a026dc07659fca6b5f257456bb8adb8a305b551ca9affa6809070f4398f2b,46.6,2026-06-03T16:07:46.369581+00:00,hmac-sha256
b0f9e55703295001ecb898fd44ded412261c875cc11c359aa6c3d295951b385f,example-client-seed-12345,14,8f74a22b2ca9e4d4fc5e6ad4ff54f521ea462b56816460910afcc7c52e9c7383,56.04,2026-06-03T16:07:46.369617+00:00,hmac-sha256
b0f9e55703295001ecb898fd44ded412261c875cc11c359aa6c3d295951b385f,example-client-seed-12345,15,9423916d1bf905357ab823caf805c2525d00486463e56fbab072db3252b54750,57.87,2026-06-03T16:07:46.369651+00:00,hmac-sha256
b0f9e55703295001ecb898fd44ded412261c875cc11c359aa6c3d295951b385f,example-client-seed-12345,16,83403fba61b81686313e377dbfa43b87f3aca79a74b3ef97c541963334c2adaa,51.27,2026-06-03T16:07:46.369688+00:00,hmac-sha256
b0f9e55703295001ecb898fd44ded412261c875cc11c359aa6c3d295951b385f,example-client-seed-12345,17,f6725f30ca3d1a554069c0a2b9e42e9338e3070d8fffdf78fa0ec585509379ee,96.27,2026-06-03T16:07:46.369725+00:00,hmac-sha256
b0f9e55703295001ecb898fd44ded412261c875cc11c359aa6c3d295951b385f,example-client-seed-12345,18,8e288a010b04c6619ece485e42e733bf2ef60ca779a949f8647ef5dfe9851891,55.53,2026-06-03T16:07:46.369760+00:00,hmac-sha256
b0f9e55703295001ecb898fd44ded412261c875cc11c359aa6c3d295951b385f,example-client-seed-12345,19,b6392519c772f7cc9cae1fd9c4bdf2adf20860124d3d89f1110a10603bba3dbc,71.18,2026-06-03T16:07:46.369795+00:00,hmac-sha256
b0f9e55703295001ecb898fd44ded412261c875cc11c359aa6c3d295951b385f,example-client-seed-12345,20,504941334c54530ccd9492a9fc40b4c259d57c5cd71eedc516ff52f2e1cc2fef,31.36,2026-06-03T16:07:46.369829+00:00,hmac-sha256
b0f9e55703295001ecb898fd44ded412261c875cc11c359aa6c3d295951b385f,example-client-seed-12345,21,308ad4129d0dc2d094bff5cae730f510839af800d3c157659d8b1d09ab9e05c6,18.96,2026-06-03T16:07:46.369864+00:00,hmac-sha256
b0f9e55703295001ecb898fd44ded412261c875cc11c359aa6c3d295951b385f,example-client-seed-12345,22,dc99d76b7b62736ddaf48d9ef0fbe219aedfa4f6c8e15f035387ffe3e6cbeeb8,86.18,2026-06-03T16:07:46.369899+00:00,hmac-sha256
b0f9e55703295001ecb898fd44ded412261c875cc11c359aa6c3d295951b385f,example-client-seed-12345,23,f006bd51e9b592297ffe1e5d242fed700225078e16a191d918104aa43a0518ad,93.76,2026-06-03T16:07:46.369933+00:00,hmac-sha256
b0f9e55703295001ecb898fd44ded412261c875cc11c359aa6c3d295951b385f,example-client-seed-12345,24,8f5a849e4a22e15c29b7fe70967a15be7667e639c8434337b23ffdf0a63f3218,56.0,2026-06-03T16:07:46.369969+00:00,hmac-sha256
b0f9e55703295001ecb898fd44ded412261c875cc11c359aa6c3d295951b385f,example-client-seed-12345,25,1477168a72efebfae253461570cab76976d162c27971e4008151634bb72ea85b,7.99,2026-06-03T16:07:46.370007+00:00,hmac-sha256
b0f9e55703295001ecb898fd44ded412261c875cc11c359aa6c3d295951b385f,example-client-seed-12345,26,17a211b359de94ce4e2dfc4945e7c6d4eca2f8ab251a1ae7524cda9228c37fe0,9.23,2026-06-03T16:07:46.370042+00:00,hmac-sha256
b0f9e55703295001ecb898fd44ded412261c875cc11c359aa6c3d295951b385f,example-client-seed-12345,27,f916a77d14f2bae75af1680aea4bc67cf54c7c8aa6e938ea5519358ab4262be5,97.3,2026-06-03T16:07:46.370085+00:00,hmac-sha256
b0f9e55703295001ecb898fd44ded412261c875cc11c359aa6c3d295951b385f,example-client-seed-12345,28,58912a243d43ea2d8ff786aa247e8a93b0e3413c545371d5b09cd555f6f83045,34.59,2026-06-03T16:07:46.370123+00:00,hmac-sha256
b0f9e55703295001ecb898fd44ded412261c875cc11c359aa6c3d295951b385f,example-client-seed-12345,29,e449cf3596491e898070acfcec52ab8ce417c6c5c60443b753422c725a184463,89.18,2026-06-03T16:07:46.370158+00:00,hmac-sha256
b0f9e55703295001ecb898fd44ded412261c875cc11c359aa6c3d295951b385f,example-client-seed-12345,30,a6812cdbfb33fd62ed35e7ca9fbbb9845c7a8bd5aa9f653cffc1f08dd23d0015,65.04,2026-06-03T16:07:46.370193+00:00,hmac-sha256
b0f9e55703295001ecb898fd44ded412261c875cc11c359aa6c3d295951b385f,example-client-seed-12345,31,8acad863e97d43a71ea8509e69904d74e7575e35d86726ff6dbe04c11810ac25,54.22,2026-06-03T16:07:46.370228+00:00,hmac-sha256
b0f9e55703295001ecb898fd44ded412261c875cc11c359aa6c3d295951b385f,example-client-seed-12345,32,72e7f64e5e69ab0b3c3ab81b5d9586fb66ab0d2bcc64176ed5ae0b29aad80054,44.88,2026-06-03T16:07:46.370263+00:00,hmac-sha256
b0f9e55703295001ecb898fd44ded412261c875cc11c359aa6c3d295951b385f,example-client-seed-12345,33,68c8b6fb0e685d64923e4694555827b6acc464a7506cb92e74a81984231f66fa,40.93,2026-06-03T16:07:46.370299+00:00,hmac-sha256
b0f9e55703295001ecb898fd44ded412261c875cc11c359aa6c3d295951b385f,example-client-seed-12345,34,68db80882166acaf1f7b72c62ae848ebd1fc82da93f2e341fe33ae31e62251ee,40.96,2026-06-03T16:07:46.370338+00:00,hmac-sha256
b0f9e55703295001ecb898fd44ded412261c875cc11c359aa6c3d295951b385f,example-client-seed-12345,35,623b3ee4fb608e45495683719c569e7e2a45424cba76ef6532ff91ddc7c4aaeb,38.37,2026-06-03T16:07:46.370373+00:00,hmac-sha256
b0f9e55703295001ecb898fd44ded412261c875cc11c359aa6c3d295951b385f,example-client-seed-12345,36,2e5c140b39f2c048eccaa11fd880eef8ed6df90e3fa857bf58dcf1d898b96ac4,18.11,2026-06-03T16:07:46.370410+00:00,hmac-sha256
b0f9e55703295001ecb898fd44ded412261c875cc11c359aa6c3d295951b385f,example-client-seed-12345,37,41993f675221411452f37680570744c704cb22e85acd7eaeeca8115d2d7c2cbd,25.62,2026-06-03T16:07:46.370447+00:00,hmac-sha256
b0f9e55703295001ecb898fd44ded412261c875cc11c359aa6c3d295951b385f,example-client-seed-12345,38,a8df003b60a2a91835ef5db2e126512335c467781e7c7354f96c93fffdb9ef49,65.97,2026-06-03T16:07:46.370484+00:00,hmac-sha256
b0f9e55703295001ecb898fd44ded412261c875cc11c359aa6c3d295951b385f,example-client-seed-12345,39,f6ce6477ee689fa304faa14be1b40a221909785111f89d101ed5bc30f3c4dcc4,96.41,2026-06-03T16:07:46.370520+00:00,hmac-sha256
b0f9e55703295001ecb898fd44ded412261c875cc11c359aa6c3d295951b385f,example-client-seed-12345,40,ea5cb138180bceca002e531cf91d40c1cf340554ac09bf4302d5d95dc27ab215,91.55,2026-06-03T16:07:46.370558+00:00,hmac-sha256
b0f9e55703295001ecb898fd44ded412261c875cc11c359aa6c3d295951b385f,c6eb57b7abb7d8cb5f354eaf3aba3d69,41,de964e652162154e63fbd63dc9a63940c4193f4015f08af2a80653b29450f152,86.95,2026-06-03T16:07:46.370617+00:00,hmac-sha256
b0f9e55703295001ecb898fd44ded412261c875cc11c359aa6c3d295951b385f,c6eb57b7abb7d8cb5f354eaf3aba3d69,42,315e640c9216c5723b1c98c132410ef1b9f839a41526156796df5c44959475f9,19.28,2026-06-03T16:07:46.370656+00:00,hmac-sha256
b0f9e55703295001ecb898fd44ded412261c875cc11c359aa6c3d295951b385f,c6eb57b7abb7d8cb5f354eaf3aba3d69,43,0d23480b165241eff25168c75ff9a6b8f2f156a9bec00047c2bf5b3e51394c2b,5.13,2026-06-03T16:07:46.370692+00:00,hmac-sha256
b0f9e55703295001ecb898fd44ded412261c875cc11c359aa6c3d295951b385f,c6eb57b7abb7d8cb5f354eaf3aba3d69,44,765f801d1924451abf88c4f24ca74639d019301be7019a3feb4b9e2db16f8078,46.24,2026-06-03T16:07:46.370730+00:00,hmac-sha256
b0f9e55703295001ecb898fd44ded412261c875cc11c359aa6c3d295951b385f,c6eb57b7abb7d8cb5f354eaf3aba3d69,45,20c357c039ff633d6cf9a34976a2f91e6d28516d6702923cabd2710977c09c7e,12.79,2026-06-03T16:07:46.370767+00:00,hmac-sha256
b0f9e55703295001ecb898fd44ded412261c875cc11c359aa6c3d295951b385f,c6eb57b7abb7d8cb5f354eaf3aba3d69,46,b0b19b9d6a028fc71521a411025557c0cd43b871cd4fd2d9157bba65c93c8c65,69.02,2026-06-03T16:07:46.370815+00:00,hmac-sha256
b0f9e55703295001ecb898fd44ded412261c875cc11c359aa6c3d295951b385f,c6eb57b7abb7d8cb5f354eaf3aba3d69,47,18fba92b215f46903a6a58214797a7ccb40a39e3ba5d5ee3263b7ae58261027f,9.75,2026-06-03T16:07:46.370854+00:00,hmac-sha256
b0f9e55703295001ecb898fd44ded412261c875cc11c359aa6c3d295951b385f,c6eb57b7abb7d8cb5f354eaf3aba3d69,48,baedb761b2213cce160692494665cc521a81df72caff0b1910d015deae1f5038,73.02,2026-06-03T16:07:46.370890+00:00,hmac-sha256
b0f9e55703295001ecb898fd44ded412261c875cc11c359aa6c3d295951b385f,c6eb57b7abb7d8cb5f354eaf3aba3d69,49,84f5d26544fbef51bdda975fdd7c70dfed6fc7885485767cd431258b6efbd38c,51.94,2026-06-03T16:07:46.370930+00:00,hmac-sha256
b0f9e55703295001ecb898fd44ded412261c875cc11c359aa6c3d295951b385f,c6eb57b7abb7d8cb5f354eaf3aba3d69,50,1161d6f9ba600464fa5c5967bb6dec9abcf72dac63ca4240cd476db37f4a7d82,6.79,2026-06-03T16:07:46.370966+00:00,hmac-sha256
b0f9e55703295001ecb898fd44ded412261c875cc11c359aa6c3d295951b385f,c6eb57b7abb7d8cb5f354eaf3aba3d69,51,f16aafddfa4b2115c188653ce49f7068d225f638d8c9f59a993b49d1eb9176c7,94.31,2026-06-03T16:07:46.371003+00:00,hmac-sha256
b0f9e55703295001ecb898fd44ded412261c875cc11c359aa6c3d295951b385f,c6eb57b7abb7d8cb5f354eaf3aba3d69,52,26a6f9f3ec13c6aff180becad9b6ee19d5a25a45e6c6bfa8a8ec7a562a8e4899,15.1,2026-06-03T16:07:46.371039+00:00,hmac-sha256
b0f9e55703295001ecb898fd44ded412261c875cc11c359aa6c3d295951b385f,c6eb57b7abb7d8cb5f354eaf3aba3d69,53,e98ad2edd4d77d2cf4b921279b1ab1b243f3cee11aebd12b5d73d8914c26608b,91.23,2026-06-03T16:07:46.371076+00:00,hmac-sha256
b0f9e55703295001ecb898fd44ded412261c875cc11c359aa6c3d295951b385f,c6eb57b7abb7d8cb5f354eaf3aba3d69,54,61326e4ef0a938d41dd8f3f906e4be0c25f7b4c9552f9477e1cdd522059bcd60,37.97,2026-06-03T16:07:46.371111+00:00,hmac-sha256
b0f9e55703295001ecb898fd44ded412261c875cc11c359aa6c3d295951b385f,c6eb57b7abb7d8cb5f354eaf3aba3d69,55,6fa1744bd4485dfd810af084398ce382c7fd5a81eb6390877f1f81c98e74af3d,43.61,2026-06-03T16:07:46.371146+00:00,hmac-sha256
b0f9e55703295001ecb898fd44ded412261c875cc11c359aa6c3d295951b385f,c6eb57b7abb7d8cb5f354eaf3aba3d69,56,d4236e8b0f63f481b7683ba20e2c484b256c40e0893636244f024c96c4e113a1,82.87,2026-06-03T16:07:46.371182+00:00,hmac-sha256
b0f9e55703295001ecb898fd44ded412261c875cc11c359aa6c3d295951b385f,c6eb57b7abb7d8cb5f354eaf3aba3d69,57,4a1e23bc59d82e8b19479ea7acff2c05b64c88d7cb94bf1aec979f797922aff3,28.95,2026-06-03T16:07:46.371217+00:00,hmac-sha256
b0f9e55703295001ecb898fd44ded412261c875cc11c359aa6c3d295951b385f,c6eb57b7abb7d8cb5f354eaf3aba3d69,58,da23f492e3dddf7a82ddd1b375d45f792e5d80521abd9d6f40403b61c1173ea3,85.21,2026-06-03T16:07:46.371254+00:00,hmac-sha256
b0f9e55703295001ecb898fd44ded412261c875cc11c359aa6c3d295951b385f,c6eb57b7abb7d8cb5f354eaf3aba3d69,59,412686d80543f536b03d0d7ebc7ff86ebc7e11fb0f5e12546bcfbc4bddf811b6,25.45,2026-06-03T16:07:46.371290+00:00,hmac-sha256
b0f9e55703295001ecb898fd44ded412261c875cc11c359aa6c3d295951b385f,c6eb57b7abb7d8cb5f354eaf3aba3d69,60,0178e9fe0799aacbf4ebc0ba52382a83c5d9e5c3e9a69045cfd8c1ce19e2f67f,0.57,2026-06-03T16:07:46.371328+00:00,hmac-sha256
b0f9e55703295001ecb898fd44ded412261c875cc11c359aa6c3d295951b385f,c6eb57b7abb7d8cb5f354eaf3aba3d69,61,7edb539afcd4598c0d19c7dc6432523ece865cb67d55c9e61a8f3a3cd9e4b104,49.55,2026-06-03T16:07:46.371363+00:00,hmac-sha256
b0f9e55703295001ecb898fd44ded412261c875cc11c359aa6c3d295951b385f,c6eb57b7abb7d8cb5f354eaf3aba3d69,62,47340361a09606dd39f1949954ae506ccd284c5218822b1c62a19b3d1b99bf50,27.81,2026-06-03T16:07:46.371399+00:00,hmac-sha256
b0f9e55703295001ecb898fd44ded412261c875cc11c359aa6c3d295951b385f,c6eb57b7abb7d8cb5f354eaf3aba3d69,63,78f68ea20235f54778becf93668198412e628b50568de4823a1b1213ec3b82c2,47.25,2026-06-03T16:07:46.371434+00:00,hmac-sha256
b0f9e55703295001ecb898fd44ded412261c875cc11c359aa6c3d295951b385f,c6eb57b7abb7d8cb5f354eaf3aba3d69,64,8cd4321ca783ff31dc29a7aae66f5919c4e159f5ece38589ae8f4409c87af985,55.01,2026-06-03T16:07:46.371471+00:00,hmac-sha256
b0f9e55703295001ecb898fd44ded412261c875cc11c359aa6c3d295951b385f,c6eb57b7abb7d8cb5f354eaf3aba3d69,65,4e0f19bd69941ed6f184cd87b72eaced0d4cd2776a4b67ea5b0439c9387f95d8,30.49,2026-06-03T16:07:46.371510+00:00,hmac-sha256
b0f9e55703295001ecb898fd44ded412261c875cc11c359aa6c3d295951b385f,c6eb57b7abb7d8cb5f354eaf3aba3d69,66,7a09512bf6fd81a11de1af0f7f6f153b337a848acf7658d41d6ef148221df4da,47.67,2026-06-03T16:07:46.371545+00:00,hmac-sha256
b0f9e55703295001ecb898fd44ded412261c875cc11c359aa6c3d295951b385f,c6eb57b7abb7d8cb5f354eaf3aba3d69,67,269e45f782b6caaaeb6048b721979ee203a74e89b92f0be2d9531ca96df17fae,15.08,2026-06-03T16:07:46.371581+00:00,hmac-sha256
b0f9e55703295001ecb898fd44ded412261c875cc11c359aa6c3d295951b385f,c6eb57b7abb7d8cb5f354eaf3aba3d69,68,44f7afdb08743212bcc98bc04dc4b7ba0ed8bbbbc7734b1b1eb248f8702de2e1,26.94,2026-06-03T16:07:46.371619+00:00,hmac-sha256
b0f9e55703295001ecb898fd44ded412261c875cc11c359aa6c3d295951b385f,c6eb57b7abb7d8cb5f354eaf3aba3d69,69,af151f5d3d8f7b541925b2d69752c1c390c156edbc23d171166f5c34f057a751,68.39,2026-06-03T16:07:46.371656+00:00,hmac-sha256
b0f9e55703295001ecb898fd44ded412261c875cc11c359aa6c3d295951b385f,c6eb57b7abb7d8cb5f354eaf3aba3d69,70,5b3eb48104e0ba9d294dda1c1444a4c464758e8f2b945ece70b5279368346e90,35.64,2026-06-03T16:07:46.371691+00:00,hmac-sha256
698ad17b91e643211ab3066e693ef66a89e83667d04599703aafdb0c860ec3ea,c6eb57b7abb7d8cb5f354eaf3aba3d69,1,7be23ad029784bacb1d0fab67714cdffc86f173a5aece94febb0e727471c0887,48.39,2026-06-03T16:07:46.371747+00:00,hmac-sha256
698ad17b91e643211ab3066e693ef66a89e83667d04599703aafdb0c860ec3ea,c6eb57b7abb7d8cb5f354eaf3aba3d69,2,b1b00ed6f4acf1a673ddd965c518fa05cbd802a688f269b94a7c949d9787cd36,69.41,2026-06-03T16:07:46.371784+00:00,hmac-sha256
698ad17b91e643211ab3066e693ef66a89e83667d04599703aafdb0c860ec3ea,c6eb57b7abb7d8cb5f354eaf3aba3d69,3,1220c8aaa3fde9c0919b6bc7d1d18b0161848e23aea9c36ea29e4e48e0d491e9,7.08,2026-06-03T16:07:46.371820+00:00,hmac-sha256
698ad17b91e643211ab3066e693ef66a89e83667d04599703aafdb0c860ec3ea,c6eb57b7abb7d8cb5f354eaf3aba3d69,4,72c849c4b45f04b89b63bc818a6054ea0031866d307c6b2b5295336e5ba12a3e,44.84,2026-06-03T16:07:46.371856+00:00,hmac-sha256
698ad17b91e643211ab3066e693ef66a89e83667d04599703aafdb0c860ec3ea,c6eb57b7abb7d8cb5f354eaf3aba3d69,5,6cba82b178249088ff30dfe644ebcfcbc83ed2d0683fee8a99fdaccdb17e9cd6,42.47,2026-06-03T16:07:46.371894+00:00,hmac-sha256
698ad17b91e643211ab3066e693ef66a89e83667d04599703aafdb0c860ec3ea,c6eb57b7abb7d8cb5f354eaf3aba3d69,6,4ed1602316978ba3bd8457273fdcb21a47fda4ebe742041fd4d352ab02e7d968,30.79,2026-06-03T16:07:46.371933+00:00,hmac-sha256
698ad17b91e643211ab3066e693ef66a89e83667d04599703aafdb0c860ec3ea,c6eb57b7abb7d8cb5f354eaf3aba3d69,7,70404c84b26212e787af424fda17d9e1a589a854dc59e2e6f615a5b6bba03e66,43.85,2026-06-03T16:07:46.371972+00:00,hmac-sha256
698ad17b91e643211ab3066e693ef66a89e83667d04599703aafdb0c860ec3ea,c6eb57b7abb7d8cb5f354eaf3aba3d69,8,47d31ef4bb252ca6c36df909a0e43761c2519b9d09a4ecbca7d9086a4543fe33,28.05,2026-06-03T16:07:46.372007+00:00,hmac-sha256
698ad17b91e643211ab3066e693ef66a89e83667d04599703aafdb0c860ec3ea,c6eb57b7abb7d8cb5f354eaf3aba3d69,9,506038562b743a826ecd3fcf2becfa51e8bdd561ffa49df5bf700f961a373d9f,31.39,2026-06-03T16:07:46.372043+00:00,hmac-sha256
698ad17b91e643211ab3066e693ef66a89e83667d04599703aafdb0c860ec3ea,c6eb57b7abb7d8cb5f354eaf3aba3d69,10,36b2bee2b80178a6ffddd23d89d8e8ff6bee9a671f90bbbeaeef21596f2ec438,21.36,2026-06-03T16:07:46.372079+00:00,hmac-sha256
698ad17b91e643211ab3066e693ef66a89e83667d04599703aafdb0c860ec3ea,c6eb57b7abb7d8cb5f354eaf3aba3d69,11,e046950a60fe21f420b6b1d745e107799cd6543bcb30e21d9f286fb91eb91666,87.61,2026-06-03T16:07:46.372115+00:00,hmac-sha256
698ad17b91e643211ab3066e693ef66a89e83667d04599703aafdb0c860ec3ea,c6eb57b7abb7d8cb5f354eaf3aba3d69,12,0ddcca3eff285f59950a1208e3ab87e7a5cecfdb6899bab6721f8472b82ff4af,5.41,2026-06-03T16:07:46.372152+00:00,hmac-sha256
698ad17b91e643211ab3066e693ef66a89e83667d04599703aafdb0c860ec3ea,c6eb57b7abb7d8cb5f354eaf3aba3d69,13,7bfde3ac42f10aef8fdd3e0dac0d36f4a464a157d404a017abef9902cb72e4ae,48.43,2026-06-03T16:07:46.372188+00:00,hmac-sha256
698ad17b91e643211ab3066e693ef66a89e83667d04599703aafdb0c860ec3ea,c6eb57b7abb7d8cb5f354eaf3aba3d69,14,f952f9fc773e8613cf94cac977eaa56a6da02a0ae757695e83e695ae67b6ed34,97.4,2026-06-03T16:07:46.372228+00:00,hmac-sha256
698ad17b91e643211ab3066e693ef66a89e83667d04599703aafdb0c860ec3ea,c6eb57b7abb7d8cb5f354eaf3aba3d69,15,e69effb4fc776d9598d08626fb67c8b22280256b787a284ef95b298df386ecb3,90.09,2026-06-03T16:07:46.372264+00:00,hmac-sha256
698ad17b91e643211ab3066e693ef66a89e83667d04599703aafdb0c860ec3ea,c6eb57b7abb7d8cb5f354eaf3aba3d69,16,184f36c70f74e9cf31d190ad6edcecb00fbd7996721c1ceaa90d3b4d4f475532,9.49,2026-06-03T16:07:46.372300+00:00,hmac-sha256
698ad17b91e643211ab3066e693ef66a89e83667d04599703aafdb0c860ec3ea,c6eb57b7abb7d8cb5f354eaf3aba3d69,17,4579b493e3ee262aa94aa0d493c369dba1abf26ce9826a9b12e95b76e27a9165,27.14,2026-06-03T16:07:46.372336+00:00,hmac-sha256
698ad17b91e643211ab3066e693ef66a89e83667d04599703aafdb0c860ec3ea,c6eb57b7abb7d8cb5f354eaf3aba3d69,18,dca05127a28b3adfd32b4317e36c4770e127504081622f53c50e03e619e88ae8,86.19,2026-06-03T16:07:46.372380+00:00,hmac-sha256
698ad17b91e643211ab3066e693ef66a89e83667d04599703aafdb0c860ec3ea,c6eb57b7abb7d8cb5f354eaf3aba3d69,19,972bb63f6a79158f4338c2d19ac896aed8a7c64e2b955383a77d0a70cb1ab4ca,59.05,2026-06-03T16:07:46.372416+00:00,hmac-sha256
698ad17b91e643211ab3066e693ef66a89e83667d04599703aafdb0c860ec3ea,c6eb57b7abb7d8cb5f354eaf3aba3d69,20,9d8002b3e15c3a3b0e26f698149fbdd589d4d041c8343552e117cdea9ba39873,61.52,2026-06-03T16:07:46.372451+00:00,hmac-sha256
698ad17b91e643211ab3066e693ef66a89e83667d04599703aafdb0c860ec3ea,c6eb57b7abb7d8cb5f354eaf3aba3d69,21,f58babbe200d9aeec842d715b47966d8fa240ebfc22e680ba087719cc82d97f8,95.92,2026-06-03T16:07:46.372487+00:00,hmac-sha256
698ad17b91e643211ab3066e693ef66a89e83667d04599703aafdb0c860ec3ea,c6eb57b7abb7d8cb5f354eaf3aba3d69,22,e19d1870b16f28b42d639aebc9932cbe7d9409abfa5aa36b5f92bb70db3b3d2d,88.13,2026-06-03T16:07:46.372532+00:00,hmac-sha256
698ad17b91e643211ab3066e693ef66a89e83667d04599703aafdb0c860ec3ea,c6eb57b7abb7d8cb5f354eaf3aba3d69,23,d2caae453579ec98583a51c37e433b8468203345e6810c38a23358b1d6cf4600,82.34,2026-06-03T16:07:46.372568+00:00,hmac-sha256
698ad17b91e643211ab3066e693ef66a89e83667d04599703aafdb0c860ec3ea,c6eb57b7abb7d8cb5f354eaf3aba3d69,24,99487e8d2357c93da93d956ded7778fd7662e8d6cac2120b85351e551958a111,59.88,2026-06-03T16:07:46.372606+00:00,hmac-sha256
698ad17b91e643211ab3066e693ef66a89e83667d04599703aafdb0c860ec3ea,c6eb57b7abb7d8cb5f354eaf3aba3d69,25,349f0b3573563977bd21b93124f4a9584cdfe8ec43fe6f9af7ce63573842e05b,20.55,2026-06-03T16:07:46.372643+00:00,hmac-sha256
698ad17b91e643211ab3066e693ef66a89e83667d04599703aafdb0c860ec3ea,c6eb57b7abb7d8cb5f354eaf3aba3d69,26,bb8b96387999f4c5b1f8820e150c65946c4131b9d09df75aff7e2d8a517963f8,73.26,2026-06-03T16:07:46.372678+00:00,hmac-sha256
698ad17b91e643211ab3066e693ef66a89e83667d04599703aafdb0c860ec3ea,c6eb57b7abb7d8cb5f354eaf3aba3d69,27,85daaa0fedf699fd5e62a868b8aa5912803b2d6fa207b6a9db035d924b46f67b,52.29,2026-06-03T16:07:46.372714+00:00,hmac-sha256
698ad17b91e643211ab3066e693ef66a89e83667d04599703aafdb0c860ec3ea,c6eb57b7abb7d8cb5f354eaf3aba3d69,28,022b85006800fb35325e132169e88b1b82ef268b46c3012f674bba6dcc6a3d07,0.84,2026-06-03T16:07:46.372749+00:00,hmac-sha256
698ad17b91e643211ab3066e693ef66a89e83667d04599703aafdb0c860ec3ea,c6eb57b7abb7d8cb5f354eaf3aba3d69,29,556e7f516f6dea1f46c1419ecc5754ad2bd40f7b205fdba2df1275981766f365,33.37,2026-06-03T16:07:46.372785+00:00,hmac-sha256
698ad17b91e643211ab3066e693ef66a89e83667d04599703aafdb0c860ec3ea,c6eb57b7abb7d8cb5f354eaf3aba3d69,30,475c9601be727c9f3d45caa0d7d5c1aafc1bddcb4a5988adfa5dc14067485072,27.87,2026-06-03T16:07:46.372823+00:00,hmac-sha256
698ad17b91e643211ab3066e693ef66a89e83667d04599703aafdb0c860ec3ea,c6eb57b7abb7d8cb5f354eaf3aba3d69,31,a9358040ac6b74096a41df8a182ac2f99bb7f1c9ca89643f49d85c2c843f1b68,66.1,2026-06-03T16:07:46.372858+00:00,hmac-sha256
698ad17b91e643211ab3066e693ef66a89e83667d04599703aafdb0c860ec3ea,c6eb57b7abb7d8cb5f354eaf3aba3d69,32,0b904b22733ab8d01dad84c626599021317d1fd158cf5f5e36dbce374c41195c,4.51,2026-06-03T16:07:46.372894+00:00,hmac-sha256
698ad17b91e643211ab3066e693ef66a89e83667d04599703aafdb0c860ec3ea,c6eb57b7abb7d8cb5f354eaf3aba3d69,33,b5a350deaf723eab3d48d1440646563231e5901af7b8f66052c95eb687b9d422,70.95,2026-06-03T16:07:46.372935+00:00,hmac-sha256
698ad17b91e643211ab3066e693ef66a89e83667d04599703aafdb0c860ec3ea,c6eb57b7abb7d8cb5f354eaf3aba3d69,34,81f7b894e09905335aa7bde8222269389e0d162069992b7b7d576d021ab529a7,50.77,2026-06-03T16:07:46.372971+00:00,hmac-sha256
698ad17b91e643211ab3066e693ef66a89e83667d04599703aafdb0c860ec3ea,c6eb57b7abb7d8cb5f354eaf3aba3d69,35,ccd755e57f93252b575ad377b68ec1a5203270a7651e18926a3b751130bc202d,80.02,2026-06-03T16:07:46.373006+00:00,hmac-sha256
698ad17b91e643211ab3066e693ef66a89e83667d04599703aafdb0c860ec3ea,c6eb57b7abb7d8cb5f354eaf3aba3d69,36,29cd20073875810c0f1f41f02c13f13abc1d6476dca76f9488061594699bc0f3,16.33,2026-06-03T16:07:46.373041+00:00,hmac-sha256
698ad17b91e643211ab3066e693ef66a89e83667d04599703aafdb0c860ec3ea,c6eb57b7abb7d8cb5f354eaf3aba3d69,37,ddd11a963ce001f716663ca45fc3923a3e03b8af110fa12bf1c5757d1e8d2370,86.65,2026-06-03T16:07:46.373088+00:00,hmac-sha256
698ad17b91e643211ab3066e693ef66a89e83667d04599703aafdb0c860ec3ea,c6eb57b7abb7d8cb5f354eaf3aba3d69,38,dd6d0d431b0fd12c720a8238291296e12fb53eed25f96f5a9ecd047cb941f9cd,86.5,2026-06-03T16:07:46.373124+00:00,hmac-sha256
698ad17b91e643211ab3066e693ef66a89e83667d04599703aafdb0c860ec3ea,c6eb57b7abb7d8cb5f354eaf3aba3d69,39,787daee08dba71307dd26bdb37712ba2141883e1fc1b31a6897968fc809ed3b5,47.07,2026-06-03T16:07:46.373159+00:00,hmac-sha256
698ad17b91e643211ab3066e693ef66a89e83667d04599703aafdb0c860ec3ea,c6eb57b7abb7d8cb5f354eaf3aba3d69,40,a2050ea7a443ebe4c814bebbb2fc40fc3fd963a9d177c76ca83f7de488d5f8c3,63.29,2026-06-03T16:07:46.373195+00:00,hmac-sha256
698ad17b91e643211ab3066e693ef66a89e83667d04599703aafdb0c860ec3ea,c6eb57b7abb7d8cb5f354eaf3aba3d69,41,64199277dc95373b6c32a78923d0d1e57c943068d9745668b06263332aa60957,39.1,2026-06-03T16:07:46.373230+00:00,hmac-sha256
698ad17b91e643211ab3066e693ef66a89e83667d04599703aafdb0c860ec3ea,c6eb57b7abb7d8cb5f354eaf3aba3d69,42,2edc080dffdda8e72489bc638c88f09b5160a5a65310dc4124ecc2b44e43ac9d,18.3,2026-06-03T16:07:46.373265+00:00,hmac-sha256
698ad17b91e643211ab3066e693ef66a89e83667d04599703aafdb0c860ec3ea,c6eb57b7abb7d8cb5f354eaf3aba3d69,43,1dc0ce143b9691f45b42c5c362b86b42bfa34908d22b209b5ed028e0e484ec14,11.62,2026-06-03T16:07:46.373300+00:00,hmac-sha256
698ad17b91e643211ab3066e693ef66a89e83667d04599703aafdb0c860ec3ea,c6eb57b7abb7d8cb5f354eaf3aba3d69,44,63cca03424d740b43b2ceefb69064155b8da3e15491cc4435aa88988eee343b2,38.98,2026-06-03T16:07:46.373335+00:00,hmac-sha256
698ad17b91e643211ab3066e693ef66a89e83667d04599703aafdb0c860ec3ea,c6eb57b7abb7d8cb5f354eaf3aba3d69,45,4dd7fe0b389cbfeba21ca584057e7c76bc63987a861b5572b4faa7258f2d1e85,30.41,2026-06-03T16:07:46.373374+00:00,hmac-sha256
698ad17b91e643211ab3066e693ef66a89e83667d04599703aafdb0c860ec3ea,c6eb57b7abb7d8cb5f354eaf3aba3d69,46,fc3202e18350d00c1369d6e9cd4dfbfce408c912303933385c42a1cf66da6b18,98.52,2026-06-03T16:07:46.373409+00:00,hmac-sha256
698ad17b91e643211ab3066e693ef66a89e83667d04599703aafdb0c860ec3ea,c6eb57b7abb7d8cb5f354eaf3aba3d69,47,d3386d2f8ef5f378178e82485a1ed7cd4c1dee528bea9646d26818224d5a0f74,82.51,2026-06-03T16:07:46.373443+00:00,hmac-sha256
698ad17b91e643211ab3066e693ef66a89e83667d04599703aafdb0c860ec3ea,c6eb57b7abb7d8cb5f354eaf3aba3d69,48,afe41f7c5c014ef1c8804cb865762e77cdcb59ba5c72dd99b36bbafabe05af2d,68.71,2026-06-03T16:07:46.373478+00:00,hmac-sha256
698ad17b91e643211ab3066e693ef66a89e83667d04599703aafdb0c860ec3ea,c6eb57b7abb7d8cb5f354eaf3aba3d69,49,385eb4758f1d77293d06acbdc82867bd09dc8d245e70024fb4259773beb104b9,22.02,2026-06-03T16:07:46.373514+00:00,hmac-sha256
698ad17b91e643211ab3066e693ef66a89e83667d04599703aafdb0c860ec3ea,c6eb57b7abb7d8cb5f354eaf3aba3d69,50,d37f918703a5d61fecedc25793884bcc047db17b0fd4ee1928a326ef71a2163a,82.62,2026-06-03T16:07:46.373549+00:00,hmac-sha256
698ad17b91e643211ab3066e693ef66a89e83667d04599703aafdb0c860ec3ea,c6eb57b7abb7d8cb5f354eaf3aba3d69,51,f021769730cc9a9be27678719011fd0348f06fb2bda2c09febaaad9315cfb0d2,93.81,2026-06-03T16:07:46.373584+00:00,hmac-sha256
698ad17b91e643211ab3066e693ef66a89e83667d04599703aafdb0c860ec3ea,c6eb57b7abb7d8cb5f354eaf3aba3d69,52,7b7064983a86caae7aedec336233a85b2adecaf79be929be861fb236140e95d9,48.22,2026-06-03T16:07:46.373642+00:00,hmac-sha256
698ad17b91e643211ab3066e693ef66a89e83667d04599703aafdb0c860ec3ea,c6eb57b7abb7d8cb5f354eaf3aba3d69,53,71d3ea016c59c86ce99beada9dd0a9c62b2da2b1dd50db30e5d3d2babd8e3e0e,44.46,2026-06-03T16:07:46.373693+00:00,hmac-sha256
698ad17b91e643211ab3066e693ef66a89e83667d04599703aafdb0c860ec3ea,c6eb57b7abb7d8cb5f354eaf3aba3d69,54,410cbb59b3bf0ebaeefb0e62b6dd49b27c9b996b81025f5b80c7d4078d0bc6a7,25.41,2026-06-03T16:07:46.373732+00:00,hmac-sha256
698ad17b91e643211ab3066e693ef66a89e83667d04599703aafdb0c860ec3ea,c6eb57b7abb7d8cb5f354eaf3aba3d69,55,2786badfa4909db47d99d5a62a62f84c89e1e2ab9054fa2f14257b03e33ef012,15.44,2026-06-03T16:07:46.373770+00:00,hmac-sha256
698ad17b91e643211ab3066e693ef66a89e83667d04599703aafdb0c860ec3ea,c6eb57b7abb7d8cb5f354eaf3aba3d69,56,b8276964fe2ba4a724309cfffe308ecd088460fc6c32c0bd8c664f30952ea342,71.94,2026-06-03T16:07:46.373807+00:00,hmac-sha256
698ad17b91e643211ab3066e693ef66a89e83667d04599703aafdb0c860ec3ea,c6eb57b7abb7d8cb5f354eaf3aba3d69,57,feb5e015abd0b0c9b36ee80213a206218b3f8cbc856b40074413cebaa7710c53,99.5,2026-06-03T16:07:46.373844+00:00,hmac-sha256
698ad17b91e643211ab3066e693ef66a89e83667d04599703aafdb0c860ec3ea,c6eb57b7abb7d8cb5f354eaf3aba3d69,58,1b1e748d604fa8e9ed04f6a8f7155401966ced524f9a9538fb5db21d7d05679f,10.59,2026-06-03T16:07:46.373882+00:00,hmac-sha256
698ad17b91e643211ab3066e693ef66a89e83667d04599703aafdb0c860ec3ea,c6eb57b7abb7d8cb5f354eaf3aba3d69,59,68dc1182073eda2fd650dbb586d1db49fe2b4e57639888ff61e28ff0dbf85e2e,40.96,2026-06-03T16:07:46.373919+00:00,hmac-sha256
698ad17b91e643211ab3066e693ef66a89e83667d04599703aafdb0c860ec3ea,c6eb57b7abb7d8cb5f354eaf3aba3d69,60,ac7949d56e46e1569f6ca47c559c69a55e0173bb64ed2621ed37bd4a9e73cd62,67.37,2026-06-03T16:07:46.373955+00:00,hmac-sha256
698ad17b91e643211ab3066e693ef66a89e83667d04599703aafdb0c860ec3ea,c6eb57b7abb7d8cb5f354eaf3aba3d69,61,1f1ce7e28ee0deff9a6c5155c19aafe7b8c91ca58a6f51a82464a4aabd4b94ae,12.15,2026-06-03T16:07:46.373991+00:00,hmac-sha256
698ad17b91e643211ab3066e693ef66a89e83667d04599703aafdb0c860ec3ea,c6eb57b7abb7d8cb5f354eaf3aba3d69,62,4fe65837588d931852ee905a4e40098c91336ff5a2300e667fb0ad65431fc3de,31.21,2026-06-03T16:07:46.374026+00:00,hmac-sha256
698ad17b91e643211ab3066e693ef66a89e83667d04599703aafdb0c860ec3ea,c6eb57b7abb7d8cb5f354eaf3aba3d69,63,cb646264c51d15b4de9e879b31600c5efa6d6e0aa595bd66fc7457d31a848365,79.45,2026-06-03T16:07:46.374061+00:00,hmac-sha256
698ad17b91e643211ab3066e693ef66a89e83667d04599703aafdb0c860ec3ea,c6eb57b7abb7d8cb5f354eaf3aba3d69,64,e667f1542cfcfdb3912efa2fd95b2d7a963f71beb936a39e2aa197012f9ab1b0,90.01,2026-06-03T16:07:46.374096+00:00,hmac-sha256
698ad17b91e643211ab3066e693ef66a89e83667d04599703aafdb0c860ec3ea,c6eb57b7abb7d8cb5f354eaf3aba3d69,65,eba65c52b8500a90c5a2bfbdf9b26a72a2a25c9025880b49bae658ad1ef20409,92.05,2026-06-03T16:07:46.374131+00:00,hmac-sha256
698ad17b91e643211ab3066e693ef66a89e83667d04599703aafdb0c860ec3ea,c6eb57b7abb7d8cb5f354eaf3aba3d69,66,3df82fc611233087167ef3534455da835ef64298d942a12b93e5c8de5192637b,24.2,2026-06-03T16:07:46.374166+00:00,hmac-sha256
698ad17b91e643211ab3066e693ef66a89e83667d04599703aafdb0c860ec3ea,c6eb57b7abb7d8cb5f354eaf3aba3d69,67,96f74033e96b42ef341b01a61a14ba7e069563a1ac9b8239d720ae8db17b0a7a,58.97,2026-06-03T16:07:46.374201+00:00,hmac-sha256
698ad17b91e643211ab3066e693ef66a89e83667d04599703aafdb0c860ec3ea,c6eb57b7abb7d8cb5f354eaf3aba3d69,68,f7c3c2f282da26ccc48bb52ca1e3987395d6d3187f19b5bc9fa1937107110d1e,96.79,2026-06-03T16:07:46.374236+00:00,hmac-sha256
698ad17b91e643211ab3066e693ef66a89e83667d04599703aafdb0c860ec3ea,c6eb57b7abb7d8cb5f354eaf3aba3d69,69,c16dde840c8dbd7704e0111e945cea595d26d1dca802f024e18fed3d2c10b43f,75.56,2026-06-03T16:07:46.374273+00:00,hmac-sha256
698ad17b91e643211ab3066e693ef66a89e83667d04599703aafdb0c860ec3ea,c6eb57b7abb7d8cb5f354eaf3aba3d69,70,5c34c8ef654fccfed8c779b103b512aa36078751cdd76b2c0952e74a4e986229,36.02,2026-06-03T16:07:46.374308+00:00,hmac-sha256
91e63678eb09a4c460a2d29f48dd2701859ebc98a9ca279d8a0a3522ac16abfb,c6eb57b7abb7d8cb5f354eaf3aba3d69,1,91c40b7e3d912bbd218b1d22cd3de63904ebcb192273206b07ed8e23e2d863ae,56.94,2026-06-03T16:07:46.374438+00:00,hmac-sha256
91e63678eb09a4c460a2d29f48dd2701859ebc98a9ca279d8a0a3522ac16abfb,c6eb57b7abb7d8cb5f354eaf3aba3d69,2,97dc0794f5a2e40809a0531cd4beb71f5c4187fb8b3fd7562ff227a41edd5be4,59.32,2026-06-03T16:07:46.374485+00:00,hmac-sha256
91e63678eb09a4c460a2d29f48dd2701859ebc98a9ca279d8a0a3522ac16abfb,c6eb57b7abb7d8cb5f354eaf3aba3d69,3,963787f26c7287c62003e5aa8ee15c62c4004219911a0b169ba0d13afabd8f57,58.68,2026-06-03T16:07:46.374522+00:00,hmac-sha256
91e63678eb09a4c460a2d29f48dd2701859ebc98a9ca279d8a0a3522ac16abfb,c6eb57b7abb7d8cb5f354eaf3aba3d69,4,ccd4ec3e35ee30caba3321c93339754d3620a7e9a6c92d1d40adcec4ee451681,80.02,2026-06-03T16:07:46.374562+00:00,hmac-sha256
91e63678eb09a4c460a2d29f48dd2701859ebc98a9ca279d8a0a3522ac16abfb,c6eb57b7abb7d8cb5f354eaf3aba3d69,5,95f6b230d739a17d5dd66bb30fb15456410e442311c536a57b8bfe415a277569,58.58,2026-06-03T16:07:46.374598+00:00,hmac-sha256
91e63678eb09a4c460a2d29f48dd2701859ebc98a9ca279d8a0a3522ac16abfb,c6eb57b7abb7d8cb5f354eaf3aba3d69,6,f5c59836e2bcf0b09339ed4648b3b129914aedc591cf177fc383aeba835f101e,96.01,2026-06-03T16:07:46.374634+00:00,hmac-sha256
91e63678eb09a4c460a2d29f48dd2701859ebc98a9ca279d8a0a3522ac16abfb,c6eb57b7abb7d8cb5f354eaf3aba3d69,7,ddc84175c0cb3e73bbf1e9fbfdbf6098edf16fe1649aa49b3eb71555d8fc1ce0,86.64,2026-06-03T16:07:46.374669+00:00,hmac-sha256
91e63678eb09a4c460a2d29f48dd2701859ebc98a9ca279d8a0a3522ac16abfb,c6eb57b7abb7d8cb5f354eaf3aba3d69,8,42a20b37efcd66a29ba04c934c886af3d295eff3bb103ced03bc1ca2449666a9,26.03,2026-06-03T16:07:46.374704+00:00,hmac-sha256
91e63678eb09a4c460a2d29f48dd2701859ebc98a9ca279d8a0a3522ac16abfb,c6eb57b7abb7d8cb5f354eaf3aba3d69,9,dd794bd2d1dda9215ea02e8794295a6e00cc8744ac5759160c6e81667f28b14c,86.52,2026-06-03T16:07:46.374740+00:00,hmac-sha256
91e63678eb09a4c460a2d29f48dd2701859ebc98a9ca279d8a0a3522ac16abfb,c6eb57b7abb7d8cb5f354eaf3aba3d69,10,ade3dbd836018ff5d546a2f94427b5953f97a7d69adba874be6457725a2210e6,67.93,2026-06-03T16:07:46.374776+00:00,hmac-sha256
91e63678eb09a4c460a2d29f48dd2701859ebc98a9ca279d8a0a3522ac16abfb,c6eb57b7abb7d8cb5f354eaf3aba3d69,11,98d9de026ed50811633a82dce7da016f74726c12fc904acd69dca65ba2c59aa0,59.71,2026-06-03T16:07:46.374812+00:00,hmac-sha256
91e63678eb09a4c460a2d29f48dd2701859ebc98a9ca279d8a0a3522ac16abfb,c6eb57b7abb7d8cb5f354eaf3aba3d69,12,3275bd74555467ba0ea661bc6daa064659bb217963de00d3ccd454ec8f256c1a,19.71,2026-06-03T16:07:46.374847+00:00,hmac-sha256
91e63678eb09a4c460a2d29f48dd2701859ebc98a9ca279d8a0a3522ac16abfb,c6eb57b7abb7d8cb5f354eaf3aba3d69,13,dff0344d3cab8cdb74b2df2d064c196a336054d5b0c142abaecf12473a38e693,87.48,2026-06-03T16:07:46.374882+00:00,hmac-sha256
91e63678eb09a4c460a2d29f48dd2701859ebc98a9ca279d8a0a3522ac16abfb,c6eb57b7abb7d8cb5f354eaf3aba3d69,14,e80922acc71fb6c2487b8e4865223440d113901670ad64f572fb7729a2a6af2c,90.64,2026-06-03T16:07:46.374918+00:00,hmac-sha256
91e63678eb09a4c460a2d29f48dd2701859ebc98a9ca279d8a0a3522ac16abfb,c6eb57b7abb7d8cb5f354eaf3aba3d69,15,93b4fb3b5ec0c37eb99c1f3f3c152e908471c868323ee3e1e1c01a401f30a125,57.7,2026-06-03T16:07:46.374955+00:00,hmac-sha256
91e63678eb09a4c460a2d29f48dd2701859ebc98a9ca279d8a0a3522ac16abfb,c6eb57b7abb7d8cb5f354eaf3aba3d69,16,6dea4684523beb63368ce7188a2a199eb3d6761ef94c8c765ced63f3936b7522,42.93,2026-06-03T16:07:46.374992+00:00,hmac-sha256
91e63678eb09a4c460a2d29f48dd2701859ebc98a9ca279d8a0a3522ac16abfb,c6eb57b7abb7d8cb5f354eaf3aba3d69,17,5c27cafc730de038f6455781f08ac6439f322e1fdb9087f1625f926c565fca21,36.0,2026-06-03T16:07:46.375028+00:00,hmac-sha256
91e63678eb09a4c460a2d29f48dd2701859ebc98a9ca279d8a0a3522ac16abfb,c6eb57b7abb7d8cb5f354eaf3aba3d69,18,ca1e48a858afc887719f9d1a45fcd430d0befa361be2c513664c561bfd99d404,78.96,2026-06-03T16:07:46.375063+00:00,hmac-sha256
91e63678eb09a4c460a2d29f48dd2701859ebc98a9ca279d8a0a3522ac16abfb,c6eb57b7abb7d8cb5f354eaf3aba3d69,19,3f4afe73f31fc3d54649c46ee876cd6761598ee4a768b06f12cedb2999e18bec,24.72,2026-06-03T16:07:46.375100+00:00,hmac-sha256
91e63678eb09a4c460a2d29f48dd2701859ebc98a9ca279d8a0a3522ac16abfb,c6eb57b7abb7d8cb5f354eaf3aba3d69,20,0a14e5b22a0acf8257f210b667b5b82f030862f0db1c6bcddef7e004ad5b13a8,3.93,2026-06-03T16:07:46.375136+00:00,hmac-sha256
91e63678eb09a4c460a2d29f48dd2701859ebc98a9ca279d8a0a3522ac16abfb,c6eb57b7abb7d8cb5f354eaf3aba3d69,21,9834b3f35d4213f48e86e8723848070f8a34ed6c65ac948676eff3c0a02cc54e,59.46,2026-06-03T16:07:46.375207+00:00,hmac-sha256
91e63678eb09a4c460a2d29f48dd2701859ebc98a9ca279d8a0a3522ac16abfb,c6eb57b7abb7d8cb5f354eaf3aba3d69,22,76425d2f55945966b9a7cd25e55b02c3678c957f9b61a7755079e3895c709cf1,46.19,2026-06-03T16:07:46.375246+00:00,hmac-sha256
91e63678eb09a4c460a2d29f48dd2701859ebc98a9ca279d8a0a3522ac16abfb,c6eb57b7abb7d8cb5f354eaf3aba3d69,23,082042fdcf97d74cfbd4acb72b81639f0e6b4470edf95dfeed67c27400986219,3.17,2026-06-03T16:07:46.375281+00:00,hmac-sha256
91e63678eb09a4c460a2d29f48dd2701859ebc98a9ca279d8a0a3522ac16abfb,c6eb57b7abb7d8cb5f354eaf3aba3d69,24,829eabbb0dcbc5293a4453e7be508e073832e8e1ef4957ffc1bd85503c9b90da,51.02,2026-06-03T16:07:46.375316+00:00,hmac-sha256
91e63678eb09a4c460a2d29f48dd2701859ebc98a9ca279d8a0a3522ac16abfb,c6eb57b7abb7d8cb5f354eaf3aba3d69,25,5aaac098d0b3e3b8861cf329ae20df9bdc169b377314fe4ba1d00d602cb66456,35.42,2026-06-03T16:07:46.375351+00:00,hmac-sha256
91e63678eb09a4c460a2d29f48dd2701859ebc98a9ca279d8a0a3522ac16abfb,c6eb57b7abb7d8cb5f354eaf3aba3d69,26,4a9037110548ca4d4ffed23dbe068f27faaed2f142ca5b16d8ebb47149b2e7fb,29.12,2026-06-03T16:07:46.375386+00:00,hmac-sha256
91e63678eb09a4c460a2d29f48dd2701859ebc98a9ca279d8a0a3522ac16abfb,c6eb57b7abb7d8cb5f354eaf3aba3d69,27,e28cf2c75008ff2a8f0db384239bc8c7b9369d33ea15185e4b21bd8b218cfb5e,88.5,2026-06-03T16:07:46.375424+00:00,hmac-sha256
91e63678eb09a4c460a2d29f48dd2701859ebc98a9ca279d8a0a3522ac16abfb,c6eb57b7abb7d8cb5f354eaf3aba3d69,28,70613163c381282b4556b515880af62aa75fee9306ae3ba178a03e52738e077b,43.9,2026-06-03T16:07:46.375459+00:00,hmac-sha256
91e63678eb09a4c460a2d29f48dd2701859ebc98a9ca279d8a0a3522ac16abfb,c6eb57b7abb7d8cb5f354eaf3aba3d69,29,d1a8348ebbcb9ea61456378756fa5560471d7ff68a629f57d09e9b6e32f6499f,81.9,2026-06-03T16:07:46.375494+00:00,hmac-sha256
91e63678eb09a4c460a2d29f48dd2701859ebc98a9ca279d8a0a3522ac16abfb,c6eb57b7abb7d8cb5f354eaf3aba3d69,30,c0057d6d309d2c9a3392e146b4fc3d70728672533a1ff1c448d3807b5f3b9ae6,75.01,2026-06-03T16:07:46.375531+00:00,hmac-sha256
91e63678eb09a4c460a2d29f48dd2701859ebc98a9ca279d8a0a3522ac16abfb,c6eb57b7abb7d8cb5f354eaf3aba3d69,31,2af90ec652510c1ecab5ef53a7e0ecd45f8d019a7abf4101356e456fcf795031,16.78,2026-06-03T16:07:46.375568+00:00,hmac-sha256
91e63678eb09a4c460a2d29f48dd2701859ebc98a9ca279d8a0a3522ac16abfb,c6eb57b7abb7d8cb5f354eaf3aba3d69,32,cf9bcb5a20d0fa1f18c188abf5fad145f95f888502880346fac6eb6b929d0356,81.1,2026-06-03T16:07:46.375604+00:00,hmac-sha256
91e63678eb09a4c460a2d29f48dd2701859ebc98a9ca279d8a0a3522ac16abfb,c6eb57b7abb7d8cb5f354eaf3aba3d69,33,daac9044dd3b3c3c9c8edca2459fde00470da6d92bb7ba56994518d7c8b35358,85.42,2026-06-03T16:07:46.375646+00:00,hmac-sha256
91e63678eb09a4c460a2d29f48dd2701859ebc98a9ca279d8a0a3522ac16abfb,c6eb57b7abb7d8cb5f354eaf3aba3d69,34,0ea648178fff52c5274b2d1a5839b696a1acea5c79c7f63e3e1b035b3d041e5f,5.72,2026-06-03T16:07:46.375681+00:00,hmac-sha256
91e63678eb09a4c460a2d29f48dd2701859ebc98a9ca279d8a0a3522ac16abfb,c6eb57b7abb7d8cb5f354eaf3aba3d69,35,64b150a398dffea06b89407424a05e4f76b3089166ea2049746aae3066a922a2,39.33,2026-06-03T16:07:46.375716+00:00,hmac-sha256
91e63678eb09a4c460a2d29f48dd2701859ebc98a9ca279d8a0a3522ac16abfb,c6eb57b7abb7d8cb5f354eaf3aba3d69,36,d07461ca404b8c13187719e82708bdf96f2b5152e31d5adb1abc13b352ab46f2,81.43,2026-06-03T16:07:46.375751+00:00,hmac-sha256
91e63678eb09a4c460a2d29f48dd2701859ebc98a9ca279d8a0a3522ac16abfb,c6eb57b7abb7d8cb5f354eaf3aba3d69,37,5409ea4436f250d622d729862ea5a84965d0fbb15d05d4846267030d1273327f,32.83,2026-06-03T16:07:46.375785+00:00,hmac-sha256
91e63678eb09a4c460a2d29f48dd2701859ebc98a9ca279d8a0a3522ac16abfb,c6eb57b7abb7d8cb5f354eaf3aba3d69,38,a783941204b6fb65e09295ddc2b64e3f94fb973a22c8c074157ee00920ed0907,65.44,2026-06-03T16:07:46.375820+00:00,hmac-sha256
91e63678eb09a4c460a2d29f48dd2701859ebc98a9ca279d8a0a3522ac16abfb,c6eb57b7abb7d8cb5f354eaf3aba3d69,39,60fd2a9de2e81bafc226d8b902967279d31c0a1209a4987eab6e756848856c0d,37.89,2026-06-03T16:07:46.375855+00:00,hmac-sha256
91e63678eb09a4c460a2d29f48dd2701859ebc98a9ca279d8a0a3522ac16abfb,c6eb57b7abb7d8cb5f354eaf3aba3d69,40,00764d78c55e99c31d72b93e30e6ef81beeffff3260f3d7c0bb9c9a14964f7dc,0.18,2026-06-03T16:07:46.375893+00:00,hmac-sha256
91e63678eb09a4c460a2d29f48dd2701859ebc98a9ca279d8a0a3522ac16abfb,c6eb57b7abb7d8cb5f354eaf3aba3d69,41,88b9e2636bcbbfcaf75ff9269de686764df3715c92670885b6ebc0a9fa8917cd,53.41,2026-06-03T16:07:46.375931+00:00,hmac-sha256
91e63678eb09a4c460a2d29f48dd2701859ebc98a9ca279d8a0a3522ac16abfb,c6eb57b7abb7d8cb5f354eaf3aba3d69,42,97167d50e5f1a79a0c86ae052171aac201a1403dc4ecfd9b50df5e3db925a705,59.02,2026-06-03T16:07:46.375967+00:00,hmac-sha256
91e63678eb09a4c460a2d29f48dd2701859ebc98a9ca279d8a0a3522ac16abfb,c6eb57b7abb7d8cb5f354eaf3aba3d69,43,f3f3fc9451f8fd79331a3466c75befb0f595182271eafbd0d6a2d93c08adc037,95.3,2026-06-03T16:07:46.376003+00:00,hmac-sha256
91e63678eb09a4c460a2d29f48dd2701859ebc98a9ca279d8a0a3522ac16abfb,c6eb57b7abb7d8cb5f354eaf3aba3d69,44,86c4546506e38f4eb629093e396684e0ef4fd5599c6d7ae1da6ea99cf15395b3,52.64,2026-06-03T16:07:46.376038+00:00,hmac-sha256
91e63678eb09a4c460a2d29f48dd2701859ebc98a9ca279d8a0a3522ac16abfb,c6eb57b7abb7d8cb5f354eaf3aba3d69,45,4ff513dd6faf6af2fa7c8bd44f0d056a452cfdbb7d171679d7bf9aec289c4e26,31.23,2026-06-03T16:07:46.376073+00:00,hmac-sha256
91e63678eb09a4c460a2d29f48dd2701859ebc98a9ca279d8a0a3522ac16abfb,c6eb57b7abb7d8cb5f354eaf3aba3d69,46,9ac7c2add193d5903e62359ed5ce27577d947f141987e2154da776b00c48a707,60.46,2026-06-03T16:07:46.376109+00:00,hmac-sha256
91e63678eb09a4c460a2d29f48dd2701859ebc98a9ca279d8a0a3522ac16abfb,c6eb57b7abb7d8cb5f354eaf3aba3d69,47,0140604cd6befa788724dd782fda991101e1ce32130cd78337baa7c1a3a92465,0.48,2026-06-03T16:07:46.376147+00:00,hmac-sha256
91e63678eb09a4c460a2d29f48dd2701859ebc98a9ca279d8a0a3522ac16abfb,c6eb57b7abb7d8cb5f354eaf3aba3d69,48,d96b814a16f664fbd3bef0d8266642155ffbf643eb3f540342bbc616635d4bfd,84.93,2026-06-03T16:07:46.376182+00:00,hmac-sha256
91e63678eb09a4c460a2d29f48dd2701859ebc98a9ca279d8a0a3522ac16abfb,c6eb57b7abb7d8cb5f354eaf3aba3d69,49,2f6cf95d759048678e139cbf5bbb2f8b39d8e7f19b3f3d4cc96ccdf11db43df6,18.52,2026-06-03T16:07:46.376217+00:00,hmac-sha256
91e63678eb09a4c460a2d29f48dd2701859ebc98a9ca279d8a0a3522ac16abfb,c6eb57b7abb7d8cb5f354eaf3aba3d69,50,882ed66871cf151644b25009838f7e15d1359e5200e57e5fe2a037d102463ff5,53.2,2026-06-03T16:07:46.376253+00:00,hmac-sha256
91e63678eb09a4c460a2d29f48dd2701859ebc98a9ca279d8a0a3522ac16abfb,c6eb57b7abb7d8cb5f354eaf3aba3d69,51,d4a2f40804dafb92c1955dedbaaa0844f30743a0ce8da471334d705b4b405e4e,83.06,2026-06-03T16:07:46.376288+00:00,hmac-sha256
91e63678eb09a4c460a2d29f48dd2701859ebc98a9ca279d8a0a3522ac16abfb,c6eb57b7abb7d8cb5f354eaf3aba3d69,52,bffddbbc17fca64ef07fb1397fa8b9bb2c1da9d4641d690bee79c923a44b9de9,75.0,2026-06-03T16:07:46.376325+00:00,hmac-sha256
91e63678eb09a4c460a2d29f48dd2701859ebc98a9ca279d8a0a3522ac16abfb,c6eb57b7abb7d8cb5f354eaf3aba3d69,53,fc07bbd80a70a66fd6f5605728bef5cf516cc6c791f4dbe1c606763f77bc26e6,98.45,2026-06-03T16:07:46.376364+00:00,hmac-sha256
91e63678eb09a4c460a2d29f48dd2701859ebc98a9ca279d8a0a3522ac16abfb,c6eb57b7abb7d8cb5f354eaf3aba3d69,54,cc43b60abd086e9f72cecae90e0817f3811258ed921c9ca7eee9827f95ec4182,79.79,2026-06-03T16:07:46.376410+00:00,hmac-sha256
91e63678eb09a4c460a2d29f48dd2701859ebc98a9ca279d8a0a3522ac16abfb,c6eb57b7abb7d8cb5f354eaf3aba3d69,55,942490f7ac9cf7571dcca4b2faf6a5c2e3fe48911df19240d2194b1a37b29942,57.87,2026-06-03T16:07:46.376447+00:00,hmac-sha256
91e63678eb09a4c460a2d29f48dd2701859ebc98a9ca279d8a0a3522ac16abfb,c6eb57b7abb7d8cb5f354eaf3aba3d69,56,de2cf131d24cdd34d7cdfb4441fbca9e3fa2886048e4ad4de4001efc5c235d7c,86.79,2026-06-03T16:07:46.376485+00:00,hmac-sha256
91e63678eb09a4c460a2d29f48dd2701859ebc98a9ca279d8a0a3522ac16abfb,c6eb57b7abb7d8cb5f354eaf3aba3d69,57,ec1141ef10998a1bb022dd1a15a29b1980e07017c3f29dc9428cef98c2fe83c2,92.22,2026-06-03T16:07:46.376521+00:00,hmac-sha256
91e63678eb09a4c460a2d29f48dd2701859ebc98a9ca279d8a0a3522ac16abfb,c6eb57b7abb7d8cb5f354eaf3aba3d69,58,7a17a6fbe8fd0b20c0cc107c01e6c67cc5c54de464dd2cc02bc9ec503e321947,47.69,2026-06-03T16:07:46.376556+00:00,hmac-sha256
91e63678eb09a4c460a2d29f48dd2701859ebc98a9ca279d8a0a3522ac16abfb,c6eb57b7abb7d8cb5f354eaf3aba3d69,59,e9aa5d4bc50d88f65c3a9759dbaf27c41c56c18b80278b043c669695ea35809b,91.28,2026-06-03T16:07:46.376594+00:00,hmac-sha256
91e63678eb09a4c460a2d29f48dd2701859ebc98a9ca279d8a0a3522ac16abfb,c6eb57b7abb7d8cb5f354eaf3aba3d69,60,9ae20bdbfd400768fd3201bde84b5f65f75565b804d7ad8efd6ac8999220446f,60.5,2026-06-03T16:07:46.376630+00:00,hmac-sha256
91e63678eb09a4c460a2d29f48dd2701859ebc98a9ca279d8a0a3522ac16abfb,c6eb57b7abb7d8cb5f354eaf3aba3d69,61,86647b427eaae77c624f2847996585e0286d05dfad97dd8bf33d6e7df2958495,52.5,2026-06-03T16:07:46.376675+00:00,hmac-sha256
91e63678eb09a4c460a2d29f48dd2701859ebc98a9ca279d8a0a3522ac16abfb,c6eb57b7abb7d8cb5f354eaf3aba3d69,62,7ac8e5d3dc1349219b69c820c2fee8f271f8e0c51243e6c61a62b603a0842de6,47.96,2026-06-03T16:07:46.376714+00:00,hmac-sha256
91e63678eb09a4c460a2d29f48dd2701859ebc98a9ca279d8a0a3522ac16abfb,c6eb57b7abb7d8cb5f354eaf3aba3d69,63,8fc6947ee33dd6a5d48819765ad3cb46e75de7267b9221dae971177e5c487f02,56.16,2026-06-03T16:07:46.376749+00:00,hmac-sha256
91e63678eb09a4c460a2d29f48dd2701859ebc98a9ca279d8a0a3522ac16abfb,c6eb57b7abb7d8cb5f354eaf3aba3d69,64,c2b0841e452977ea841df57f5cc9f143aa186a8521e55784a8db4d366a992301,76.05,2026-06-03T16:07:46.376784+00:00,hmac-sha256
91e63678eb09a4c460a2d29f48dd2701859ebc98a9ca279d8a0a3522ac16abfb,c6eb57b7abb7d8cb5f354eaf3aba3d69,65,609613db350e41c359c4706deddfa967b17c22402c2c9a0982316223391ca990,37.73,2026-06-03T16:07:46.376819+00:00,hmac-sha256
91e63678eb09a4c460a2d29f48dd2701859ebc98a9ca279d8a0a3522ac16abfb,c6eb57b7abb7d8cb5f354eaf3aba3d69,66,f0195bb872b800f97d77a60ac5c197671c70f807bddd0e300ef57b09af9069dc,93.79,2026-06-03T16:07:46.376858+00:00,hmac-sha256
91e63678eb09a4c460a2d29f48dd2701859ebc98a9ca279d8a0a3522ac16abfb,c6eb57b7abb7d8cb5f354eaf3aba3d69,67,4a36b136a1724c860cb1fb19df40470218b0a8d9ab1c6e0527194b33f5a0125c,28.99,2026-06-03T16:07:46.376894+00:00,hmac-sha256
91e63678eb09a4c460a2d29f48dd2701859ebc98a9ca279d8a0a3522ac16abfb,c6eb57b7abb7d8cb5f354eaf3aba3d69,68,7f695e0f623cc21cbe439154c0f9ffc9203bb7f46b02978f0e17fb7201fc2bd4,49.77,2026-06-03T16:07:46.376929+00:00,hmac-sha256
91e63678eb09a4c460a2d29f48dd2701859ebc98a9ca279d8a0a3522ac16abfb,c6eb57b7abb7d8cb5f354eaf3aba3d69,69,0b10c007bdca4e10fa9729813454aea89786f5e8cf96682efa16bd0fb06bf1e0,4.32,2026-06-03T16:07:46.376965+00:00,hmac-sha256
91e63678eb09a4c460a2d29f48dd2701859ebc98a9ca279d8a0a3522ac16abfb,c6eb57b7abb7d8cb5f354eaf3aba3d69,70,880761ee536dd95c15d5fec15a6783ba8fe1cd369419434044418411b7824f7b,53.14,2026-06-03T16:07:46.377000+00:00,hmac-sha256
cc5c9586f174eab5c17bcb9d1de4f34bd68c15c297e12830c23cdcbfcbf28380,c6eb57b7abb7d8cb5f354eaf3aba3d69,1,535ba1923553c9dd9745d0797c10eeb475ca13b90c057f37bcd8e4efbe78cd64,32.56,2026-06-03T16:07:46.377055+00:00,hmac-sha256
cc5c9586f174eab5c17bcb9d1de4f34bd68c15c297e12830c23cdcbfcbf28380,c6eb57b7abb7d8cb5f354eaf3aba3d69,2,8e95665fb9b83381b7cf3ced5d95e74f019e3f6c3060d0c72d2416c746ca8b1f,55.7,2026-06-03T16:07:46.377091+00:00,hmac-sha256
cc5c9586f174eab5c17bcb9d1de4f34bd68c15c297e12830c23cdcbfcbf28380,c6eb57b7abb7d8cb5f354eaf3aba3d69,3,fdce9988ed0e6368356c9bc51fb6328c3d82a451258d94af2e7f8937b3038012,99.15,2026-06-03T16:07:46.377127+00:00,hmac-sha256
cc5c9586f174eab5c17bcb9d1de4f34bd68c15c297e12830c23cdcbfcbf28380,c6eb57b7abb7d8cb5f354eaf3aba3d69,4,ec4cb95c593099c0718c8ee95cad6492b8d4c9aa61859dbbac7e443508e024ef,92.31,2026-06-03T16:07:46.377163+00:00,hmac-sha256
cc5c9586f174eab5c17bcb9d1de4f34bd68c15c297e12830c23cdcbfcbf28380,c6eb57b7abb7d8cb5f354eaf3aba3d69,5,e2307014e0c08ce0713de13ce19cb657cbc95227e012783a40b0ff2919104f9e,88.36,2026-06-03T16:07:46.377199+00:00,hmac-sha256
cc5c9586f174eab5c17bcb9d1de4f34bd68c15c297e12830c23cdcbfcbf28380,c6eb57b7abb7d8cb5f354eaf3aba3d69,6,0103ad45f3288e4fae985d0bfc26f535aaf5ca6f6f34ab4c762a65caa9864fed,0.39,2026-06-03T16:07:46.377234+00:00,hmac-sha256
cc5c9586f174eab5c17bcb9d1de4f34bd68c15c297e12830c23cdcbfcbf28380,c6eb57b7abb7d8cb5f354eaf3aba3d69,7,0a8951b11f50b2050e3864a3e747e9b3c95620ab551b31f5c2c9c505b6400211,4.11,2026-06-03T16:07:46.377269+00:00,hmac-sha256
cc5c9586f174eab5c17bcb9d1de4f34bd68c15c297e12830c23cdcbfcbf28380,c6eb57b7abb7d8cb5f354eaf3aba3d69,8,5c4aa5fe227f29d892c3a94c9c54e69a71f6dbcc3aa971d91aed403e99583bef,36.05,2026-06-03T16:07:46.377307+00:00,hmac-sha256
cc5c9586f174eab5c17bcb9d1de4f34bd68c15c297e12830c23cdcbfcbf28380,c6eb57b7abb7d8cb5f354eaf3aba3d69,9,0587c9952ba86f27a97eee4725871b656be21fd33a33f325df162fdb380a7bd1,2.16,2026-06-03T16:07:46.377343+00:00,hmac-sha256
cc5c9586f174eab5c17bcb9d1de4f34bd68c15c297e12830c23cdcbfcbf28380,c6eb57b7abb7d8cb5f354eaf3aba3d69,10,fd2f20556d1aab66643fd9f09292f8905bb631d1244467f4726d58c929ea2267,98.9,2026-06-03T16:07:46.377382+00:00,hmac-sha256
cc5c9586f174eab5c17bcb9d1de4f34bd68c15c297e12830c23cdcbfcbf28380,c6eb57b7abb7d8cb5f354eaf3aba3d69,11,f8b93b790d87ab4ec46c9b557e122ccc956ff5ae6743d1d677a733fe822b4270,97.16,2026-06-03T16:07:46.377421+00:00,hmac-sha256
cc5c9586f174eab5c17bcb9d1de4f34bd68c15c297e12830c23cdcbfcbf28380,c6eb57b7abb7d8cb5f354eaf3aba3d69,12,d32d200afd460dbd5dc85e7d2a2e9cf31986aed050c338cd0a4482352599621a,82.49,2026-06-03T16:07:46.377458+00:00,hmac-sha256
cc5c9586f174eab5c17bcb9d1de4f34bd68c15c297e12830c23cdcbfcbf28380,c6eb57b7abb7d8cb5f354eaf3aba3d69,13,24397b3e29b1ed20b72478020828819c5d033f52a705a09e6e2e1d04b8855c04,14.15,2026-06-03T16:07:46.377494+00:00,hmac-sha256
cc5c9586f174eab5c17bcb9d1de4f34bd68c15c297e12830c23cdcbfcbf28380,c6eb57b7abb7d8cb5f354eaf3aba3d69,14,13fe3a73f41a631cdebd7ef3147f09458250ba493e29f6983d5d6140aa013503,7.81,2026-06-03T16:07:46.377530+00:00,hmac-sha256
cc5c9586f174eab5c17bcb9d1de4f34bd68c15c297e12830c23cdcbfcbf28380,c6eb57b7abb7d8cb5f354eaf3aba3d69,15,85fa1b33732671f793607073d1211f9e76d842a277fc503a4829b9c1751559d8,52.33,2026-06-03T16:07:46.377565+00:00,hmac-sha256
cc5c9586f174eab5c17bcb9d1de4f34bd68c15c297e12830c23cdcbfcbf28380,c6eb57b7abb7d8cb5f354eaf3aba3d69,16,1af548dd41dbafa4ac358131a8128bc9260abf4534961bf1178750bbf06343b7,10.53,2026-06-03T16:07:46.377600+00:00,hmac-sha256
cc5c9586f174eab5c17bcb9d1de4f34bd68c15c297e12830c23cdcbfcbf28380,c6eb57b7abb7d8cb5f354eaf3aba3d69,17,14d43ebbe4c50067c12aae6854c6391236cf46419b244e0d3fa57ad9b7f6a7ec,8.13,2026-06-03T16:07:46.377636+00:00,hmac-sha256
cc5c9586f174eab5c17bcb9d1de4f34bd68c15c297e12830c23cdcbfcbf28380,c6eb57b7abb7d8cb5f354eaf3aba3d69,18,8cb67bb0e4a044409e7431f4fc23c0dafa2a5410f0ac95a54dcc7f3be6851a14,54.97,2026-06-03T16:07:46.377671+00:00,hmac-sha256
cc5c9586f174eab5c17bcb9d1de4f34bd68c15c297e12830c23cdcbfcbf28380,c6eb57b7abb7d8cb5f354eaf3aba3d69,19,2f3fe00c3eeebe3349cef170e6185a98b36cd9c00b827f6534af8c0e1a027ea6,18.45,2026-06-03T16:07:46.377706+00:00,hmac-sha256
cc5c9586f174eab5c17bcb9d1de4f34bd68c15c297e12830c23cdcbfcbf28380,c6eb57b7abb7d8cb5f354eaf3aba3d69,20,4168d17068d94cafc5a45d87e5b88ae4e2d3c71493af8dae01b993671d8c7b25,25.55,2026-06-03T16:07:46.377743+00:00,hmac-sha256
cc5c9586f174eab5c17bcb9d1de4f34bd68c15c297e12830c23cdcbfcbf28380,c6eb57b7abb7d8cb5f354eaf3aba3d69,21,e325c0e96b153239dc5fcab01fa99eaab36f18c414e2e1e100f355bdcfd8933d,88.73,2026-06-03T16:07:46.377779+00:00,hmac-sha256
cc5c9586f174eab5c17bcb9d1de4f34bd68c15c297e12830c23cdcbfcbf28380,c6eb57b7abb7d8cb5f354eaf3aba3d69,22,a534f230d095cb6a134105f5096e24074a379092eaaf1ec2591839b7110d0ce9,64.54,2026-06-03T16:07:46.377815+00:00,hmac-sha256
cc5c9586f174eab5c17bcb9d1de4f34bd68c15c297e12830c23cdcbfcbf28380,c6eb57b7abb7d8cb5f354eaf3aba3d69,23,0c2b44be96d3e27cac5a9fffe208ee61ca7ed8de68f7890af67b725472052824,4.75,2026-06-03T16:07:46.377851+00:00,hmac-sha256
cc5c9586f174eab5c17bcb9d1de4f34bd68c15c297e12830c23cdcbfcbf28380,c6eb57b7abb7d8cb5f354eaf3aba3d69,24,826234f8f7ab436dcf8d804f1f9b846bfdf23bcf25b7e1d4552f38351d276f47,50.93,2026-06-03T16:07:46.377896+00:00,hmac-sha256
cc5c9586f174eab5c17bcb9d1de4f34bd68c15c297e12830c23cdcbfcbf28380,c6eb57b7abb7d8cb5f354eaf3aba3d69,25,04ceb81821f57952988785c0bff4ce300fca40c71dc988d951c1d39eaee83166,1.87,2026-06-03T16:07:46.377931+00:00,hmac-sha256
cc5c9586f174eab5c17bcb9d1de4f34bd68c15c297e12830c23cdcbfcbf28380,c6eb57b7abb7d8cb5f354eaf3aba3d69,26,dc6989e06f8509c42eb177bb752aff052aa88d773bfd36f2bedf439e9b148010,86.1,2026-06-03T16:07:46.377967+00:00,hmac-sha256
cc5c9586f174eab5c17bcb9d1de4f34bd68c15c297e12830c23cdcbfcbf28380,c6eb57b7abb7d8cb5f354eaf3aba3d69,27,2654c0700e4b0b76e80b499a72ff90c99301a1ae85a561308706a4f26bd812db,14.97,2026-06-03T16:07:46.378005+00:00,hmac-sha256
cc5c9586f174eab5c17bcb9d1de4f34bd68c15c297e12830c23cdcbfcbf28380,c6eb57b7abb7d8cb5f354eaf3aba3d69,28,856d9c243ec8a6419f309f04d12908c238077b2a0936a79385a92f242bac1c28,52.12,2026-06-03T16:07:46.378041+00:00,hmac-sha256
cc5c9586f174eab5c17bcb9d1de4f34bd68c15c297e12830c23cdcbfcbf28380,c6eb57b7abb7d8cb5f354eaf3aba3d69,29,ccbbb5416886bc3482753333c649d2c27a217e01ce047a80a4174a28be6aab35,79.98,2026-06-03T16:07:46.378080+00:00,hmac-sha256
cc5c9586f174eab5c17bcb9d1de4f34bd68c15c297e12830c23cdcbfcbf28380,c6eb57b7abb7d8cb5f354eaf3aba3d69,30,a873b88e4a9b80c6cf9e025adf4f73166f1c8fc5bd0c73b415d535c5d0c4fb98,65.8,2026-06-03T16:07:46.378117+00:00,hmac-sha256
cc5c9586f174eab5c17bcb9d1de4f34bd68c15c297e12830c23cdcbfcbf28380,c6eb57b7abb7d8cb5f354eaf3aba3d69,31,3fba0a7136392b04682d4d467583ddd064350219bd7b4dd0fb95147da872b32b,24.89,2026-06-03T16:07:46.378153+00:00,hmac-sha256
cc5c9586f174eab5c17bcb9d1de4f34bd68c15c297e12830c23cdcbfcbf28380,c6eb57b7abb7d8cb5f354eaf3aba3d69,32,8cd6372e7771978e87dd2be45662e732b032502726d73a4b69356d4f78580fca,55.01,2026-06-03T16:07:46.378191+00:00,hmac-sha256
cc5c9586f174eab5c17bcb9d1de4f34bd68c15c297e12830c23cdcbfcbf28380,c6eb57b7abb7d8cb5f354eaf3aba3d69,33,9f443d82e81dacc2da5172f4c65b82fad61967024daf5f205bc71c89bf4e91b4,62.21,2026-06-03T16:07:46.378466+00:00,hmac-sha256
cc5c9586f174eab5c17bcb9d1de4f34bd68c15c297e12830c23cdcbfcbf28380,c6eb57b7abb7d8cb5f354eaf3aba3d69,34,5ecf5af326d741c75cb8c5e851c7ab243bb624b50ca8cc04c487f933cd205da0,37.03,2026-06-03T16:07:46.378598+00:00,hmac-sha256
cc5c9586f174eab5c17bcb9d1de4f34bd68c15c297e12830c23cdcbfcbf28380,c6eb57b7abb7d8cb5f354eaf3aba3d69,35,e27ebe033c1ba4e90628bf0c296a1ad1fdd70d72e41863bcee81821d479457a1,88.48,2026-06-03T16:07:46.378684+00:00,hmac-sha256
cc5c9586f174eab5c17bcb9d1de4f34bd68c15c297e12830c23cdcbfcbf28380,c6eb57b7abb7d8cb5f354eaf3aba3d69,36,b021f5a3596cfedf44baa2c4121c34c97ffc3e2fa5b0e6d250383c7524fa986b,68.8,2026-06-03T16:07:46.378770+00:00,hmac-sha256
cc5c9586f174eab5c17bcb9d1de4f34bd68c15c297e12830c23cdcbfcbf28380,c6eb57b7abb7d8cb5f354eaf3aba3d69,37,26f6abbe62eee97ce309fba79074c155bb4d92b3fbeeaec396b99a33a67c3ff2,15.22,2026-06-03T16:07:46.378845+00:00,hmac-sha256
cc5c9586f174eab5c17bcb9d1de4f34bd68c15c297e12830c23cdcbfcbf28380,c6eb57b7abb7d8cb5f354eaf3aba3d69,38,36c573af80f88351efc535f96ce02e24d0607010e6955e005172b65806e69e5d,21.39,2026-06-03T16:07:46.378920+00:00,hmac-sha256
cc5c9586f174eab5c17bcb9d1de4f34bd68c15c297e12830c23cdcbfcbf28380,c6eb57b7abb7d8cb5f354eaf3aba3d69,39,6a89d0ea6f1269ee39f96e66252fb8a4781efb9d7c1d26641041c1b46c81bec4,41.62,2026-06-03T16:07:46.378989+00:00,hmac-sha256
cc5c9586f174eab5c17bcb9d1de4f34bd68c15c297e12830c23cdcbfcbf28380,c6eb57b7abb7d8cb5f354eaf3aba3d69,40,8eca6163f71c95b32a62ed6cd00c43940c7a6ae120c851571ad24a477f8a6c0e,55.78,2026-06-03T16:07:46.379056+00:00,hmac-sha256
cc5c9586f174eab5c17bcb9d1de4f34bd68c15c297e12830c23cdcbfcbf28380,c6eb57b7abb7d8cb5f354eaf3aba3d69,41,929f504751f6a82ea59218f6e9659621334c408e6ad56d0195f7dec946c7dd40,57.28,2026-06-03T16:07:46.379127+00:00,hmac-sha256
cc5c9586f174eab5c17bcb9d1de4f34bd68c15c297e12830c23cdcbfcbf28380,c6eb57b7abb7d8cb5f354eaf3aba3d69,42,c50d5e86a1d7745f9db77b22e18d19319b1f38363c2a5dc771ea440e8272564c,76.98,2026-06-03T16:07:46.379198+00:00,hmac-sha256
cc5c9586f174eab5c17bcb9d1de4f34bd68c15c297e12830c23cdcbfcbf28380,c6eb57b7abb7d8cb5f354eaf3aba3d69,43,4e5631380c7776639f8eebef69cdf2b930d8a1c80b5ad433efacc003a6ffca0e,30.6,2026-06-03T16:07:46.379263+00:00,hmac-sha256
cc5c9586f174eab5c17bcb9d1de4f34bd68c15c297e12830c23cdcbfcbf28380,c6eb57b7abb7d8cb5f354eaf3aba3d69,44,28126c0f66b9362aa5db3989fbfc74529bafd55b083bcbd46f9963cd0419c677,15.65,2026-06-03T16:07:46.379301+00:00,hmac-sha256
cc5c9586f174eab5c17bcb9d1de4f34bd68c15c297e12830c23cdcbfcbf28380,c6eb57b7abb7d8cb5f354eaf3aba3d69,45,6a661f965f7ce0947d00d6367eca072225916dccdd71476ad7eb5fa0241f7b26,41.56,2026-06-03T16:07:46.379339+00:00,hmac-sha256
cc5c9586f174eab5c17bcb9d1de4f34bd68c15c297e12830c23cdcbfcbf28380,c6eb57b7abb7d8cb5f354eaf3aba3d69,46,99818bffacc51461b041cea0165f521584ef53fea5d8dad96355b072854c88a4,59.96,2026-06-03T16:07:46.379384+00:00,hmac-sha256
cc5c9586f174eab5c17bcb9d1de4f34bd68c15c297e12830c23cdcbfcbf28380,c6eb57b7abb7d8cb5f354eaf3aba3d69,47,f7685a33c5c456a1345b8a3d3c8cd9e519905b7f2f18c97908c9ef44dd44aa92,96.65,2026-06-03T16:07:46.379424+00:00,hmac-sha256
cc5c9586f174eab5c17bcb9d1de4f34bd68c15c297e12830c23cdcbfcbf28380,c6eb57b7abb7d8cb5f354eaf3aba3d69,48,bd9e86c0dc86740c8c81b3c8dca0f238dedde7c69e00efc98343fe5f6b9ad064,74.07,2026-06-03T16:07:46.379462+00:00,hmac-sha256
cc5c9586f174eab5c17bcb9d1de4f34bd68c15c297e12830c23cdcbfcbf28380,c6eb57b7abb7d8cb5f354eaf3aba3d69,49,b55ba9501434b3701ab7a4a41acb2c433e7d2a6a95f5e116c430e8a227ddc124,70.85,2026-06-03T16:07:46.379506+00:00,hmac-sha256
cc5c9586f174eab5c17bcb9d1de4f34bd68c15c297e12830c23cdcbfcbf28380,c6eb57b7abb7d8cb5f354eaf3aba3d69,50,585f41eff45a9f1cbb1542ebb37e814b2b04f7554e8917ef88ee2d57918a6c7c,34.52,2026-06-03T16:07:46.379547+00:00,hmac-sha256
cc5c9586f174eab5c17bcb9d1de4f34bd68c15c297e12830c23cdcbfcbf28380,c6eb57b7abb7d8cb5f354eaf3aba3d69,51,eeaf26581d7931a1c7045104094a2102b8b58f53bd5c2c8b8e64021cd851ed3f,93.24,2026-06-03T16:07:46.379585+00:00,hmac-sha256
cc5c9586f174eab5c17bcb9d1de4f34bd68c15c297e12830c23cdcbfcbf28380,c6eb57b7abb7d8cb5f354eaf3aba3d69,52,40b23f4814ac1a0d48581ef3954baebd1aca1c1fd590248c3e31d88e5e4960db,25.27,2026-06-03T16:07:46.379622+00:00,hmac-sha256
cc5c9586f174eab5c17bcb9d1de4f34bd68c15c297e12830c23cdcbfcbf28380,c6eb57b7abb7d8cb5f354eaf3aba3d69,53,b9195f9ed1fb00ee41294a6719a02c5cbe3f1ff3ca8b47fd936b1ead3d02d58f,72.31,2026-06-03T16:07:46.379659+00:00,hmac-sha256
cc5c9586f174eab5c17bcb9d1de4f34bd68c15c297e12830c23cdcbfcbf28380,c6eb57b7abb7d8cb5f354eaf3aba3d69,54,87bbdadd34a2a30745912c7704e68c6de8f2f12347bc87992bb1aa464e575aa1,53.02,2026-06-03T16:07:46.379696+00:00,hmac-sha256
cc5c9586f174eab5c17bcb9d1de4f34bd68c15c297e12830c23cdcbfcbf28380,c6eb57b7abb7d8cb5f354eaf3aba3d69,55,1b6efc2e9bc0e4f0285172b1a1ca7791b4e3dae7005d4a62db2dd0cab7f97538,10.71,2026-06-03T16:07:46.379734+00:00,hmac-sha256
cc5c9586f174eab5c17bcb9d1de4f34bd68c15c297e12830c23cdcbfcbf28380,c6eb57b7abb7d8cb5f354eaf3aba3d69,56,a58c1984df0f38430c46d455f8294745dadc87f8eef724586e736b2e51a647f4,64.67,2026-06-03T16:07:46.379774+00:00,hmac-sha256
cc5c9586f174eab5c17bcb9d1de4f34bd68c15c297e12830c23cdcbfcbf28380,c6eb57b7abb7d8cb5f354eaf3aba3d69,57,7642007499fb9e5ba63b981cad842cd131bb6e354175c62fc5863533bbff0c64,46.19,2026-06-03T16:07:46.379814+00:00,hmac-sha256
cc5c9586f174eab5c17bcb9d1de4f34bd68c15c297e12830c23cdcbfcbf28380,c6eb57b7abb7d8cb5f354eaf3aba3d69,58,a48837948d5a8d77bf3bb8d77866c009bc2f4f54c65b64cc17e9b661cd981649,64.27,2026-06-03T16:07:46.379852+00:00,hmac-sha256
cc5c9586f174eab5c17bcb9d1de4f34bd68c15c297e12830c23cdcbfcbf28380,c6eb57b7abb7d8cb5f354eaf3aba3d69,59,0230338ad1e5cd3ff345d2b3400c67fd730edc785948ce3f10f1141eb3ab9df4,0.85,2026-06-03T16:07:46.379890+00:00,hmac-sha256
cc5c9586f174eab5c17bcb9d1de4f34bd68c15c297e12830c23cdcbfcbf28380,c6eb57b7abb7d8cb5f354eaf3aba3d69,60,52fa6b2efd33460f51390c1146a2c1f3ba65433caa3c0f102286e4f61a9f74cd,32.41,2026-06-03T16:07:46.379927+00:00,hmac-sha256
cc5c9586f174eab5c17bcb9d1de4f34bd68c15c297e12830c23cdcbfcbf28380,c6eb57b7abb7d8cb5f354eaf3aba3d69,61,d51ee3e0b4ef8f5f168c0ab0cadaa56e7ca9b3acc524fca1960efbb84cb6b081,83.25,2026-06-03T16:07:46.379978+00:00,hmac-sha256
cc5c9586f174eab5c17bcb9d1de4f34bd68c15c297e12830c23cdcbfcbf28380,c6eb57b7abb7d8cb5f354eaf3aba3d69,62,38ad55782c1d58c58109bc6c7262447ab31152b9d198307e22bd488fefc36d70,22.14,2026-06-03T16:07:46.380021+00:00,hmac-sha256
cc5c9586f174eab5c17bcb9d1de4f34bd68c15c297e12830c23cdcbfcbf28380,c6eb57b7abb7d8cb5f354eaf3aba3d69,63,7ed2a48d66e7593a7f93ab13306fac43534934d3440d86eeb1c21865b3d47fb5,49.54,2026-06-03T16:07:46.380059+00:00,hmac-sha256
cc5c9586f174eab5c17bcb9d1de4f34bd68c15c297e12830c23cdcbfcbf28380,c6eb57b7abb7d8cb5f354eaf3aba3d69,64,26b7e450b87d591cdd6aecfb676d79e611cf4c72de39f26b0eff2e715ba653d7,15.12,2026-06-03T16:07:46.380097+00:00,hmac-sha256
cc5c9586f174eab5c17bcb9d1de4f34bd68c15c297e12830c23cdcbfcbf28380,c6eb57b7abb7d8cb5f354eaf3aba3d69,65,a1d41e55583b0a28eb06f1f95d12c3a842aee722186c52cdbbfe100fc287c386,63.22,2026-06-03T16:07:46.380133+00:00,hmac-sha256
cc5c9586f174eab5c17bcb9d1de4f34bd68c15c297e12830c23cdcbfcbf28380,c6eb57b7abb7d8cb5f354eaf3aba3d69,66,d281db80e719c02a51639116293f75bd8830f017584e28e9fd46653ced4944ab,82.23,2026-06-03T16:07:46.380174+00:00,hmac-sha256
cc5c9586f174eab5c17bcb9d1de4f34bd68c15c297e12830c23cdcbfcbf28380,c6eb57b7abb7d8cb5f354eaf3aba3d69,67,dfd32540988ee2e59ab249179320b45b68ab02108c39d4e9d306f5337e06258c,87.44,2026-06-03T16:07:46.380217+00:00,hmac-sha256
cc5c9586f174eab5c17bcb9d1de4f34bd68c15c297e12830c23cdcbfcbf28380,c6eb57b7abb7d8cb5f354eaf3aba3d69,68,cf039bb56cda4c324227fbcf7a99843ac5cdf381b22a13a6516cce7de9e7857b,80.87,2026-06-03T16:07:46.380264+00:00,hmac-sha256
cc5c9586f174eab5c17bcb9d1de4f34bd68c15c297e12830c23cdcbfcbf28380,c6eb57b7abb7d8cb5f354eaf3aba3d69,69,f1aaa2c576a9f65f61f7a96d8d3dfc4b184b842eec08137471fe429744ef9fee,94.41,2026-06-03T16:07:46.380311+00:00,hmac-sha256
cc5c9586f174eab5c17bcb9d1de4f34bd68c15c297e12830c23cdcbfcbf28380,c6eb57b7abb7d8cb5f354eaf3aba3d69,70,59e7964d64ca2cf8916451924f15f7706a90592bb348619cd1923a5a44fdca3b,35.12,2026-06-03T16:07:46.380351+00:00,hmac-sha256
fe726fec945b71957001d00421186ca6e6f8a70042c571ee86a8b683bbf910c2,c6eb57b7abb7d8cb5f354eaf3aba3d69,1,47c94e1152029015c47a3b3cb8e1279e68a3ea718c8e42f9c482f7b9987decdc,28.04,2026-06-03T16:07:46.380430+00:00,hmac-sha256
fe726fec945b71957001d00421186ca6e6f8a70042c571ee86a8b683bbf910c2,c6eb57b7abb7d8cb5f354eaf3aba3d69,2,9617ee6031ec90b81d4ab9388dbfd13de67b4951a77da5b7f4d02315727f03e7,58.63,2026-06-03T16:07:46.380471+00:00,hmac-sha256
fe726fec945b71957001d00421186ca6e6f8a70042c571ee86a8b683bbf910c2,c6eb57b7abb7d8cb5f354eaf3aba3d69,3,39d41a861c6fa0322eeb176318703e745394b391c3a7d846175fc9db5b02c45e,22.59,2026-06-03T16:07:46.380516+00:00,hmac-sha256
fe726fec945b71957001d00421186ca6e6f8a70042c571ee86a8b683bbf910c2,c6eb57b7abb7d8cb5f354eaf3aba3d69,4,374dd0f0ae018d04517c6aa328a3aef79366cca43a4a10c213bbcb0811ebc642,21.6,2026-06-03T16:07:46.380556+00:00,hmac-sha256
fe726fec945b71957001d00421186ca6e6f8a70042c571ee86a8b683bbf910c2,c6eb57b7abb7d8cb5f354eaf3aba3d69,5,00191bb0aa0e8f6a4ebb8e88ff27952ba4331cc8f5668e43f8616f9298ebad12,0.03,2026-06-03T16:07:46.380597+00:00,hmac-sha256
fe726fec945b71957001d00421186ca6e6f8a70042c571ee86a8b683bbf910c2,c6eb57b7abb7d8cb5f354eaf3aba3d69,6,71857c08ff783a6161fdd2ee228a555fabf9e64318e78d8d33239a8558a0c101,44.34,2026-06-03T16:07:46.380636+00:00,hmac-sha256
fe726fec945b71957001d00421186ca6e6f8a70042c571ee86a8b683bbf910c2,c6eb57b7abb7d8cb5f354eaf3aba3d69,7,a7a28693169c7dc3ed18b9b2afa2218bdc42159546d75c6d77bc75c89b2b94ef,65.48,2026-06-03T16:07:46.380674+00:00,hmac-sha256
fe726fec945b71957001d00421186ca6e6f8a70042c571ee86a8b683bbf910c2,c6eb57b7abb7d8cb5f354eaf3aba3d69,8,d1fcb3fa2da9894695f28399f1674aaa625d6903f9f9bdd89442f7ae358e51d2,82.03,2026-06-03T16:07:46.380712+00:00,hmac-sha256
fe726fec945b71957001d00421186ca6e6f8a70042c571ee86a8b683bbf910c2,c6eb57b7abb7d8cb5f354eaf3aba3d69,9,a90dd7d71c0ac569dc8861f902b586599875837178f5d09dc607956b155f9958,66.04,2026-06-03T16:07:46.380749+00:00,hmac-sha256
fe726fec945b71957001d00421186ca6e6f8a70042c571ee86a8b683bbf910c2,c6eb57b7abb7d8cb5f354eaf3aba3d69,10,545057fffc911b736750d43393960ff90dfa9f00747a72fd535a1e73fc49c066,32.93,2026-06-03T16:07:46.380786+00:00,hmac-sha256
fe726fec945b71957001d00421186ca6e6f8a70042c571ee86a8b683bbf910c2,b9c86cab79cf6f0b56530157fe71b2c1,11,c378768c5615b4fe633f2e455341808d6fb5305adadc6cf46f6b92ac02a49c3c,76.36,2026-06-03T16:07:46.380844+00:00,hmac-sha256
fe726fec945b71957001d00421186ca6e6f8a70042c571ee86a8b683bbf910c2,b9c86cab79cf6f0b56530157fe71b2c1,12,be262a404d15ec53793e1dfd21c64dc0f7c3657262701cbe7f2feefddb3ecb6c,74.28,2026-06-03T16:07:46.380884+00:00,hmac-sha256
fe726fec945b71957001d00421186ca6e6f8a70042c571ee86a8b683bbf910c2,b9c86cab79cf6f0b56530157fe71b2c1,13,f5c0aea6cf449ac5a9ef03a789b65426c6991f6c8ae8f6edb0efe7ed90fb086e,96.0,2026-06-03T16:07:46.380924+00:00,hmac-sha256
fe726fec945b71957001d00421186ca6e6f8a70042c571ee86a8b683bbf910c2,b9c86cab79cf6f0b56530157fe71b2c1,14,6441189c891e01149976a6c06fed25a69ea1e05db5f02ee6fc12d26850022467,39.16,2026-06-03T16:07:46.380968+00:00,hmac-sha256
fe726fec945b71957001d00421186ca6e6f8a70042c571ee86a8b683bbf910c2,b9c86cab79cf6f0b56530157fe71b2c1,15,3908b97074dcc2b39f5a5d1cad95cb9a5bad3270f27fd777c7e05ef992e3ddc1,22.28,2026-06-03T16:07:46.381006+00:00,hmac-sha256
fe726fec945b71957001d00421186ca6e6f8a70042c571ee86a8b683bbf910c2,b9c86cab79cf6f0b56530157fe71b2c1,16,3977f5d4b575f3a28b38730c85efd3fab6b3d2c9e76404c2a41a655c77e419dd,22.45,2026-06-03T16:07:46.381043+00:00,hmac-sha256
fe726fec945b71957001d00421186ca6e6f8a70042c571ee86a8b683bbf910c2,b9c86cab79cf6f0b56530157fe71b2c1,17,7bee5a9b38cc864fc75ca4c2fbbef1019591681095d41240794d31bbd90a22d0,48.41,2026-06-03T16:07:46.381086+00:00,hmac-sha256
fe726fec945b71957001d00421186ca6e6f8a70042c571ee86a8b683bbf910c2,b9c86cab79cf6f0b56530157fe71b2c1,18,d5da4d6f78f2a68a2bd3086151de14a7f2f799471dd7f5f69316d1ae26b39ba0,83.54,2026-06-03T16:07:46.381135+00:00,hmac-sha256
fe726fec945b71957001d00421186ca6e6f8a70042c571ee86a8b683bbf910c2,b9c86cab79cf6f0b56530157fe71b2c1,19,3c7ffa5d8d8639e3452a30cf90e13070b33a919b1992fd4c506a1fd5e33c50f0,23.63,2026-06-03T16:07:46.381175+00:00,hmac-sha256
fe726fec945b71957001d00421186ca6e6f8a70042c571ee86a8b683bbf910c2,b9c86cab79cf6f0b56530157fe71b2c1,20,6f96e1033df2066c14ddad4f3b87873de3fa2498c8bff4e5889fbd4306582996,43.59,2026-06-03T16:07:46.381212+00:00,hmac-sha256
fe726fec945b71957001d00421186ca6e6f8a70042c571ee86a8b683bbf910c2,b9c86cab79cf6f0b56530157fe71b2c1,21,f95f71f4c7346827ae2af697162882c5f7ea6a49da88564b95a73e4ba060462f,97.42,2026-06-03T16:07:46.381308+00:00,hmac-sha256
fe726fec945b71957001d00421186ca6e6f8a70042c571ee86a8b683bbf910c2,b9c86cab79cf6f0b56530157fe71b2c1,22,f11317718b7a71e56dce4214446b6fe175181f8201018605ccb242427fae9d89,94.17,2026-06-03T16:07:46.381347+00:00,hmac-sha256
fe726fec945b71957001d00421186ca6e6f8a70042c571ee86a8b683bbf910c2,b9c86cab79cf6f0b56530157fe71b2c1,23,5118eb803b0f72ba0f267c0261e35c762b346f56c5b82806584cd7b280bebe71,31.68,2026-06-03T16:07:46.381387+00:00,hmac-sha256
fe726fec945b71957001d00421186ca6e6f8a70042c571ee86a8b683bbf910c2,b9c86cab79cf6f0b56530157fe71b2c1,24,faa5859dff9dfb2ae89c4c535e324ccf3d617622fde1d88f715a1169b4ae1e9e,97.91,2026-06-03T16:07:46.381423+00:00,hmac-sha256
fe726fec945b71957001d00421186ca6e6f8a70042c571ee86a8b683bbf910c2,b9c86cab79cf6f0b56530157fe71b2c1,25,c6018ffb1bed0c4fdb48873e8f208a42567ef2b84ba367972a835f52d882adfa,77.35,2026-06-03T16:07:46.381460+00:00,hmac-sha256
fe726fec945b71957001d00421186ca6e6f8a70042c571ee86a8b683bbf910c2,b9c86cab79cf6f0b56530157fe71b2c1,26,138756eeff434587324163b30e1bc4b7e7bcc4bdb762b9997925a3522f7e30b5,7.62,2026-06-03T16:07:46.381499+00:00,hmac-sha256
fe726fec945b71957001d00421186ca6e6f8a70042c571ee86a8b683bbf910c2,b9c86cab79cf6f0b56530157fe71b2c1,27,ed408cbe86ea95003af56a81db0f3c67d1c92c4c8f1be69bdb22bf6d0d109961,92.68,2026-06-03T16:07:46.381536+00:00,hmac-sha256
fe726fec945b71957001d00421186ca6e6f8a70042c571ee86a8b683bbf910c2,b9c86cab79cf6f0b56530157fe71b2c1,28,facc0f043fdd47ce8004579fd97a34d1d88e55ceeb0631cf8187f9ca9a2191c2,97.97,2026-06-03T16:07:46.381572+00:00,hmac-sha256
fe726fec945b71957001d00421186ca6e6f8a70042c571ee86a8b683bbf910c2,b9c86cab79cf6f0b56530157fe71b2c1,29,5938ef7b3607037e23582645de45d1829e04647054c420fc2161c289885223b3,34.85,2026-06-03T16:07:46.381609+00:00,hmac-sha256
fe726fec945b71957001d00421186ca6e6f8a70042c571ee86a8b683bbf910c2,b9c86cab79cf6f0b56530157fe71b2c1,30,b89d6062566b1e5a4b13526814b91aee32370883d3924830814c323e9c5be414,72.12,2026-06-03T16:07:46.381646+00:00,hmac-sha256
fe726fec945b71957001d00421186ca6e6f8a70042c571ee86a8b683bbf910c2,b9c86cab79cf6f0b56530157fe71b2c1,31,d19a48c23f6ea9863a96ba9bee78bbcb4eaebda0a67ce78e2d0e99964fc8fe6d,81.88,2026-06-03T16:07:46.381683+00:00,hmac-sha256
fe726fec945b71957001d00421186ca6e6f8a70042c571ee86a8b683bbf910c2,b9c86cab79cf6f0b56530157fe71b2c1,32,19517cc794711dea0f5724b44b175d7ea2fd23787f1bd2cc6ddbab8a95a342aa,9.89,2026-06-03T16:07:46.381724+00:00,hmac-sha256
fe726fec945b71957001d00421186ca6e6f8a70042c571ee86a8b683bbf910c2,b9c86cab79cf6f0b56530157fe71b2c1,33,54d4e77448761e8d18d065c5fbbb64b7356e327fc88751da9eef510a7a14ea8f,33.14,2026-06-03T16:07:46.381763+00:00,hmac-sha256
fe726fec945b71957001d00421186ca6e6f8a70042c571ee86a8b683bbf910c2,b9c86cab79cf6f0b56530157fe71b2c1,34,26df65d8dc9b1da3cedca8c9010b32ebefd2275fbddb2b63b0fa383d3ab64290,15.18,2026-06-03T16:07:46.381802+00:00,hmac-sha256
fe726fec945b71957001d00421186ca6e6f8a70042c571ee86a8b683bbf910c2,b9c86cab79cf6f0b56530157fe71b2c1,35,c42d6101e1cc34f43d7e7e5f31a6e4ca64dba951c8a859fa9c79551a0d5f310b,76.63,2026-06-03T16:07:46.381838+00:00,hmac-sha256
fe726fec945b71957001d00421186ca6e6f8a70042c571ee86a8b683bbf910c2,b9c86cab79cf6f0b56530157fe71b2c1,36,2f5aca64820dda70b88909f520ebaee92a075afa96c9c2cad3bccc93e0e883f4,18.49,2026-06-03T16:07:46.381874+00:00,hmac-sha256
fe726fec945b71957001d00421186ca6e6f8a70042c571ee86a8b683bbf910c2,b9c86cab79cf6f0b56530157fe71b2c1,37,4656d867992ecb8d1b5277534983ee0b859b70c979cd056c360045f0364804b3,27.47,2026-06-03T16:07:46.381911+00:00,hmac-sha256
fe726fec945b71957001d00421186ca6e6f8a70042c571ee86a8b683bbf910c2,b9c86cab79cf6f0b56530157fe71b2c1,38,5e4fb02da428e35a322cff73029d47c9ec95118a87eec2af517feb1a2d7818e7,36.84,2026-06-03T16:07:46.381950+00:00,hmac-sha256
fe726fec945b71957001d00421186ca6e6f8a70042c571ee86a8b683bbf910c2,b9c86cab79cf6f0b56530157fe71b2c1,39,cbdc3d0e433b31b3bdd559fe9fd8761e38753469477f72ca1cec4acc8b2b0869,79.64,2026-06-03T16:07:46.382096+00:00,hmac-sha256
fe726fec945b71957001d00421186ca6e6f8a70042c571ee86a8b683bbf910c2,b9c86cab79cf6f0b56530157fe71b2c1,40,fee9a8dc6809c4d242241ed70fbc59da578037e5aa53a5c67b3bf8a8834f3922,99.58,2026-06-03T16:07:46.382163+00:00,hmac-sha256
fe726fec945b71957001d00421186ca6e6f8a70042c571ee86a8b683bbf910c2,b9c86cab79cf6f0b56530157fe71b2c1,41,d71ad1245712dc4e9d4104b37da8e0dc3d4d60da8fef47e5d533062480fbece2,84.03,2026-06-03T16:07:46.382208+00:00,hmac-sha256
fe726fec945b71957001d00421186ca6e6f8a70042c571ee86a8b683bbf910c2,b9c86cab79cf6f0b56530157fe71b2c1,42,404fc0f5b2d860438d5c89a6148ba514f6482c78a0662a43d140addf440c0273,25.12,2026-06-03T16:07:46.382290+00:00,hmac-sha256
fe726fec945b71957001d00421186ca6e6f8a70042c571ee86a8b683bbf910c2,b9c86cab79cf6f0b56530157fe71b2c1,43,bb3f1e8c1dce04e735f64684f2f11753e0ee983a0dd19b860f0708410ccf2fa7,73.15,2026-06-03T16:07:46.382334+00:00,hmac-sha256
fe726fec945b71957001d00421186ca6e6f8a70042c571ee86a8b683bbf910c2,b9c86cab79cf6f0b56530157fe71b2c1,44,d8cff8ae3ed0ff67f5b0bb9a224540bd9f44abab757f7c81473d5a19a3bb9832,84.7,2026-06-03T16:07:46.382376+00:00,hmac-sha256
fe726fec945b71957001d00421186ca6e6f8a70042c571ee86a8b683bbf910c2,b9c86cab79cf6f0b56530157fe71b2c1,45,4eb5f5c1e4fdd2fb307023413dec9e8942fab3b74eb98cd6d6fdaeb4fde7ebfd,30.74,2026-06-03T16:07:46.382419+00:00,hmac-sha256
fe726fec945b71957001d00421186ca6e6f8a70042c571ee86a8b683bbf910c2,b9c86cab79cf6f0b56530157fe71b2c1,46,f58341316723cc946d5ab460cc0bae404eeddfe0c6a828e1e80236f94283a605,95.91,2026-06-03T16:07:46.382461+00:00,hmac-sha256
fe726fec945b71957001d00421186ca6e6f8a70042c571ee86a8b683bbf910c2,b9c86cab79cf6f0b56530157fe71b2c1,47,65fe3ae9cd0e5e68b3b532bc680a7ee6b88b77632c3a19c4fb2629873f4f391e,39.84,2026-06-03T16:07:46.382505+00:00,hmac-sha256
fe726fec945b71957001d00421186ca6e6f8a70042c571ee86a8b683bbf910c2,b9c86cab79cf6f0b56530157fe71b2c1,48,e2f9930b1263a59fa25dcdfca9717f9d94f2f11e5e939d571c0cd45dd2394c7d,88.67,2026-06-03T16:07:46.382546+00:00,hmac-sha256
fe726fec945b71957001d00421186ca6e6f8a70042c571ee86a8b683bbf910c2,b9c86cab79cf6f0b56530157fe71b2c1,49,c97a7f4a7c4a8883eabe1527b53ac4cd5d55c9b597308680f7caff7d73d8e5b6,78.71,2026-06-03T16:07:46.382591+00:00,hmac-sha256
fe726fec945b71957001d00421186ca6e6f8a70042c571ee86a8b683bbf910c2,b9c86cab79cf6f0b56530157fe71b2c1,50,a6212c10e0d036e43d9ea06d57e1fdc44ab1355653cc3f70b85302f9605dfbb8,64.9,2026-06-03T16:07:46.382631+00:00,hmac-sha256
fe726fec945b71957001d00421186ca6e6f8a70042c571ee86a8b683bbf910c2,b9c86cab79cf6f0b56530157fe71b2c1,51,28591e9ff48b9ee32c22bca38bb43bfac34080a200aedb918d722e1189a35ba0,15.76,2026-06-03T16:07:46.382668+00:00,hmac-sha256
fe726fec945b71957001d00421186ca6e6f8a70042c571ee86a8b683bbf910c2,b9c86cab79cf6f0b56530157fe71b2c1,52,32289c39c1506dce79d13d2b9e17eacbe9c8b6213ab3fa3d949c8cc6ec5742a9,19.59,2026-06-03T16:07:46.382710+00:00,hmac-sha256
fe726fec945b71957001d00421186ca6e6f8a70042c571ee86a8b683bbf910c2,b9c86cab79cf6f0b56530157fe71b2c1,53,e22e3657b16493b2ecace3293f944fb038e82f43b5aa5d518c13e0f1bec3721f,88.36,2026-06-03T16:07:46.382754+00:00,hmac-sha256
fe726fec945b71957001d00421186ca6e6f8a70042c571ee86a8b683bbf910c2,b9c86cab79cf6f0b56530157fe71b2c1,54,e4a7f3639e917275c090a9ffc7629925341249ebda4a655c482e534607c46251,89.32,2026-06-03T16:07:46.382792+00:00,hmac-sha256
fe726fec945b71957001d00421186ca6e6f8a70042c571ee86a8b683bbf910c2,b9c86cab79cf6f0b56530157fe71b2c1,55,f7a7bcaf6a5d8c74735baccf24bfa7c438c01895c2f63b3fdf2f3cfa9711dd0a,96.74,2026-06-03T16:07:46.382971+00:00,hmac-sha256
fe726fec945b71957001d00421186ca6e6f8a70042c571ee86a8b683bbf910c2,b9c86cab79cf6f0b56530157fe71b2c1,56,21f92bcbc57ddb609575d4ca9129c310a949b7560eef5b230da445b58fe02650,13.27,2026-06-03T16:07:46.383296+00:00,hmac-sha256
fe726fec945b71957001d00421186ca6e6f8a70042c571ee86a8b683bbf910c2,b9c86cab79cf6f0b56530157fe71b2c1,57,3d013ca45519b160078f7839db51d97e459440ffeba439f218990cb2b18af5e1,23.83,2026-06-03T16:07:46.383659+00:00,hmac-sha256
fe726fec945b71957001d00421186ca6e6f8a70042c571ee86a8b683bbf910c2,b9c86cab79cf6f0b56530157fe71b2c1,58,c8bf3fc460b1ff2a648d31542990baeb13d34ca403b3840547be7b78b522f0fa,78.42,2026-06-03T16:07:46.384135+00:00,hmac-sha256
fe726fec945b71957001d00421186ca6e6f8a70042c571ee86a8b683bbf910c2,b9c86cab79cf6f0b56530157fe71b2c1,59,08cdf024e377d93604be35e5a5e2fbd0fad4ccc639a64024c30cb3c6e2c89457,3.43,2026-06-03T16:07:46.384521+00:00,hmac-sha256
fe726fec945b71957001d00421186ca6e6f8a70042c571ee86a8b683bbf910c2,b9c86cab79cf6f0b56530157fe71b2c1,60,701f8ee946ff51b0de56e19ddd0d6e6e29832af8c60c6ba499ed8712e7016f59,43.8,2026-06-03T16:07:46.384572+00:00,hmac-sha256
fe726fec945b71957001d00421186ca6e6f8a70042c571ee86a8b683bbf910c2,b9c86cab79cf6f0b56530157fe71b2c1,61,2d35b401c112fe92b44635ee691fe3e7df53513eeee66fbb750a96986c59bcac,17.66,2026-06-03T16:07:46.384611+00:00,hmac-sha256
fe726fec945b71957001d00421186ca6e6f8a70042c571ee86a8b683bbf910c2,b9c86cab79cf6f0b56530157fe71b2c1,62,ba63c6830ebf72eebd9fe0d85c3f33050d6f86d9e15a90796ed4d9ef32d81428,72.81,2026-06-03T16:07:46.384650+00:00,hmac-sha256
fe726fec945b71957001d00421186ca6e6f8a70042c571ee86a8b683bbf910c2,b9c86cab79cf6f0b56530157fe71b2c1,63,6c6d0f09d41e86ecdd193947cea6b1cc29a014394412f746dda5e8fed3b35d21,42.35,2026-06-03T16:07:46.384690+00:00,hmac-sha256
fe726fec945b71957001d00421186ca6e6f8a70042c571ee86a8b683bbf910c2,b9c86cab79cf6f0b56530157fe71b2c1,64,de6af7dba889b35c698fcb089fb1691001fddaa26d3455fce9dcd9300be55f0a,86.89,2026-06-03T16:07:46.384730+00:00,hmac-sha256
fe726fec945b71957001d00421186ca6e6f8a70042c571ee86a8b683bbf910c2,b9c86cab79cf6f0b56530157fe71b2c1,65,d2356322e373bd5707338c539dcce75e79c50e79bb88cea4a193f416e48d0588,82.12,2026-06-03T16:07:46.384766+00:00,hmac-sha256
fe726fec945b71957001d00421186ca6e6f8a70042c571ee86a8b683bbf910c2,b9c86cab79cf6f0b56530157fe71b2c1,66,263e62523cddd090002ed07974e87b7631eaf2631820e4abe96d1a8c28fd5aad,14.94,2026-06-03T16:07:46.384804+00:00,hmac-sha256
fe726fec945b71957001d00421186ca6e6f8a70042c571ee86a8b683bbf910c2,b9c86cab79cf6f0b56530157fe71b2c1,67,31c353e952eb9680551f2e6c01338a76c642dd6c00fd86c6dcef8bb1b953f0a5,19.44,2026-06-03T16:07:46.384846+00:00,hmac-sha256
fe726fec945b71957001d00421186ca6e6f8a70042c571ee86a8b683bbf910c2,b9c86cab79cf6f0b56530157fe71b2c1,68,1794a14092b892b2973a47fbe3e7c9b546061d0534e2152527ad69c5d9831116,9.21,2026-06-03T16:07:46.384888+00:00,hmac-sha256
fe726fec945b71957001d00421186ca6e6f8a70042c571ee86a8b683bbf910c2,b9c86cab79cf6f0b56530157fe71b2c1,69,1aff0072b82fad9ee1039d66ea9579cb1ff93b30d22fb5121fdacc50e2d13325,10.54,2026-06-03T16:07:46.384925+00:00,hmac-sha256
fe726fec945b71957001d00421186ca6e6f8a70042c571ee86a8b683bbf910c2,b9c86cab79cf6f0b56530157fe71b2c1,70,ba74a1d1b094448c67c0acbde547e99240019cc2015e11374e6d38989743ee98,72.84,2026-06-03T16:07:46.384962+00:00,hmac-sha256
02b48057476fcc26fd297768ac986076ad8a966c935aa0cf6210c15637cb1b98,b9c86cab79cf6f0b56530157fe71b2c1,1,5730e66caed84fb7112908a6bc09ba40c5bc67af25476a893885fda331f43d89,34.06,2026-06-03T16:07:46.385033+00:00,hmac-sha256
02b48057476fcc26fd297768ac986076ad8a966c935aa0cf6210c15637cb1b98,b9c86cab79cf6f0b56530157fe71b2c1,2,162bc40ef3124f0f9f9d954411bc38351b6bc6ff772251d91e93b064271a5227,8.66,2026-06-03T16:07:46.385074+00:00,hmac-sha256
02b48057476fcc26fd297768ac986076ad8a966c935aa0cf6210c15637cb1b98,b9c86cab79cf6f0b56530157fe71b2c1,3,92eac91a117b1e802a4118ce4fc25cfa06027d0087f68f00949fac65cc1d8011,57.39,2026-06-03T16:07:46.385128+00:00,hmac-sha256
02b48057476fcc26fd297768ac986076ad8a966c935aa0cf6210c15637cb1b98,b9c86cab79cf6f0b56530157fe71b2c1,4,e1e0fe9107826226890a6dafa1f87efa9eb8944e5e1f0bccae14c557035bbcb2,88.24,2026-06-03T16:07:46.385167+00:00,hmac-sha256
02b48057476fcc26fd297768ac986076ad8a966c935aa0cf6210c15637cb1b98,b9c86cab79cf6f0b56530157fe71b2c1,5,2e3a36dad929f647b26594dfd66ec251df25b8289ba6c54c3f3697340eabc067,18.05,2026-06-03T16:07:46.385204+00:00,hmac-sha256
02b48057476fcc26fd297768ac986076ad8a966c935aa0cf6210c15637cb1b98,b9c86cab79cf6f0b56530157fe71b2c1,6,12fb34a0278cc19ef418ee0fe09866d3d566f2a1edf080ff9e4a65f6ac4e462a,7.41,2026-06-03T16:07:46.385240+00:00,hmac-sha256
02b48057476fcc26fd297768ac986076ad8a966c935aa0cf6210c15637cb1b98,b9c86cab79cf6f0b56530157fe71b2c1,7,30cf1c39ea8f350795e863e493e540efbba9d70341565278ab3a8dc66d20f922,19.06,2026-06-03T16:07:46.385280+00:00,hmac-sha256
02b48057476fcc26fd297768ac986076ad8a966c935aa0cf6210c15637cb1b98,b9c86cab79cf6f0b56530157fe71b2c1,8,81b90e2e3b5712aeef2862aaa4e4468293a27374fc7533b190ad9afbe17def6f,50.67,2026-06-03T16:07:46.385318+00:00,hmac-sha256
02b48057476fcc26fd297768ac986076ad8a966c935aa0cf6210c15637cb1b98,b9c86cab79cf6f0b56530157fe71b2c1,9,3eabf6cefa515ecb5a9a9802424681b72a23b5082ed3af3e8a0b0927e79f560e,24.48,2026-06-03T16:07:46.385355+00:00,hmac-sha256
02b48057476fcc26fd297768ac986076ad8a966c935aa0cf6210c15637cb1b98,b9c86cab79cf6f0b56530157fe71b2c1,10,18581796afd9e338a34746a2ab6bc51fd3c26d00b25f0cdaf032cd69b79b495b,9.51,2026-06-03T16:07:46.385392+00:00,hmac-sha256
02b48057476fcc26fd297768ac986076ad8a966c935aa0cf6210c15637cb1b98,b9c86cab79cf6f0b56530157fe71b2c1,11,f4bb415dee400ee1c358f233de815192d595fa5c49e7f10a29dd3eb7daf3651d,95.6,2026-06-03T16:07:46.385431+00:00,hmac-sha256
02b48057476fcc26fd297768ac986076ad8a966c935aa0cf6210c15637cb1b98,b9c86cab79cf6f0b56530157fe71b2c1,12,347dba321763bc86119829a8da4cd802b4d320e3f27000ea48f484b60c7fbb4a,20.5,2026-06-03T16:07:46.385469+00:00,hmac-sha256
02b48057476fcc26fd297768ac986076ad8a966c935aa0cf6210c15637cb1b98,b9c86cab79cf6f0b56530157fe71b2c1,13,cd1121fc1e4532a50b0909c6e5c29042beb569f217207d61aa117581bbcc209d,80.11,2026-06-03T16:07:46.385508+00:00,hmac-sha256
02b48057476fcc26fd297768ac986076ad8a966c935aa0cf6210c15637cb1b98,b9c86cab79cf6f0b56530157fe71b2c1,14,a08fb9d2de41569bd59d3c47820970f352a2438396610dff7ce14dcf348bcacc,62.72,2026-06-03T16:07:46.385544+00:00,hmac-sha256
02b48057476fcc26fd297768ac986076ad8a966c935aa0cf6210c15637cb1b98,b9c86cab79cf6f0b56530157fe71b2c1,15,5f7241f51d22bcc25e59e1f35d5c205134b7f8f6ab1ab575beac46b4b41ffa1c,37.28,2026-06-03T16:07:46.385582+00:00,hmac-sha256
02b48057476fcc26fd297768ac986076ad8a966c935aa0cf6210c15637cb1b98,b9c86cab79cf6f0b56530157fe71b2c1,16,1ac32e7878c3fc656be3511dcc6c4a51dabcc30578520e67ba96f7ac16d95be4,10.45,2026-06-03T16:07:46.385619+00:00,hmac-sha256
02b48057476fcc26fd297768ac986076ad8a966c935aa0cf6210c15637cb1b98,b9c86cab79cf6f0b56530157fe71b2c1,17,0d8ebeeeef314749924b1f88e89574cf264385e7d8a2e9cb640689bcc0d60b85,5.29,2026-06-03T16:07:46.385656+00:00,hmac-sha256
02b48057476fcc26fd297768ac986076ad8a966c935aa0cf6210c15637cb1b98,b9c86cab79cf6f0b56530157fe71b2c1,18,e94f018e75c98b0a21cd7cf1b877eda3d60a235108656e26eef6d1f33127d925,91.14,2026-06-03T16:07:46.385693+00:00,hmac-sha256
02b48057476fcc26fd297768ac986076ad8a966c935aa0cf6210c15637cb1b98,b9c86cab79cf6f0b56530157fe71b2c1,19,9ec798590a3552987b5043dd0ae86f9f881dc615d0dab4537909ab49e07d31a0,62.02,2026-06-03T16:07:46.385731+00:00,hmac-sha256
02b48057476fcc26fd297768ac986076ad8a966c935aa0cf6210c15637cb1b98,b9c86cab79cf6f0b56530157fe71b2c1,20,e9b86d0900c2ce414367f99da3db222045458136e8b7a3bd93f9fafb2a2b023d,91.3,2026-06-03T16:07:46.385776+00:00,hmac-sha256
02b48057476fcc26fd297768ac986076ad8a966c935aa0cf6210c15637cb1b98,b9c86cab79cf6f0b56530157fe71b2c1,21,497360148926a37feeee0fed23418dd3f5cfd3046b98eeda3c19db25f57a84e7,28.69,2026-06-03T16:07:46.385817+00:00,hmac-sha256
02b48057476fcc26fd297768ac986076ad8a966c935aa0cf6210c15637cb1b98,b9c86cab79cf6f0b56530157fe71b2c1,22,15d6ab70fc522962a37927beb629de27d8cabbbe63adb6e8c8f7508d9858c618,8.53,2026-06-03T16:07:46.385854+00:00,hmac-sha256
02b48057476fcc26fd297768ac986076ad8a966c935aa0cf6210c15637cb1b98,b9c86cab79cf6f0b56530157fe71b2c1,23,6dad5fac769ad27840b20cdf4d043485c4aeecf348e6cdda4c473c421b952c31,42.84,2026-06-03T16:07:46.385893+00:00,hmac-sha256
02b48057476fcc26fd297768ac986076ad8a966c935aa0cf6210c15637cb1b98,b9c86cab79cf6f0b56530157fe71b2c1,24,f87aa69624e29518ae798e51441140cb15cdf8222ece66302c964a4bd3a29969,97.07,2026-06-03T16:07:46.385929+00:00,hmac-sha256
02b48057476fcc26fd297768ac986076ad8a966c935aa0cf6210c15637cb1b98,b9c86cab79cf6f0b56530157fe71b2c1,25,1181857c59bed9231c0bcadfa6d0f5c50fd8f8f9940d823d3f4911bbd04f5a08,6.83,2026-06-03T16:07:46.385965+00:00,hmac-sha256
02b48057476fcc26fd297768ac986076ad8a966c935aa0cf6210c15637cb1b98,b9c86cab79cf6f0b56530157fe71b2c1,26,c8d1eb8101729d0709aa2d4bac3935ed72d2c4f3d002d9fa6b4a52dd4c4752b7,78.45,2026-06-03T16:07:46.386003+00:00,hmac-sha256
02b48057476fcc26fd297768ac986076ad8a966c935aa0cf6210c15637cb1b98,b9c86cab79cf6f0b56530157fe71b2c1,27,1754e43240c6aec057ccf91b4c0f938b232cd70bfcea00705113b57efe58b34e,9.11,2026-06-03T16:07:46.386040+00:00,hmac-sha256
02b48057476fcc26fd297768ac986076ad8a966c935aa0cf6210c15637cb1b98,b9c86cab79cf6f0b56530157fe71b2c1,28,0b67636ec3ef8f31cde3fe97bb86cfc15349981c433509c9ea32078d6652d472,4.45,2026-06-03T16:07:46.386075+00:00,hmac-sha256
02b48057476fcc26fd297768ac986076ad8a966c935aa0cf6210c15637cb1b98,b9c86cab79cf6f0b56530157fe71b2c1,29,80bb8d3e9c4df417a45a03ba4537c6389ac56d140a3c92aaec6b9af1efb7db8a,50.29,2026-06-03T16:07:46.386113+00:00,hmac-sha256
02b48057476fcc26fd297768ac986076ad8a966c935aa0cf6210c15637cb1b98,b9c86cab79cf6f0b56530157fe71b2c1,30,1ab7176f6dfb6927ab1c55a846465655e81ba81c0c8b1bbeef1c09d339866cea,10.43,2026-06-03T16:07:46.386148+00:00,hmac-sha256
02b48057476fcc26fd297768ac986076ad8a966c935aa0cf6210c15637cb1b98,b9c86cab79cf6f0b56530157fe71b2c1,31,3cb7bb575126dc7a62917295a6f81a5b0d0d5e2604e467b0d98c476e6d7c9df9,23.72,2026-06-03T16:07:46.386183+00:00,hmac-sha256
02b48057476fcc26fd297768ac986076ad8a966c935aa0cf6210c15637cb1b98,b9c86cab79cf6f0b56530157fe71b2c1,32,4ce5a8b0cafd9bf70af771ba3c256e7545669321ddd90e21af24ddee2b12ff8c,30.04,2026-06-03T16:07:46.386219+00:00,hmac-sha256
02b48057476fcc26fd297768ac986076ad8a966c935aa0cf6210c15637cb1b98,b9c86cab79cf6f0b56530157fe71b2c1,33,16fc2477259341649fb32e55bdb6cc76514ba9a49158b92eb5da9ca4bf4ac1d0,8.97,2026-06-03T16:07:46.386254+00:00,hmac-sha256
02b48057476fcc26fd297768ac986076ad8a966c935aa0cf6210c15637cb1b98,b9c86cab79cf6f0b56530157fe71b2c1,34,5558e3c265f8e73eedbdd85b8720702faf13edbed867df703411599f0f3f7280,33.34,2026-06-03T16:07:46.386293+00:00,hmac-sha256
02b48057476fcc26fd297768ac986076ad8a966c935aa0cf6210c15637cb1b98,b9c86cab79cf6f0b56530157fe71b2c1,35,fa4cbbc894e39346b49c6723dc14078e0978ec8f21a0059821be4904f2ea9d35,97.78,2026-06-03T16:07:46.386329+00:00,hmac-sha256
02b48057476fcc26fd297768ac986076ad8a966c935aa0cf6210c15637cb1b98,b9c86cab79cf6f0b56530157fe71b2c1,36,16dce983c870cce94525ad62bbeaad71e304a91f98d8135fdf72b046808ec35b,8.93,2026-06-03T16:07:46.386364+00:00,hmac-sha256
02b48057476fcc26fd297768ac986076ad8a966c935aa0cf6210c15637cb1b98,b9c86cab79cf6f0b56530157fe71b2c1,37,f7b9d7459942716ef3c58535f1a871606a378fd5bfc22ab8e5fd5b84a3f68dfe,96.77,2026-06-03T16:07:46.386399+00:00,hmac-sha256
02b48057476fcc26fd297768ac986076ad8a966c935aa0cf6210c15637cb1b98,b9c86cab79cf6f0b56530157fe71b2c1,38,c9675d381477a4148a5f6a5578491ca27c2be367eb92214a5db771bf34efb175,78.68,2026-06-03T16:07:46.386434+00:00,hmac-sha256
02b48057476fcc26fd297768ac986076ad8a966c935aa0cf6210c15637cb1b98,b9c86cab79cf6f0b56530157fe71b2c1,39,f4afa99fdc4aa331a1bbe1b5d16bea301b024ed37eb8362de60aec8d990dd6dc,95.59,2026-06-03T16:07:46.386470+00:00,hmac-sha256
02b48057476fcc26fd297768ac986076ad8a966c935aa0cf6210c15637cb1b98,b9c86cab79cf6f0b56530157fe71b2c1,40,0c86ae9300463f7109a07deeb21b30cd023eec8f9131e37f79a6099f71c864fd,4.89,2026-06-03T16:07:46.386508+00:00,hmac-sha256
02b48057476fcc26fd297768ac986076ad8a966c935aa0cf6210c15637cb1b98,b9c86cab79cf6f0b56530157fe71b2c1,41,26c33ce229e8b94c1772b9cf76c2e8360b9f995ffcf210862e5d616e31bee950,15.14,2026-06-03T16:07:46.386545+00:00,hmac-sha256
02b48057476fcc26fd297768ac986076ad8a966c935aa0cf6210c15637cb1b98,b9c86cab79cf6f0b56530157fe71b2c1,42,ffdf8f7d9994e22effb2e1bf72d90bc1d1cf0039c7beb42f1d42a7f792a99f11,99.96,2026-06-03T16:07:46.386580+00:00,hmac-sha256
02b48057476fcc26fd297768ac986076ad8a966c935aa0cf6210c15637cb1b98,b9c86cab79cf6f0b56530157fe71b2c1,43,93f03a9b97a33b03676eed830e806d9166ee7a287365bc66eaf67d5773bcd275,57.79,2026-06-03T16:07:46.386621+00:00,hmac-sha256
02b48057476fcc26fd297768ac986076ad8a966c935aa0cf6210c15637cb1b98,b9c86cab79cf6f0b56530157fe71b2c1,44,21a8ed6665f1e75bf5095135ebc5de69594d5a629acf0382d82a0403e70c06ad,13.14,2026-06-03T16:07:46.386657+00:00,hmac-sha256
02b48057476fcc26fd297768ac986076ad8a966c935aa0cf6210c15637cb1b98,b9c86cab79cf6f0b56530157fe71b2c1,45,aa26c213dc34a120ccdcb6c233e02bd50e8cbb487240662dd6bb5c6a687df8a3,66.47,2026-06-03T16:07:46.386692+00:00,hmac-sha256
02b48057476fcc26fd297768ac986076ad8a966c935aa0cf6210c15637cb1b98,b9c86cab79cf6f0b56530157fe71b2c1,46,0eb77c97e41d2255612aa52a3980e0ed2520f6aebfc4112214eade77b5e589e9,5.74,2026-06-03T16:07:46.386729+00:00,hmac-sha256
02b48057476fcc26fd297768ac986076ad8a966c935aa0cf6210c15637cb1b98,b9c86cab79cf6f0b56530157fe71b2c1,47,8f71456dec36fbc37350f08b38701d25de42c301f42b99e2ca166adbfdf79aaf,56.03,2026-06-03T16:07:46.386764+00:00,hmac-sha256
02b48057476fcc26fd297768ac986076ad8a966c935aa0cf6210c15637cb1b98,b9c86cab79cf6f0b56530157fe71b2c1,48,6d2f77eeace44a0da7657e061a3e97a64ba72e7999233bf4b9e98758110f2f47,42.65,2026-06-03T16:07:46.386799+00:00,hmac-sha256
02b48057476fcc26fd297768ac986076ad8a966c935aa0cf6210c15637cb1b98,b9c86cab79cf6f0b56530157fe71b2c1,49,ed9005d7ee98cccbd7b3fe9d92fef75759a8ef4fbd92ceaa51f9440f1941b3b8,92.8,2026-06-03T16:07:46.386837+00:00,hmac-sha256
02b48057476fcc26fd297768ac986076ad8a966c935aa0cf6210c15637cb1b98,b9c86cab79cf6f0b56530157fe71b2c1,50,2f64bfa121dc2d9ab209aff341166f7b7cc5f4b3fa5ea0fc8f728959a3f30da1,18.51,2026-06-03T16:07:46.386873+00:00,hmac-sha256
02b48057476fcc26fd297768ac986076ad8a966c935aa0cf6210c15637cb1b98,b9c86cab79cf6f0b56530157fe71b2c1,51,6461873eda177d19cf6d7976648f7da14d0f9c38c371f46e76bdba2690701a7e,39.21,2026-06-03T16:07:46.386910+00:00,hmac-sha256
02b48057476fcc26fd297768ac986076ad8a966c935aa0cf6210c15637cb1b98,b9c86cab79cf6f0b56530157fe71b2c1,52,f1e01560a64b581884288c53f7ed6e55b14f118d1fbcb0dc7a3f9dd01828e1c5,94.49,2026-06-03T16:07:46.386945+00:00,hmac-sha256
02b48057476fcc26fd297768ac986076ad8a966c935aa0cf6210c15637cb1b98,b9c86cab79cf6f0b56530157fe71b2c1,53,98d2e40edd86fb4c747225730396ef2a16122e2dbc15d1f646e0bbdf2fed6f3f,59.7,2026-06-03T16:07:46.386980+00:00,hmac-sha256
02b48057476fcc26fd297768ac986076ad8a966c935aa0cf6210c15637cb1b98,b9c86cab79cf6f0b56530157fe71b2c1,54,ed842f8078c0381239dd8a75a81227c8f26775f5d1611e7fa259deb962baeb90,92.78,2026-06-03T16:07:46.387015+00:00,hmac-sha256
02b48057476fcc26fd297768ac986076ad8a966c935aa0cf6210c15637cb1b98,b9c86cab79cf6f0b56530157fe71b2c1,55,b3b943a673f19230037aeea0b5c0666346ab869f5cfb12900ae8f5ea0ef7e7b0,70.21,2026-06-03T16:07:46.387050+00:00,hmac-sha256
02b48057476fcc26fd297768ac986076ad8a966c935aa0cf6210c15637cb1b98,b9c86cab79cf6f0b56530157fe71b2c1,56,9a7165fb44aa6e734d63ed271ff655911af861ebf0de9ce7d4b5269a6a40ff71,60.33,2026-06-03T16:07:46.387085+00:00,hmac-sha256
02b48057476fcc26fd297768ac986076ad8a966c935aa0cf6210c15637cb1b98,b9c86cab79cf6f0b56530157fe71b2c1,57,dfd6a26298b0d30207937c974f7400d7012f81c40f56dd2c392393ab92339912,87.44,2026-06-03T16:07:46.387120+00:00,hmac-sha256
02b48057476fcc26fd297768ac986076ad8a966c935aa0cf6210c15637cb1b98,b9c86cab79cf6f0b56530157fe71b2c1,58,c221ae236b3e09b1dafc9b5fe759a107ad85e69be7395c2f8171fcd72d7443c8,75.84,2026-06-03T16:07:46.387154+00:00,hmac-sha256
02b48057476fcc26fd297768ac986076ad8a966c935aa0cf6210c15637cb1b98,b9c86cab79cf6f0b56530157fe71b2c1,59,1087f1b54597f9c97eb7a1888460681385e14699a74e33b0ed8d5c0aca068fef,6.45,2026-06-03T16:07:46.387199+00:00,hmac-sha256
02b48057476fcc26fd297768ac986076ad8a966c935aa0cf6210c15637cb1b98,b9c86cab79cf6f0b56530157fe71b2c1,60,9af3c75060595df9029d0137d31b0fec4a3a88c2b26de9128120c11531f59c92,60.53,2026-06-03T16:07:46.387461+00:00,hmac-sha256
02b48057476fcc26fd297768ac986076ad8a966c935aa0cf6210c15637cb1b98,b9c86cab79cf6f0b56530157fe71b2c1,61,0870b45c7317f0c3a593bd0db53070aa2de2e45cbd12a09d8e7be259df31dc5e,3.29,2026-06-03T16:07:46.387504+00:00,hmac-sha256
02b48057476fcc26fd297768ac986076ad8a966c935aa0cf6210c15637cb1b98,b9c86cab79cf6f0b56530157fe71b2c1,62,dcd1bd6c4c656b67d2125cfa1bcc4de04798a8b1e83408713a855be4b11295e0,86.26,2026-06-03T16:07:46.387540+00:00,hmac-sha256
02b48057476fcc26fd297768ac986076ad8a966c935aa0cf6210c15637cb1b98,b9c86cab79cf6f0b56530157fe71b2c1,63,f75bcabc7c5f533d1addb7fd3833b6eeaefceedda2bbfc22bce9083bb4f79dd6,96.63,2026-06-03T16:07:46.387576+00:00,hmac-sha256
02b48057476fcc26fd297768ac986076ad8a966c935aa0cf6210c15637cb1b98,b9c86cab79cf6f0b56530157fe71b2c1,64,c99790ae330e7ad44c5483366aaab70e44c67772ba2ea2d8ee43070ad469ba4b,78.75,2026-06-03T16:07:46.387611+00:00,hmac-sha256
02b48057476fcc26fd297768ac986076ad8a966c935aa0cf6210c15637cb1b98,b9c86cab79cf6f0b56530157fe71b2c1,65,c2b02519934f83f90050b4d875723b31130d011e03dd13f31aebe7991b635dcb,76.05,2026-06-03T16:07:46.387649+00:00,hmac-sha256
02b48057476fcc26fd297768ac986076ad8a966c935aa0cf6210c15637cb1b98,b9c86cab79cf6f0b56530157fe71b2c1,66,619c16dc9c45cc9b3c6f7ea897d1b3bb809bab87e7bfb77db2e2420daa7e297d,38.13,2026-06-03T16:07:46.387685+00:00,hmac-sha256
02b48057476fcc26fd297768ac986076ad8a966c935aa0cf6210c15637cb1b98,b9c86cab79cf6f0b56530157fe71b2c1,67,23a167231be10e623cca5ebd6b6e254257a7ef0294cf22dbb0afb5e12b988b1e,13.91,2026-06-03T16:07:46.387720+00:00,hmac-sha256
02b48057476fcc26fd297768ac986076ad8a966c935aa0cf6210c15637cb1b98,b9c86cab79cf6f0b56530157fe71b2c1,68,d7811bb078f7f6828cbc4f6b193980a24339073bb2e80d40524c719569b45767,84.18,2026-06-03T16:07:46.387755+00:00,hmac-sha256
02b48057476fcc26fd297768ac986076ad8a966c935aa0cf6210c15637cb1b98,b9c86cab79cf6f0b56530157fe71b2c1,69,5da1f7934b5e6e4dd59a3c03f59f3558e3016bc35f0e1d2765567954f593edb9,36.57,2026-06-03T16:07:46.387936+00:00,hmac-sha256
02b48057476fcc26fd297768ac986076ad8a966c935aa0cf6210c15637cb1b98,b9c86cab79cf6f0b56530157fe71b2c1,70,7b7d8c9eb22005891ca7d923bed226437de99c6421c3e48a7bdb4458d2a5114f,48.24,2026-06-03T16:07:46.388044+00:00,hmac-sha256
affd650acfdc56daffdd16f292e41ca1eb90cb290f4dd7a3bc9995372772156d,b9c86cab79cf6f0b56530157fe71b2c1,1,8ede992b7524506abc36bd1c436a22d867ddf2d33c167e7b9cdc475816ae4fe3,55.81,2026-06-03T16:07:46.388160+00:00,hmac-sha256
affd650acfdc56daffdd16f292e41ca1eb90cb290f4dd7a3bc9995372772156d,b9c86cab79cf6f0b56530157fe71b2c1,2,4f76a36b40b69d4af11e5b270df56d569fd712cb88afc3ac7f09030a69addbb2,31.04,2026-06-03T16:07:46.388236+00:00,hmac-sha256
affd650acfdc56daffdd16f292e41ca1eb90cb290f4dd7a3bc9995372772156d,b9c86cab79cf6f0b56530157fe71b2c1,3,f0c0372c06f8e44835fb5ea7bbc3d63b64a0d074ab96170b8ef64d0ba8801f7c,94.05,2026-06-03T16:07:46.388302+00:00,hmac-sha256
affd650acfdc56daffdd16f292e41ca1eb90cb290f4dd7a3bc9995372772156d,b9c86cab79cf6f0b56530157fe71b2c1,4,1c18247f131848a6f27d35926fc9a11621776db79a792f4313d36f2c805e7a97,10.97,2026-06-03T16:07:46.388369+00:00,hmac-sha256
affd650acfdc56daffdd16f292e41ca1eb90cb290f4dd7a3bc9995372772156d,b9c86cab79cf6f0b56530157fe71b2c1,5,d83307e65a5ee0ea97ad0d6612b8408eb7032ce4537d995a6f7cf56144416790,84.46,2026-06-03T16:07:46.388444+00:00,hmac-sha256
affd650acfdc56daffdd16f292e41ca1eb90cb290f4dd7a3bc9995372772156d,b9c86cab79cf6f0b56530157fe71b2c1,6,1e7208e8018a1dc7867272521e8d27182c9e57939ac1f07f2fa691008456c121,11.89,2026-06-03T16:07:46.388511+00:00,hmac-sha256
affd650acfdc56daffdd16f292e41ca1eb90cb290f4dd7a3bc9995372772156d,b9c86cab79cf6f0b56530157fe71b2c1,7,16c555e72d1377cdd93a7b8331abceae20e2b201893cdb45aaf267f5100d78d6,8.89,2026-06-03T16:07:46.388577+00:00,hmac-sha256
affd650acfdc56daffdd16f292e41ca1eb90cb290f4dd7a3bc9995372772156d,b9c86cab79cf6f0b56530157fe71b2c1,8,a79039c55378d49baee336a23a317c61155ed0594512f71036799e954c77645d,65.46,2026-06-03T16:07:46.388732+00:00,hmac-sha256
affd650acfdc56daffdd16f292e41ca1eb90cb290f4dd7a3bc9995372772156d,b9c86cab79cf6f0b56530157fe71b2c1,9,7f2d8e14319f967d757207ffd17b2d65236ab2e191079bb80452d49685c43071,49.68,2026-06-03T16:07:46.388805+00:00,hmac-sha256
affd650acfdc56daffdd16f292e41ca1eb90cb290f4dd7a3bc9995372772156d,b9c86cab79cf6f0b56530157fe71b2c1,10,fb3b911170aae1a29d7e3cc039b51debfb1c3c0c2bd5db17600599a4fdb04f9a,98.14,2026-06-03T16:07:46.388870+00:00,hmac-sha256
affd650acfdc56daffdd16f292e41ca1eb90cb290f4dd7a3bc9995372772156d,b9c86cab79cf6f0b56530157fe71b2c1,11,09c7a1ecbf4e4b73ced4050cae0687938739982e00835bc41af46648539bd94a,3.82,2026-06-03T16:07:46.388922+00:00,hmac-sha256
affd650acfdc56daffdd16f292e41ca1eb90cb290f4dd7a3bc9995372772156d,b9c86cab79cf6f0b56530157fe71b2c1,12,bd5b10a9e397c7c90e52c5d82c7387fdfdb3d3e47c0ca320d737ed93955d2073,73.97,2026-06-03T16:07:46.388960+00:00,hmac-sha256
affd650acfdc56daffdd16f292e41ca1eb90cb290f4dd7a3bc9995372772156d,b9c86cab79cf6f0b56530157fe71b2c1,13,570d182b02cb555cd183744266311dcbfaa739dd10b6edeba2399235e21bc4e1,34.0,2026-06-03T16:07:46.388996+00:00,hmac-sha256
affd650acfdc56daffdd16f292e41ca1eb90cb290f4dd7a3bc9995372772156d,b9c86cab79cf6f0b56530157fe71b2c1,14,3b1e72eb211c227f1f43c0e501c7fbbc69c9050e58461973575bae7ca8941579,23.09,2026-06-03T16:07:46.389032+00:00,hmac-sha256
affd650acfdc56daffdd16f292e41ca1eb90cb290f4dd7a3bc9995372772156d,b9c86cab79cf6f0b56530157fe71b2c1,15,98bd92867b70e70754d06cf37ccd73ea10a1d46f6c4cd00d48b7fc4e7cfa21b8,59.67,2026-06-03T16:07:46.389071+00:00,hmac-sha256
affd650acfdc56daffdd16f292e41ca1eb90cb290f4dd7a3bc9995372772156d,b9c86cab79cf6f0b56530157fe71b2c1,16,1740ea8252e8bac883c2a920c1447a347f60bab142f50c9473bb647713a1e544,9.08,2026-06-03T16:07:46.389107+00:00,hmac-sha256
affd650acfdc56daffdd16f292e41ca1eb90cb290f4dd7a3bc9995372772156d,b9c86cab79cf6f0b56530157fe71b2c1,17,55efe6bfb2125ce9ed8885d254dd9902b9530ad09cda3c45dde03e3ed812a7f2,33.57,2026-06-03T16:07:46.389143+00:00,hmac-sha256
affd650acfdc56daffdd16f292e41ca1eb90cb290f4dd7a3bc9995372772156d,b9c86cab79cf6f0b56530157fe71b2c1,18,c21498c64e1b4d010956c0cc76ebba60cdff39f0e49c862eb1e1cb0a56b33d53,75.82,2026-06-03T16:07:46.389179+00:00,hmac-sha256
affd650acfdc56daffdd16f292e41ca1eb90cb290f4dd7a3bc9995372772156d,b9c86cab79cf6f0b56530157fe71b2c1,19,3f603fb268cb4e5da1b8b781a053e52dd848efc990caee042e6189d55ca58d6d,24.75,2026-06-03T16:07:46.389215+00:00,hmac-sha256
affd650acfdc56daffdd16f292e41ca1eb90cb290f4dd7a3bc9995372772156d,b9c86cab79cf6f0b56530157fe71b2c1,20,a51f2bf65a8be1fd72d5c95d5cd061ed38eb27a08b2a1834d53d4903c57ebc7c,64.5,2026-06-03T16:07:46.389252+00:00,hmac-sha256
affd650acfdc56daffdd16f292e41ca1eb90cb290f4dd7a3bc9995372772156d,b9c86cab79cf6f0b56530157fe71b2c1,21,2da4eddb37271c7d22e4ab8c7a748f48e8aed0229fc73e20806988a5e0b60235,17.83,2026-06-03T16:07:46.389291+00:00,hmac-sha256
affd650acfdc56daffdd16f292e41ca1eb90cb290f4dd7a3bc9995372772156d,b9c86cab79cf6f0b56530157fe71b2c1,22,cf1fde827fd62a48d5ee3b005bab2bda5b162f99d03b9490d40162e4aeb37746,80.91,2026-06-03T16:07:46.389328+00:00,hmac-sha256
affd650acfdc56daffdd16f292e41ca1eb90cb290f4dd7a3bc9995372772156d,b9c86cab79cf6f0b56530157fe71b2c1,23,5f754a78699af14976b3bbe8d3183372644cc7a6a383f35dd815336962d7555b,37.29,2026-06-03T16:07:46.389364+00:00,hmac-sha256
affd650acfdc56daffdd16f292e41ca1eb90cb290f4dd7a3bc9995372772156d,b9c86cab79cf6f0b56530157fe71b2c1,24,d501806dd7985c8237d7a41feb1b7fc314b75ccc62d3a14de3ad822c069803bd,83.21,2026-06-03T16:07:46.389399+00:00,hmac-sha256
affd650acfdc56daffdd16f292e41ca1eb90cb290f4dd7a3bc9995372772156d,b9c86cab79cf6f0b56530157fe71b2c1,25,85f9de3a81494ddf2941e3f68050e63e55d91bbec3314ebdbecb1b75fba92716,52.33,2026-06-03T16:07:46.389436+00:00,hmac-sha256
affd650acfdc56daffdd16f292e41ca1eb90cb290f4dd7a3bc9995372772156d,b9c86cab79cf6f0b56530157fe71b2c1,26,123d0f6d1300f652e97afcc529287878b6ce96bc8eaa2b0b12943a2063e1f50b,7.12,2026-06-03T16:07:46.389472+00:00,hmac-sha256
affd650acfdc56daffdd16f292e41ca1eb90cb290f4dd7a3bc9995372772156d,b9c86cab79cf6f0b56530157fe71b2c1,27,ba2c11f1f6f5dddb37520e8ef6e3a9a32735e356d8a846c0f7dcf03c7a65eb1b,72.73,2026-06-03T16:07:46.389510+00:00,hmac-sha256
affd650acfdc56daffdd16f292e41ca1eb90cb290f4dd7a3bc9995372772156d,b9c86cab79cf6f0b56530157fe71b2c1,28,e0c7234f6c5af418e51359503a7db9706234951547ef1ad9f7dd75f1739cbcd2,87.81,2026-06-03T16:07:46.389559+00:00,hmac-sha256
affd650acfdc56daffdd16f292e41ca1eb90cb290f4dd7a3bc9995372772156d,b9c86cab79cf6f0b56530157fe71b2c1,29,c82b99ebea46b0623eb5a83f6711e5c968a07099f18e7a383d91749c88db204e,78.19,2026-06-03T16:07:46.389596+00:00,hmac-sha256
affd650acfdc56daffdd16f292e41ca1eb90cb290f4dd7a3bc9995372772156d,b9c86cab79cf6f0b56530157fe71b2c1,30,edcbf00d1fe5231443a27b1b35b11b3e16935da98b03305da931d00a07d00144,92.89,2026-06-03T16:07:46.389634+00:00,hmac-sha256
affd650acfdc56daffdd16f292e41ca1eb90cb290f4dd7a3bc9995372772156d,b9c86cab79cf6f0b56530157fe71b2c1,31,0726b2639f1f22449ce46ad7e63c230467ac6510baaf7b2b8aaa3c63e6161b72,2.79,2026-06-03T16:07:46.389670+00:00,hmac-sha256
affd650acfdc56daffdd16f292e41ca1eb90cb290f4dd7a3bc9995372772156d,b9c86cab79cf6f0b56530157fe71b2c1,32,9b2df6d7b43ec2a7e297a7ad81b87c4bbe11536eeb9ae349a76887067b9bf199,60.62,2026-06-03T16:07:46.389706+00:00,hmac-sha256
affd650acfdc56daffdd16f292e41ca1eb90cb290f4dd7a3bc9995372772156d,b9c86cab79cf6f0b56530157fe71b2c1,33,6c7aab1ca279e88636259bb87c8bd73365bb119408a224a2df862a65d9f1e350,42.37,2026-06-03T16:07:46.389742+00:00,hmac-sha256
affd650acfdc56daffdd16f292e41ca1eb90cb290f4dd7a3bc9995372772156d,b9c86cab79cf6f0b56530157fe71b2c1,34,bb07220ab0f688318fc0b03c849180b9f2bfcb659d09802b2b36b50f574a8cf9,73.06,2026-06-03T16:07:46.389778+00:00,hmac-sha256
affd650acfdc56daffdd16f292e41ca1eb90cb290f4dd7a3bc9995372772156d,b9c86cab79cf6f0b56530157fe71b2c1,35,d6c039f4e6b4369c2d0418de3550f60f8ed756cc34162720c0ff6cb70054c6d8,83.89,2026-06-03T16:07:46.389813+00:00,hmac-sha256
affd650acfdc56daffdd16f292e41ca1eb90cb290f4dd7a3bc9995372772156d,b9c86cab79cf6f0b56530157fe71b2c1,36,743372bdaf341161bb3f9181c17e06ca86ad1588b3292d580709b03cd062d07f,45.39,2026-06-03T16:07:46.389850+00:00,hmac-sha256
affd650acfdc56daffdd16f292e41ca1eb90cb290f4dd7a3bc9995372772156d,b9c86cab79cf6f0b56530157fe71b2c1,37,d036f1abbf05ac0692021bd8f08e56b11eb8ca7b7b7ba37bf6391ba97952087d,81.34,2026-06-03T16:07:46.389885+00:00,hmac-sha256
affd650acfdc56daffdd16f292e41ca1eb90cb290f4dd7a3bc9995372772156d,b9c86cab79cf6f0b56530157fe71b2c1,38,7901d69d31520fc48230e3e198299d89dee5ef27ecb04eff64278060941fc789,47.27,2026-06-03T16:07:46.389920+00:00,hmac-sha256
affd650acfdc56daffdd16f292e41ca1eb90cb290f4dd7a3bc9995372772156d,b9c86cab79cf6f0b56530157fe71b2c1,39,aaccf9d410f49e2b1863bc259e34be895d5d3c76e18c64400a08e51947fd699a,66.72,2026-06-03T16:07:46.389955+00:00,hmac-sha256
affd650acfdc56daffdd16f292e41ca1eb90cb290f4dd7a3bc9995372772156d,b9c86cab79cf6f0b56530157fe71b2c1,40,62d5b6b0f75cd31255f44bb27cff03062fd1c2573f62c9319a7863d5a913128a,38.61,2026-06-03T16:07:46.389990+00:00,hmac-sha256
affd650acfdc56daffdd16f292e41ca1eb90cb290f4dd7a3bc9995372772156d,b9c86cab79cf6f0b56530157fe71b2c1,41,bba0d9685a58cea85ae61b4383fbf0d0b69fc38e4126fbc86a9bfe37fc8cc298,73.29,2026-06-03T16:07:46.390025+00:00,hmac-sha256
affd650acfdc56daffdd16f292e41ca1eb90cb290f4dd7a3bc9995372772156d,b9c86cab79cf6f0b56530157fe71b2c1,42,d66d7fdf56817bed18a7a8789789b90da61143b0389b19667bcc39712a50c4c9,83.76,2026-06-03T16:07:46.390060+00:00,hmac-sha256
affd650acfdc56daffdd16f292e41ca1eb90cb290f4dd7a3bc9995372772156d,b9c86cab79cf6f0b56530157fe71b2c1,43,5dc792e2c2409f09589c62174d03bc475d6c328ab220e5e4e94257ab5242dc9c,36.63,2026-06-03T16:07:46.390095+00:00,hmac-sha256
affd650acfdc56daffdd16f292e41ca1eb90cb290f4dd7a3bc9995372772156d,b9c86cab79cf6f0b56530157fe71b2c1,44,3ad349b25bd646b5777eaabc86205aaee66a27487796b86cc96eae875288e5ee,22.98,2026-06-03T16:07:46.390133+00:00,hmac-sha256
affd650acfdc56daffdd16f292e41ca1eb90cb290f4dd7a3bc9995372772156d,b9c86cab79cf6f0b56530157fe71b2c1,45,36f23add748a71b0e551dfc4e89a2c923791d730dc70bd325ea4d2b25f4054af,21.46,2026-06-03T16:07:46.390203+00:00,hmac-sha256
affd650acfdc56daffdd16f292e41ca1eb90cb290f4dd7a3bc9995372772156d,b9c86cab79cf6f0b56530157fe71b2c1,46,fa5835c77052c203a6a4c4a2a458d70c9f49e1ba5d6782c058989e82bae6c001,97.8,2026-06-03T16:07:46.390242+00:00,hmac-sha256
affd650acfdc56daffdd16f292e41ca1eb90cb290f4dd7a3bc9995372772156d,b9c86cab79cf6f0b56530157fe71b2c1,47,d0549a39deec7dd32bdb6adb444514659579407cb1c94e826a3a8fb5d4915fe6,81.38,2026-06-03T16:07:46.390279+00:00,hmac-sha256
affd650acfdc56daffdd16f292e41ca1eb90cb290f4dd7a3bc9995372772156d,b9c86cab79cf6f0b56530157fe71b2c1,48,c04b58bd35e0b50531b4754519950fd9abf4263c4d36e8adfdecf36e8051d54b,75.12,2026-06-03T16:07:46.390314+00:00,hmac-sha256
affd650acfdc56daffdd16f292e41ca1eb90cb290f4dd7a3bc9995372772156d,b9c86cab79cf6f0b56530157fe71b2c1,49,c549fd4dec5bdd32bf94f3f2b124e7f3962b2257538830e16db64d7c7399b527,77.07,2026-06-03T16:07:46.390351+00:00,hmac-sha256
affd650acfdc56daffdd16f292e41ca1eb90cb290f4dd7a3bc9995372772156d,b9c86cab79cf6f0b56530157fe71b2c1,50,23f140ac92bf1ef9e81695bbc8f7b137e05e8fb326786009c3b05d266414d6c1,14.04,2026-06-03T16:07:46.390386+00:00,hmac-sha256
affd650acfdc56daffdd16f292e41ca1eb90cb290f4dd7a3bc9995372772156d,b9c86cab79cf6f0b56530157fe71b2c1,51,8c834c0d31aba31f13e4fde6bb1e3aa0b034066a878047996035093b0333009e,54.89,2026-06-03T16:07:46.390421+00:00,hmac-sha256
affd650acfdc56daffdd16f292e41ca1eb90cb290f4dd7a3bc9995372772156d,b9c86cab79cf6f0b56530157fe71b2c1,52,9db6298b81869e8d07bc0868ace34a758e40c3ad54d6122bd56804d6ce9210e6,61.61,2026-06-03T16:07:46.390457+00:00,hmac-sha256
affd650acfdc56daffdd16f292e41ca1eb90cb290f4dd7a3bc9995372772156d,b9c86cab79cf6f0b56530157fe71b2c1,53,55253e82228ca8fd9e533ad8a348841da0f85c0f2f60d434775946e37206cf83,33.26,2026-06-03T16:07:46.390491+00:00,hmac-sha256
affd650acfdc56daffdd16f292e41ca1eb90cb290f4dd7a3bc9995372772156d,b9c86cab79cf6f0b56530157fe71b2c1,54,0ef5ba3f1d6950770b0fc68eed5d00e88e392e6fc260b938ed4985ce0d8c3729,5.84,2026-06-03T16:07:46.390529+00:00,hmac-sha256
affd650acfdc56daffdd16f292e41ca1eb90cb290f4dd7a3bc9995372772156d,b9c86cab79cf6f0b56530157fe71b2c1,55,1b68de39717c4d8f513402e88cbddafc48907bddabb1b200e53d0bc67611b907,10.7,2026-06-03T16:07:46.390576+00:00,hmac-sha256
affd650acfdc56daffdd16f292e41ca1eb90cb290f4dd7a3bc9995372772156d,b9c86cab79cf6f0b56530157fe71b2c1,56,585af37ac331823bf34bd1156d96056f38c8ea0105addac6725ab60498e0664b,34.51,2026-06-03T16:07:46.390613+00:00,hmac-sha256
affd650acfdc56daffdd16f292e41ca1eb90cb290f4dd7a3bc9995372772156d,b9c86cab79cf6f0b56530157fe71b2c1,57,ee05ec1d3a37668a1768f77eb8b83bc538823689da2606199126aab501ca684b,92.98,2026-06-03T16:07:46.390649+00:00,hmac-sha256
affd650acfdc56daffdd16f292e41ca1eb90cb290f4dd7a3bc9995372772156d,b9c86cab79cf6f0b56530157fe71b2c1,58,16d714dc68b2747370ad72502e916287807a6ad68eb6d81e5523fe2cf021028e,8.92,2026-06-03T16:07:46.390685+00:00,hmac-sha256
affd650acfdc56daffdd16f292e41ca1eb90cb290f4dd7a3bc9995372772156d,b9c86cab79cf6f0b56530157fe71b2c1,59,862b28797908476e2995ae83a08ed625e3baa42ea2e6a8472679cf4e4779a5ba,52.41,2026-06-03T16:07:46.390720+00:00,hmac-sha256
affd650acfdc56daffdd16f292e41ca1eb90cb290f4dd7a3bc9995372772156d,b9c86cab79cf6f0b56530157fe71b2c1,60,d3cae3ebb7714e095151e255bc6c23903dbbb0ffdf333ba4de3638f04aedab1c,82.73,2026-06-03T16:07:46.390754+00:00,hmac-sha256
affd650acfdc56daffdd16f292e41ca1eb90cb290f4dd7a3bc9995372772156d,b9c86cab79cf6f0b56530157fe71b2c1,61,9bbc91fcb2fade9a2382dc2f1e2bc6900b482ad04a8f8c85e9a20c5b2d3a1437,60.84,2026-06-03T16:07:46.390791+00:00,hmac-sha256
affd650acfdc56daffdd16f292e41ca1eb90cb290f4dd7a3bc9995372772156d,b9c86cab79cf6f0b56530157fe71b2c1,62,42e750b37bcf84b2c2584b061f6034575fc25cbf3aaa1a14be54e1d876bfbbf9,26.13,2026-06-03T16:07:46.390826+00:00,hmac-sha256
affd650acfdc56daffdd16f292e41ca1eb90cb290f4dd7a3bc9995372772156d,b9c86cab79cf6f0b56530157fe71b2c1,63,6763792e2feff9e96d0a72dfd2492f62812bf4522be532c8f762cb904dacfe54,40.39,2026-06-03T16:07:46.390864+00:00,hmac-sha256
affd650acfdc56daffdd16f292e41ca1eb90cb290f4dd7a3bc9995372772156d,b9c86cab79cf6f0b56530157fe71b2c1,64,fadcbd1da90ead64cb84de5557b8c0c44ca0027b3ff02402840b9212f9df5cce,98.0,2026-06-03T16:07:46.390898+00:00,hmac-sha256
affd650acfdc56daffdd16f292e41ca1eb90cb290f4dd7a3bc9995372772156d,b9c86cab79cf6f0b56530157fe71b2c1,65,7b080213be66b909ee98647763790db88a5a3fd6161e75e60030489b7894eca4,48.06,2026-06-03T16:07:46.390933+00:00,hmac-sha256
affd650acfdc56daffdd16f292e41ca1eb90cb290f4dd7a3bc9995372772156d,b9c86cab79cf6f0b56530157fe71b2c1,66,10f241485554034ff15320cf6deff9b7bf7187400b9b9efcd468f623a33c8b5e,6.62,2026-06-03T16:07:46.390972+00:00,hmac-sha256
affd650acfdc56daffdd16f292e41ca1eb90cb290f4dd7a3bc9995372772156d,b9c86cab79cf6f0b56530157fe71b2c1,67,291a9ea6c223ea830d33bf63194effd37d6286f8f3bf7569e33bad214ff3469f,16.05,2026-06-03T16:07:46.391008+00:00,hmac-sha256
affd650acfdc56daffdd16f292e41ca1eb90cb290f4dd7a3bc9995372772156d,b9c86cab79cf6f0b56530157fe71b2c1,68,4990a4d3ecf4613751cced06010166cdebfc09e7f74795c2df9c1a00c5645b07,28.73,2026-06-03T16:07:46.391044+00:00,hmac-sha256
affd650acfdc56daffdd16f292e41ca1eb90cb290f4dd7a3bc9995372772156d,b9c86cab79cf6f0b56530157fe71b2c1,69,65b79274264ac65faf8432d1a0bd8afef8e8d39260de65cf6d20b754f350b09c,39.73,2026-06-03T16:07:46.391079+00:00,hmac-sha256
affd650acfdc56daffdd16f292e41ca1eb90cb290f4dd7a3bc9995372772156d,b9c86cab79cf6f0b56530157fe71b2c1,70,71d04687a09ee0c43a7f65dea6ee8eba27ce4c38051b581718ce5f86a87ce0f0,44.46,2026-06-03T16:07:46.391113+00:00,hmac-sha256
9196ec6c1fba4f82ab3864d10c12a8a5ec623af3fda4eca4e90299d581cd555f,b9c86cab79cf6f0b56530157fe71b2c1,1,30d4db8f171879a94eb4ca6eefbb980235271f1786624986e12e21d3c9cc5704,19.07,2026-06-03T16:07:46.391168+00:00,hmac-sha256
9196ec6c1fba4f82ab3864d10c12a8a5ec623af3fda4eca4e90299d581cd555f,b9c86cab79cf6f0b56530157fe71b2c1,2,932b294aec1221ebe2ffde6df11f2ba6da67a921e346f9c7e753a641f5b2713e,57.49,2026-06-03T16:07:46.391204+00:00,hmac-sha256
9196ec6c1fba4f82ab3864d10c12a8a5ec623af3fda4eca4e90299d581cd555f,b9c86cab79cf6f0b56530157fe71b2c1,3,46c02137fedfdb0d208c644294455eb98e1471226d7143327144e1b761645421,27.63,2026-06-03T16:07:46.391242+00:00,hmac-sha256
9196ec6c1fba4f82ab3864d10c12a8a5ec623af3fda4eca4e90299d581cd555f,b9c86cab79cf6f0b56530157fe71b2c1,4,de03098218f117b58c88f3323cf41245cd3b853bcbf39e3b674388a2cadca08e,86.73,2026-06-03T16:07:46.391277+00:00,hmac-sha256
9196ec6c1fba4f82ab3864d10c12a8a5ec623af3fda4eca4e90299d581cd555f,b9c86cab79cf6f0b56530157fe71b2c1,5,570704d01f9bd01eb39194cfc438876498c524e12713a4253765f32c92bc59fc,33.99,2026-06-03T16:07:46.391312+00:00,hmac-sha256
9196ec6c1fba4f82ab3864d10c12a8a5ec623af3fda4eca4e90299d581cd555f,b9c86cab79cf6f0b56530157fe71b2c1,6,d1cd228b7410ff844066332e04bca87dfe64a389976cefab4b5c3bfeef8f0226,81.96,2026-06-03T16:07:46.391350+00:00,hmac-sha256
9196ec6c1fba4f82ab3864d10c12a8a5ec623af3fda4eca4e90299d581cd555f,b9c86cab79cf6f0b56530157fe71b2c1,7,a4982a93c1e9685cc4cbd82fbab135b677ab25bd6edc5d257147224c73c5b426,64.3,2026-06-03T16:07:46.391385+00:00,hmac-sha256
9196ec6c1fba4f82ab3864d10c12a8a5ec623af3fda4eca4e90299d581cd555f,b9c86cab79cf6f0b56530157fe71b2c1,8,d8994b2b9e8b1ce1d628f7656edeaa312503cacd93e614ba38d7b364d1cddec2,84.61,2026-06-03T16:07:46.391419+00:00,hmac-sha256
9196ec6c1fba4f82ab3864d10c12a8a5ec623af3fda4eca4e90299d581cd555f,b9c86cab79cf6f0b56530157fe71b2c1,9,b517d356c59d21cc7e6897b293fb9ef97f20ee4d1025dedcbe0f4a96ebcadae8,70.74,2026-06-03T16:07:46.391471+00:00,hmac-sha256
9196ec6c1fba4f82ab3864d10c12a8a5ec623af3fda4eca4e90299d581cd555f,b9c86cab79cf6f0b56530157fe71b2c1,10,8537b71654dd6ce2fb21129163b3c7b4f7a13d17528c6a08038bc050409aa84e,52.04,2026-06-03T16:07:46.391506+00:00,hmac-sha256
9196ec6c1fba4f82ab3864d10c12a8a5ec623af3fda4eca4e90299d581cd555f,b9c86cab79cf6f0b56530157fe71b2c1,11,3b2d5d95aed02bf60c1e6d13ca15c50e84e778471bab3952324461cb8f6034fb,23.11,2026-06-03T16:07:46.391551+00:00,hmac-sha256
9196ec6c1fba4f82ab3864d10c12a8a5ec623af3fda4eca4e90299d581cd555f,b9c86cab79cf6f0b56530157fe71b2c1,12,9d4a1a5903a4adc645cf95f0d994d564b4397860a4c8bf33ec8e4d646755bf66,61.44,2026-06-03T16:07:46.391588+00:00,hmac-sha256
9196ec6c1fba4f82ab3864d10c12a8a5ec623af3fda4eca4e90299d581cd555f,b9c86cab79cf6f0b56530157fe71b2c1,13,75f6b5fab194696b869c47c4cb12487670ab166b2e279010725d33400d9c5438,46.08,2026-06-03T16:07:46.391623+00:00,hmac-sha256
9196ec6c1fba4f82ab3864d10c12a8a5ec623af3fda4eca4e90299d581cd555f,b9c86cab79cf6f0b56530157fe71b2c1,14,4fd366ca9bc62de283eff79790f73ecd137ce74c065d83769fbaaf86863a0e2e,31.18,2026-06-03T16:07:46.391660+00:00,hmac-sha256
9196ec6c1fba4f82ab3864d10c12a8a5ec623af3fda4eca4e90299d581cd555f,b9c86cab79cf6f0b56530157fe71b2c1,15,7e14d480ac0d698154b1c02b961e9674d558a470588b00257a445090b1c43c48,49.25,2026-06-03T16:07:46.391696+00:00,hmac-sha256
9196ec6c1fba4f82ab3864d10c12a8a5ec623af3fda4eca4e90299d581cd555f,b9c86cab79cf6f0b56530157fe71b2c1,16,355b1867bddac495bd00db15137201d97785f00c58cb0589280612164e8afb91,20.84,2026-06-03T16:07:46.391731+00:00,hmac-sha256
9196ec6c1fba4f82ab3864d10c12a8a5ec623af3fda4eca4e90299d581cd555f,b9c86cab79cf6f0b56530157fe71b2c1,17,718101c3d0a585481e74c87b4418abf443b13c36f931a7e052156e6d34f5bdd3,44.34,2026-06-03T16:07:46.391769+00:00,hmac-sha256
9196ec6c1fba4f82ab3864d10c12a8a5ec623af3fda4eca4e90299d581cd555f,b9c86cab79cf6f0b56530157fe71b2c1,18,42c47fce5d25c49fd12f64c846a6198ba2bbbe2c35d39df03135ca7c9e8f1367,26.08,2026-06-03T16:07:46.391804+00:00,hmac-sha256
9196ec6c1fba4f82ab3864d10c12a8a5ec623af3fda4eca4e90299d581cd555f,b9c86cab79cf6f0b56530157fe71b2c1,19,140b858ebdc1b6477d3d3a4c108cb35e96cf97a170ff362c95840d3d9cef5004,7.83,2026-06-03T16:07:46.391839+00:00,hmac-sha256
9196ec6c1fba4f82ab3864d10c12a8a5ec623af3fda4eca4e90299d581cd555f,b9c86cab79cf6f0b56530157fe71b2c1,20,391ebf67ffb3afaae83a20ffae2821ab375a58443ff3e56d15250dc95b1ac8ba,22.31,2026-06-03T16:07:46.391875+00:00,hmac-sha256
9196ec6c1fba4f82ab3864d10c12a8a5ec623af3fda4eca4e90299d581cd555f,b9c86cab79cf6f0b56530157fe71b2c1,21,62970c8c4c4310d799124795799bbc8cbbf16c31dc1805c4942a59cfb931302b,38.51,2026-06-03T16:07:46.391911+00:00,hmac-sha256
9196ec6c1fba4f82ab3864d10c12a8a5ec623af3fda4eca4e90299d581cd555f,b9c86cab79cf6f0b56530157fe71b2c1,22,ceee79930af8351c6520caafe04dc767ca74e26f34117370dce5bb068549076b,80.84,2026-06-03T16:07:46.391945+00:00,hmac-sha256
9196ec6c1fba4f82ab3864d10c12a8a5ec623af3fda4eca4e90299d581cd555f,b9c86cab79cf6f0b56530157fe71b2c1,23,e777ee8ae8f053848b3fd40beafb37c1010c77d1c503ca2c94b80d067f7f5e82,90.42,2026-06-03T16:07:46.391982+00:00,hmac-sha256
9196ec6c1fba4f82ab3864d10c12a8a5ec623af3fda4eca4e90299d581cd555f,b9c86cab79cf6f0b56530157fe71b2c1,24,5d9f5058512181756da9e5014883e0919e50b96b8db2c1eb20b2bcc52c431405,36.57,2026-06-03T16:07:46.392017+00:00,hmac-sha256
9196ec6c1fba4f82ab3864d10c12a8a5ec623af3fda4eca4e90299d581cd555f,b9c86cab79cf6f0b56530157fe71b2c1,25,7ad31dfb60571d7a838ac6542edff4f0082708ca571a0786dca9723b8cf5748b,47.98,2026-06-03T16:07:46.392052+00:00,hmac-sha256
9196ec6c1fba4f82ab3864d10c12a8a5ec623af3fda4eca4e90299d581cd555f,b9c86cab79cf6f0b56530157fe71b2c1,26,3134e38a53a2798a59af162e4b83914cac592c1626a965403a0599fe4b7b377a,19.22,2026-06-03T16:07:46.392087+00:00,hmac-sha256
9196ec6c1fba4f82ab3864d10c12a8a5ec623af3fda4eca4e90299d581cd555f,b9c86cab79cf6f0b56530157fe71b2c1,27,33a1e6ca21f485016c842ed4b8ab0daeedf1ce916f92c627cfc070807e3f31cd,20.17,2026-06-03T16:07:46.392123+00:00,hmac-sha256
9196ec6c1fba4f82ab3864d10c12a8a5ec623af3fda4eca4e90299d581cd555f,b9c86cab79cf6f0b56530157fe71b2c1,28,96a746fe3176db4eb05bf3a002bf6d3020d1e7310036cb9dafd650854e3026ae,58.85,2026-06-03T16:07:46.392159+00:00,hmac-sha256
9196ec6c1fba4f82ab3864d10c12a8a5ec623af3fda4eca4e90299d581cd555f,b9c86cab79cf6f0b56530157fe71b2c1,29,a73ddf8fd15636e00bd5b86f4efdd3afb7a3d9d48f24986afc953e76abba2235,65.33,2026-06-03T16:07:46.392195+00:00,hmac-sha256
9196ec6c1fba4f82ab3864d10c12a8a5ec623af3fda4eca4e90299d581cd555f,b9c86cab79cf6f0b56530157fe71b2c1,30,f316b6a732b182dc40ff424f3f031d0288a8d6f9d71b17f1b3c3e7307e5be258,94.96,2026-06-03T16:07:46.392232+00:00,hmac-sha256
9196ec6c1fba4f82ab3864d10c12a8a5ec623af3fda4eca4e90299d581cd555f,b9c86cab79cf6f0b56530157fe71b2c1,31,a17c655ef34f994b24a6fdb618d9484c59014c92417196251e8b903c1fcdd026,63.08,2026-06-03T16:07:46.392267+00:00,hmac-sha256
9196ec6c1fba4f82ab3864d10c12a8a5ec623af3fda4eca4e90299d581cd555f,b9c86cab79cf6f0b56530157fe71b2c1,32,eb0aa6c89772aa644c8c372329166404fb935e3fe550271973ee952b9256f212,91.82,2026-06-03T16:07:46.392301+00:00,hmac-sha256
9196ec6c1fba4f82ab3864d10c12a8a5ec623af3fda4eca4e90299d581cd555f,b9c86cab79cf6f0b56530157fe71b2c1,33,99d4e97b37e1e30d631e44eeb802a3aec632036d9bd7f7a623616df695c1c28b,60.09,2026-06-03T16:07:46.392336+00:00,hmac-sha256
9196ec6c1fba4f82ab3864d10c12a8a5ec623af3fda4eca4e90299d581cd555f,b9c86cab79cf6f0b56530157fe71b2c1,34,8fd852691a3282cc35123158910d81313a7949ce9d4001a5c8f701491f5e6a88,56.19,2026-06-03T16:07:46.392372+00:00,hmac-sha256
9196ec6c1fba4f82ab3864d10c12a8a5ec623af3fda4eca4e90299d581cd555f,b9c86cab79cf6f0b56530157fe71b2c1,35,349bd82f8ca2c47165712fe64b499a42220a72a4de0fa44a8c81d5d6697a74b0,20.55,2026-06-03T16:07:46.392406+00:00,hmac-sha256
9196ec6c1fba4f82ab3864d10c12a8a5ec623af3fda4eca4e90299d581cd555f,b9c86cab79cf6f0b56530157fe71b2c1,36,4f0e5101e42a2f37b815966eb9c5153710b067bece6d58396b8cb65628146036,30.88,2026-06-03T16:07:46.392443+00:00,hmac-sha256
9196ec6c1fba4f82ab3864d10c12a8a5ec623af3fda4eca4e90299d581cd555f,b9c86cab79cf6f0b56530157fe71b2c1,37,5999db5ee86fbc338624b2121579d17c48d65ad82485d9b7f00b99ffa61750a3,35.0,2026-06-03T16:07:46.392477+00:00,hmac-sha256
9196ec6c1fba4f82ab3864d10c12a8a5ec623af3fda4eca4e90299d581cd555f,b9c86cab79cf6f0b56530157fe71b2c1,38,ced20228fe3e75f5e6055f6df77cfa98cffecb96542b072949175d2983bb3701,80.79,2026-06-03T16:07:46.392512+00:00,hmac-sha256
9196ec6c1fba4f82ab3864d10c12a8a5ec623af3fda4eca4e90299d581cd555f,b9c86cab79cf6f0b56530157fe71b2c1,39,32bbf3da1fbfc0f1169ffb80eb01372917dff37294eda196c52ac4cb4bfe24ae,19.82,2026-06-03T16:07:46.392551+00:00,hmac-sha256
9196ec6c1fba4f82ab3864d10c12a8a5ec623af3fda4eca4e90299d581cd555f,b9c86cab79cf6f0b56530157fe71b2c1,40,1d32eb7d33091925678b1ae0b1e3e7a2fb44c4eafb78ab20097630426ca5f342,11.4,2026-06-03T16:07:46.392585+00:00,hmac-sha256
9196ec6c1fba4f82ab3864d10c12a8a5ec623af3fda4eca4e90299d581cd555f,b9c86cab79cf6f0b56530157fe71b2c1,41,ac17edebca34e21eb8a133feb2fb2d1634d0a25d3facf8ecc29593dc21f54c8b,67.23,2026-06-03T16:07:46.392620+00:00,hmac-sha256
9196ec6c1fba4f82ab3864d10c12a8a5ec623af3fda4eca4e90299d581cd555f,b9c86cab79cf6f0b56530157fe71b2c1,42,9cc2f9e7a003582ca96f9407d9d5a9af1dc543eada3527298c27de71ac93182e,61.24,2026-06-03T16:07:46.392657+00:00,hmac-sha256
9196ec6c1fba4f82ab3864d10c12a8a5ec623af3fda4eca4e90299d581cd555f,b9c86cab79cf6f0b56530157fe71b2c1,43,b825704b877a0ca7e6a5584a698cbd0eb77e1774b73176661837aee1ecf47ad1,71.93,2026-06-03T16:07:46.392692+00:00,hmac-sha256
9196ec6c1fba4f82ab3864d10c12a8a5ec623af3fda4eca4e90299d581cd555f,b9c86cab79cf6f0b56530157fe71b2c1,44,b437f2f6351a9647ac74d5f433f989c94b4d0b9664830ee4a30ed71ff352f6e2,70.4,2026-06-03T16:07:46.392726+00:00,hmac-sha256
9196ec6c1fba4f82ab3864d10c12a8a5ec623af3fda4eca4e90299d581cd555f,b9c86cab79cf6f0b56530157fe71b2c1,45,dbbd9a01987768071a14b7792a1445c21078c6d1c4645d8972b1267b202e4105,85.84,2026-06-03T16:07:46.392761+00:00,hmac-sha256
9196ec6c1fba4f82ab3864d10c12a8a5ec623af3fda4eca4e90299d581cd555f,b9c86cab79cf6f0b56530157fe71b2c1,46,a43bbb9bdc5c2253696954b9e7deef6e89a1bbfc078286c63fe0d95669926a51,64.16,2026-06-03T16:07:46.392795+00:00,hmac-sha256
9196ec6c1fba4f82ab3864d10c12a8a5ec623af3fda4eca4e90299d581cd555f,b9c86cab79cf6f0b56530157fe71b2c1,47,aec30179a08c3104b8903b271f0de4957e8bdb0b0a85820cfa929f987c6730dd,68.27,2026-06-03T16:07:46.392830+00:00,hmac-sha256
9196ec6c1fba4f82ab3864d10c12a8a5ec623af3fda4eca4e90299d581cd555f,b9c86cab79cf6f0b56530157fe71b2c1,48,8510ac619cc25ac7f8d871c7565503dbe99027117db2adc675fc61d4040e77de,51.98,2026-06-03T16:07:46.392877+00:00,hmac-sha256
9196ec6c1fba4f82ab3864d10c12a8a5ec623af3fda4eca4e90299d581cd555f,b9c86cab79cf6f0b56530157fe71b2c1,49,f4e5d82f84da3470d5490818fec6429ab139f746d27cf366151cc19343ba69d2,95.67,2026-06-03T16:07:46.392912+00:00,hmac-sha256
9196ec6c1fba4f82ab3864d10c12a8a5ec623af3fda4eca4e90299d581cd555f,b9c86cab79cf6f0b56530157fe71b2c1,50,6513473430a3329713238c68db82237535ed470426e41ed24f071a91edb699d8,39.48,2026-06-03T16:07:46.392948+00:00,hmac-sha256
9196ec6c1fba4f82ab3864d10c12a8a5ec623af3fda4eca4e90299d581cd555f,51c0e0565aca5167b6f3b67396f2c57a,51,5585866f091c7f8b52951239424a2ef1cee2ace69519cdc651387035ab5e6dd5,33.41,2026-06-03T16:07:46.393005+00:00,hmac-sha256
9196ec6c1fba4f82ab3864d10c12a8a5ec623af3fda4eca4e90299d581cd555f,51c0e0565aca5167b6f3b67396f2c57a,52,d5b7f3a488a9d59011cd5193e78ee5cbf6ebe8d43af9d0a3a5c38db9087d93aa,83.49,2026-06-03T16:07:46.393039+00:00,hmac-sha256
9196ec6c1fba4f82ab3864d10c12a8a5ec623af3fda4eca4e90299d581cd555f,51c0e0565aca5167b6f3b67396f2c57a,53,688f5857646ebabade68e798ca4d9479130675017dfb07dfcab1fdf96186a97d,40.84,2026-06-03T16:07:46.393076+00:00,hmac-sha256
9196ec6c1fba4f82ab3864d10c12a8a5ec623af3fda4eca4e90299d581cd555f,51c0e0565aca5167b6f3b67396f2c57a,54,fa6c8f73c9f26f03c8e2a656091f03eadc55bd598d757559b4a4256278c767ea,97.83,2026-06-03T16:07:46.393111+00:00,hmac-sha256
9196ec6c1fba4f82ab3864d10c12a8a5ec623af3fda4eca4e90299d581cd555f,51c0e0565aca5167b6f3b67396f2c57a,55,dc0ad2ee531926c7d41c1e3208a7e65293150bd90647cd902edda79ddcfc416d,85.96,2026-06-03T16:07:46.393148+00:00,hmac-sha256
9196ec6c1fba4f82ab3864d10c12a8a5ec623af3fda4eca4e90299d581cd555f,51c0e0565aca5167b6f3b67396f2c57a,56,722bb6f5d849fe0bc6c869a68813a24e13fe9264ab321d1c9fe7bdcaa4a63050,44.6,2026-06-03T16:07:46.393184+00:00,hmac-sha256
9196ec6c1fba4f82ab3864d10c12a8a5ec623af3fda4eca4e90299d581cd555f,51c0e0565aca5167b6f3b67396f2c57a,57,6b7c769e6bdc06ba0b1b3af2e611cabfc3418a0b4543852611b57d64c4966071,41.99,2026-06-03T16:07:46.393220+00:00,hmac-sha256
9196ec6c1fba4f82ab3864d10c12a8a5ec623af3fda4eca4e90299d581cd555f,51c0e0565aca5167b6f3b67396f2c57a,58,6fdf761742ec894e896b5cc8d182212d31db140e3233f4d274c1982ec0b16fab,43.7,2026-06-03T16:07:46.393255+00:00,hmac-sha256
9196ec6c1fba4f82ab3864d10c12a8a5ec623af3fda4eca4e90299d581cd555f,51c0e0565aca5167b6f3b67396f2c57a,59,4c3150051209b0ce0d022e7962bc093c6203c41602c2d9dc28c2f56b59cf5e81,29.76,2026-06-03T16:07:46.393290+00:00,hmac-sha256
9196ec6c1fba4f82ab3864d10c12a8a5ec623af3fda4eca4e90299d581cd555f,51c0e0565aca5167b6f3b67396f2c57a,60,7cbdfb5b30515d261dac9ae3d43ae8acd67f8566a95bbc7cad0fd77c18e7378d,48.73,2026-06-03T16:07:46.393326+00:00,hmac-sha256
9196ec6c1fba4f82ab3864d10c12a8a5ec623af3fda4eca4e90299d581cd555f,51c0e0565aca5167b6f3b67396f2c57a,61,3d62604585cd1cab4cdf15619970bb15cc9ef773c3a8f334892bca1f508eede2,23.98,2026-06-03T16:07:46.393363+00:00,hmac-sha256
9196ec6c1fba4f82ab3864d10c12a8a5ec623af3fda4eca4e90299d581cd555f,51c0e0565aca5167b6f3b67396f2c57a,62,744df184254e9a194498792ca5d94dc8793a5c047b9677c9b90eee2fedfe1e63,45.43,2026-06-03T16:07:46.393405+00:00,hmac-sha256
9196ec6c1fba4f82ab3864d10c12a8a5ec623af3fda4eca4e90299d581cd555f,51c0e0565aca5167b6f3b67396f2c57a,63,aad6e718564e6f84b3efd0e2d4b9a2732d73f46584636760d354dae101f9d820,66.74,2026-06-03T16:07:46.393444+00:00,hmac-sha256
9196ec6c1fba4f82ab3864d10c12a8a5ec623af3fda4eca4e90299d581cd555f,51c0e0565aca5167b6f3b67396f2c57a,64,b6c5907549ad9b1a38b4fd24d20ee9061fecf9f7cc7b59fa2797b297eff9f696,71.4,2026-06-03T16:07:46.393480+00:00,hmac-sha256
9196ec6c1fba4f82ab3864d10c12a8a5ec623af3fda4eca4e90299d581cd555f,51c0e0565aca5167b6f3b67396f2c57a,65,9a9aedf499eab85f7fb9f451d8351e2f7666e2c0f098758bb9b639b67afc234f,60.39,2026-06-03T16:07:46.393515+00:00,hmac-sha256
9196ec6c1fba4f82ab3864d10c12a8a5ec623af3fda4eca4e90299d581cd555f,51c0e0565aca5167b6f3b67396f2c57a,66,77b97b7e44d281db48285b83b01a02bbda10ee48cb6e3bf9cbf057a7eb27cf43,46.77,2026-06-03T16:07:46.393558+00:00,hmac-sha256
9196ec6c1fba4f82ab3864d10c12a8a5ec623af3fda4eca4e90299d581cd555f,51c0e0565aca5167b6f3b67396f2c57a,67,fa2fd3a2158335173e69ff6da0ee69efd5413259b1f38eaa5aab24414dc22406,97.73,2026-06-03T16:07:46.393594+00:00,hmac-sha256
9196ec6c1fba4f82ab3864d10c12a8a5ec623af3fda4eca4e90299d581cd555f,51c0e0565aca5167b6f3b67396f2c57a,68,a0159cb5dbc356ae4a15b16930f29d2bcb8849adf9c01c044ec286f87b1d11a1,62.53,2026-06-03T16:07:46.393630+00:00,hmac-sha256
9196ec6c1fba4f82ab3864d10c12a8a5ec623af3fda4eca4e90299d581cd555f,51c0e0565aca5167b6f3b67396f2c57a,69,fc11a7904e40518cabb4e3f6a237742a013c0f298f8b03dfc2216b1130b23ea6,98.47,2026-06-03T16:07:46.393672+00:00,hmac-sha256
9196ec6c1fba4f82ab3864d10c12a8a5ec623af3fda4eca4e90299d581cd555f,51c0e0565aca5167b6f3b67396f2c57a,70,66754431a15c39672f07e1d66bce168504188d93d8c5313d8a7176ddc7990274,40.02,2026-06-03T16:07:46.393708+00:00,hmac-sha256
a46de5328f7c863e69bbda08222b61f995d6d1a76ebe959eb76f167bf81f289d,51c0e0565aca5167b6f3b67396f2c57a,1,6dad93b2ff5234f4b5f27b72a4de73d4793a6e4c0e2318200383936616e558fe,42.84,2026-06-03T16:07:46.393770+00:00,hmac-sha256
a46de5328f7c863e69bbda08222b61f995d6d1a76ebe959eb76f167bf81f289d,51c0e0565aca5167b6f3b67396f2c57a,2,e386bf4e711096ff7a1b231d8f627b7dacaeffaffa74a5aea1fd780737dbec5c,88.88,2026-06-03T16:07:46.393807+00:00,hmac-sha256
a46de5328f7c863e69bbda08222b61f995d6d1a76ebe959eb76f167bf81f289d,51c0e0565aca5167b6f3b67396f2c57a,3,eb4ab00c66fdc33ae806b5ae6ebb7bc9a3047367e4c44612f1db486e7ede62b2,91.92,2026-06-03T16:07:46.393844+00:00,hmac-sha256
a46de5328f7c863e69bbda08222b61f995d6d1a76ebe959eb76f167bf81f289d,51c0e0565aca5167b6f3b67396f2c57a,4,1c7f3c8fa721c8df66eb657aa30953bc15178d4497a9d1258f7d0f5487bd9b33,11.13,2026-06-03T16:07:46.393880+00:00,hmac-sha256
a46de5328f7c863e69bbda08222b61f995d6d1a76ebe959eb76f167bf81f289d,51c0e0565aca5167b6f3b67396f2c57a,5,733e4a77a92b57999861e056eba78039033e3e02909510d3fd85a1090c7b750e,45.02,2026-06-03T16:07:46.393917+00:00,hmac-sha256
a46de5328f7c863e69bbda08222b61f995d6d1a76ebe959eb76f167bf81f289d,51c0e0565aca5167b6f3b67396f2c57a,6,8218a822c318851a5754609faeb3314cbb8441c0b88202aa21d4e7d22515999a,50.82,2026-06-03T16:07:46.393954+00:00,hmac-sha256
a46de5328f7c863e69bbda08222b61f995d6d1a76ebe959eb76f167bf81f289d,51c0e0565aca5167b6f3b67396f2c57a,7,067b1dc857c8b72417bbb4cdb861124108c5955c7f52c463781dc79ab9d50151,2.53,2026-06-03T16:07:46.393992+00:00,hmac-sha256
a46de5328f7c863e69bbda08222b61f995d6d1a76ebe959eb76f167bf81f289d,51c0e0565aca5167b6f3b67396f2c57a,8,8c0ca56eb7fc4d83780a341990922f815b507ef98be4f4738177da9c4e10752b,54.71,2026-06-03T16:07:46.394029+00:00,hmac-sha256
a46de5328f7c863e69bbda08222b61f995d6d1a76ebe959eb76f167bf81f289d,51c0e0565aca5167b6f3b67396f2c57a,9,e7663bc1f0737844250b949b52c3bf57d43c2dceef69a0d8f526cdc74da4a9a6,90.39,2026-06-03T16:07:46.394066+00:00,hmac-sha256
a46de5328f7c863e69bbda08222b61f995d6d1a76ebe959eb76f167bf81f289d,51c0e0565aca5167b6f3b67396f2c57a,10,33cd492f374c18efd238a102b28c57a7f33c887defe8a08701c078496c58ea1e,20.23,2026-06-03T16:07:46.394102+00:00,hmac-sha256
a46de5328f7c863e69bbda08222b61f995d6d1a76ebe959eb76f167bf81f289d,51c0e0565aca5167b6f3b67396f2c57a,11,2f1d0c62b8bf3aa02fa0dc5af529fc2a794f00766f2d9f207aa9e41e8f84f778,18.4,2026-06-03T16:07:46.394142+00:00,hmac-sha256
a46de5328f7c863e69bbda08222b61f995d6d1a76ebe959eb76f167bf81f289d,51c0e0565aca5167b6f3b67396f2c57a,12,121a1643d11a59fb753b0a2cbc79d3b7f1ba5fa45b24ddf994406d36ae2db3b4,7.07,2026-06-03T16:07:46.394178+00:00,hmac-sha256
a46de5328f7c863e69bbda08222b61f995d6d1a76ebe959eb76f167bf81f289d,51c0e0565aca5167b6f3b67396f2c57a,13,a5587142b48f7f80452cedc901e78deb540d5797ef965277b80721df33caeb20,64.59,2026-06-03T16:07:46.394302+00:00,hmac-sha256
a46de5328f7c863e69bbda08222b61f995d6d1a76ebe959eb76f167bf81f289d,51c0e0565aca5167b6f3b67396f2c57a,14,f5e06ad0cbdf3708279518f29e3b46202368d3a388a0bfc6f10c72a6a2c20f7a,96.05,2026-06-03T16:07:46.394397+00:00,hmac-sha256
a46de5328f7c863e69bbda08222b61f995d6d1a76ebe959eb76f167bf81f289d,51c0e0565aca5167b6f3b67396f2c57a,15,774eb232ac47836f29d69e91f2ec8187f272ae6e5cc5ae653765d9be5481723d,46.6,2026-06-03T16:07:46.394461+00:00,hmac-sha256
a46de5328f7c863e69bbda08222b61f995d6d1a76ebe959eb76f167bf81f289d,51c0e0565aca5167b6f3b67396f2c57a,16,42aaf86f4ebe6675d320152fa470b8dfdc5429fa5635e9b1911132e40587d3d0,26.04,2026-06-03T16:07:46.394509+00:00,hmac-sha256
a46de5328f7c863e69bbda08222b61f995d6d1a76ebe959eb76f167bf81f289d,51c0e0565aca5167b6f3b67396f2c57a,17,aae3bb7fbaf3e847f3a6ddcda21b6df22468bde1af9b8bf3a4f0633a90892cb5,66.76,2026-06-03T16:07:46.394552+00:00,hmac-sha256
a46de5328f7c863e69bbda08222b61f995d6d1a76ebe959eb76f167bf81f289d,51c0e0565aca5167b6f3b67396f2c57a,18,ff3f418011ff1957d7d878758cd4458ada10b1f925f5161c2f2df8931020491d,99.71,2026-06-03T16:07:46.394592+00:00,hmac-sha256
a46de5328f7c863e69bbda08222b61f995d6d1a76ebe959eb76f167bf81f289d,51c0e0565aca5167b6f3b67396f2c57a,19,d90b62340347cb648b24ab6fb5e2d9618c4d92824f564259e9159af18c41fbc6,84.79,2026-06-03T16:07:46.394631+00:00,hmac-sha256
a46de5328f7c863e69bbda08222b61f995d6d1a76ebe959eb76f167bf81f289d,51c0e0565aca5167b6f3b67396f2c57a,20,f78614b64641a28a62a02bf818b938ea325f26845fb8308e680259665ec065f8,96.69,2026-06-03T16:07:46.394677+00:00,hmac-sha256
a46de5328f7c863e69bbda08222b61f995d6d1a76ebe959eb76f167bf81f289d,51c0e0565aca5167b6f3b67396f2c57a,21,4a2b8233440ac662c7dac6f8c9707d93a4b5954e11695089f9a6448254917e5e,28.97,2026-06-03T16:07:46.394719+00:00,hmac-sha256
a46de5328f7c863e69bbda08222b61f995d6d1a76ebe959eb76f167bf81f289d,51c0e0565aca5167b6f3b67396f2c57a,22,0e11e4be4347674896d0d983389ea631836d07a22eb4133daf6c2c6b12a45396,5.49,2026-06-03T16:07:46.394757+00:00,hmac-sha256
a46de5328f7c863e69bbda08222b61f995d6d1a76ebe959eb76f167bf81f289d,51c0e0565aca5167b6f3b67396f2c57a,23,ee5a3a9b2576cd7bc59751959130b214c0a25cf2842c59384f677d1969e7922e,93.11,2026-06-03T16:07:46.394799+00:00,hmac-sha256
a46de5328f7c863e69bbda08222b61f995d6d1a76ebe959eb76f167bf81f289d,51c0e0565aca5167b6f3b67396f2c57a,24,f305a63c92d1dfa7924ebd183d691e5197717f91a70bd042174e9ada8187c35e,94.93,2026-06-03T16:07:46.394839+00:00,hmac-sha256
a46de5328f7c863e69bbda08222b61f995d6d1a76ebe959eb76f167bf81f289d,51c0e0565aca5167b6f3b67396f2c57a,25,ae5d2d502b4c15d607d175e11d85efd23866123b7e68d9bd1b17071c3bd7e027,68.11,2026-06-03T16:07:46.394878+00:00,hmac-sha256
a46de5328f7c863e69bbda08222b61f995d6d1a76ebe959eb76f167bf81f289d,51c0e0565aca5167b6f3b67396f2c57a,26,6fdb20c8382abb3b9ed0e4f15b40e2567c45f304e73bc9eaec51ee344ab6803a,43.69,2026-06-03T16:07:46.394916+00:00,hmac-sha256
a46de5328f7c863e69bbda08222b61f995d6d1a76ebe959eb76f167bf81f289d,51c0e0565aca5167b6f3b67396f2c57a,27,70e291873764fad328f3ee2ac847b2dbdfea8162f0678a0425f36fd862c9585f,44.1,2026-06-03T16:07:46.394954+00:00,hmac-sha256
a46de5328f7c863e69bbda08222b61f995d6d1a76ebe959eb76f167bf81f289d,51c0e0565aca5167b6f3b67396f2c57a,28,45d309acd3915c4f7a5cbfe3557a7dbbe47228187a0b9c96e94760802e512e72,27.27,2026-06-03T16:07:46.394994+00:00,hmac-sha256
a46de5328f7c863e69bbda08222b61f995d6d1a76ebe959eb76f167bf81f289d,51c0e0565aca5167b6f3b67396f2c57a,29,867934feb35d6b3b629dec5c9598274253bff7f39f77fdaccb024b4344be2acb,52.53,2026-06-03T16:07:46.395052+00:00,hmac-sha256
a46de5328f7c863e69bbda08222b61f995d6d1a76ebe959eb76f167bf81f289d,51c0e0565aca5167b6f3b67396f2c57a,30,6982a3b28c9981fa10e8f82a5e60a4afd31da71cfe62ec78d8f4b1728e3fd578,41.21,2026-06-03T16:07:46.395091+00:00,hmac-sha256
a46de5328f7c863e69bbda08222b61f995d6d1a76ebe959eb76f167bf81f289d,51c0e0565aca5167b6f3b67396f2c57a,31,fd60928232d147bb84e2b30d4263be36d34e30667881ba29ce977f3c6b7a6c10,98.98,2026-06-03T16:07:46.395130+00:00,hmac-sha256
a46de5328f7c863e69bbda08222b61f995d6d1a76ebe959eb76f167bf81f289d,51c0e0565aca5167b6f3b67396f2c57a,32,c23ae042e6d3d86562da8223e0dd6a55555491d710fc08af2b663ba559f8bca2,75.87,2026-06-03T16:07:46.395169+00:00,hmac-sha256
a46de5328f7c863e69bbda08222b61f995d6d1a76ebe959eb76f167bf81f289d,51c0e0565aca5167b6f3b67396f2c57a,33,40946e1529bd738309e2bdb9074018a4e5692db8896516ae360a61afa1c700a2,25.22,2026-06-03T16:07:46.395205+00:00,hmac-sha256
a46de5328f7c863e69bbda08222b61f995d6d1a76ebe959eb76f167bf81f289d,51c0e0565aca5167b6f3b67396f2c57a,34,93144c0cb58071c5e7e05b9b98f574fcde6a3de2041aa0920985e3244dd87378,57.45,2026-06-03T16:07:46.395241+00:00,hmac-sha256
a46de5328f7c863e69bbda08222b61f995d6d1a76ebe959eb76f167bf81f289d,51c0e0565aca5167b6f3b67396f2c57a,35,83ac8d3dc0c5d1876b31d5409d00933970a28def9aa7ec36e697b3e0866739ed,51.44,2026-06-03T16:07:46.395277+00:00,hmac-sha256
a46de5328f7c863e69bbda08222b61f995d6d1a76ebe959eb76f167bf81f289d,51c0e0565aca5167b6f3b67396f2c57a,36,5143040c142d0a93fa9ef2fa6321d7dfc6a71a4b3c02b9698e3457e5d7ef42a7,31.74,2026-06-03T16:07:46.395312+00:00,hmac-sha256
a46de5328f7c863e69bbda08222b61f995d6d1a76ebe959eb76f167bf81f289d,51c0e0565aca5167b6f3b67396f2c57a,37,b3d4936ad5ec3a702511bd40e03748aaf0751cdc0b34f2809d1087f0bb2d34e4,70.25,2026-06-03T16:07:46.395350+00:00,hmac-sha256
a46de5328f7c863e69bbda08222b61f995d6d1a76ebe959eb76f167bf81f289d,51c0e0565aca5167b6f3b67396f2c57a,38,388ba72f0a1c08886473f71be29982d90373555b23a53b3cd01575b93299df8e,22.09,2026-06-03T16:07:46.395390+00:00,hmac-sha256
a46de5328f7c863e69bbda08222b61f995d6d1a76ebe959eb76f167bf81f289d,51c0e0565aca5167b6f3b67396f2c57a,39,c2684d507da5b657477b65358af5b9e60e52e2a5a265a9a4149eb9dd7a5e0647,75.94,2026-06-03T16:07:46.395427+00:00,hmac-sha256
a46de5328f7c863e69bbda08222b61f995d6d1a76ebe959eb76f167bf81f289d,51c0e0565aca5167b6f3b67396f2c57a,40,896e0bb1c6c62dcda38f8d88285b0f1318089d79a84b2bb51559920c1f4a01ca,53.68,2026-06-03T16:07:46.395467+00:00,hmac-sha256
a46de5328f7c863e69bbda08222b61f995d6d1a76ebe959eb76f167bf81f289d,51c0e0565aca5167b6f3b67396f2c57a,41,d3dff9bb35755f8517c7cc36d6b27eb40cf95dd83714a8a8c01547180828b711,82.77,2026-06-03T16:07:46.395504+00:00,hmac-sha256
a46de5328f7c863e69bbda08222b61f995d6d1a76ebe959eb76f167bf81f289d,51c0e0565aca5167b6f3b67396f2c57a,42,e3cd65d6db1a2d3f6706e5832f912f0e00121c3f6b35d823a66832703e7ec20d,88.99,2026-06-03T16:07:46.395551+00:00,hmac-sha256
a46de5328f7c863e69bbda08222b61f995d6d1a76ebe959eb76f167bf81f289d,51c0e0565aca5167b6f3b67396f2c57a,43,6fd5186fc87be8a73a15d788929416cd62add70316264fee44a2e131f639479d,43.68,2026-06-03T16:07:46.395592+00:00,hmac-sha256
a46de5328f7c863e69bbda08222b61f995d6d1a76ebe959eb76f167bf81f289d,51c0e0565aca5167b6f3b67396f2c57a,44,b1cc688231591fd20abf75f565798f1ae68448787481274c45c162e2aa213dcf,69.45,2026-06-03T16:07:46.395631+00:00,hmac-sha256
a46de5328f7c863e69bbda08222b61f995d6d1a76ebe959eb76f167bf81f289d,51c0e0565aca5167b6f3b67396f2c57a,45,3f2a9c0df410a77435464ef01c2d0fc1a7b2c32ae6c50b2584cefc8347b4eccd,24.67,2026-06-03T16:07:46.395667+00:00,hmac-sha256
a46de5328f7c863e69bbda08222b61f995d6d1a76ebe959eb76f167bf81f289d,51c0e0565aca5167b6f3b67396f2c57a,46,4b041dfb155bcf2bbe19cc9fac0a53987cae3526eff4af35db6bd3fe305a4f71,29.3,2026-06-03T16:07:46.395703+00:00,hmac-sha256
a46de5328f7c863e69bbda08222b61f995d6d1a76ebe959eb76f167bf81f289d,51c0e0565aca5167b6f3b67396f2c57a,47,1d36dae4273d3beef5ba3248156c2e21e616b1c163c4493130cce12fd3119bf4,11.41,2026-06-03T16:07:46.395738+00:00,hmac-sha256
a46de5328f7c863e69bbda08222b61f995d6d1a76ebe959eb76f167bf81f289d,51c0e0565aca5167b6f3b67396f2c57a,48,84d29ff04d806c2194c6fbaee78de24108e429e2282aa1622efc973638fd72da,51.88,2026-06-03T16:07:46.395773+00:00,hmac-sha256
a46de5328f7c863e69bbda08222b61f995d6d1a76ebe959eb76f167bf81f289d,51c0e0565aca5167b6f3b67396f2c57a,49,9a89fb11cab5ad49ea4fc1fe63ba177fe6be663b1fd49d80bede699587250fb3,60.37,2026-06-03T16:07:46.395809+00:00,hmac-sha256
a46de5328f7c863e69bbda08222b61f995d6d1a76ebe959eb76f167bf81f289d,51c0e0565aca5167b6f3b67396f2c57a,50,088b76ad612ada6af68f98ffd156a541e37957fed52cc7bfc95d5d9fd631e83d,3.33,2026-06-03T16:07:46.395847+00:00,hmac-sha256
a46de5328f7c863e69bbda08222b61f995d6d1a76ebe959eb76f167bf81f289d,51c0e0565aca5167b6f3b67396f2c57a,51,5e495b25b2d467c1dbde25720f1fabef8e7dca90acf14bf458a8c6f32b9d470c,36.83,2026-06-03T16:07:46.395884+00:00,hmac-sha256
a46de5328f7c863e69bbda08222b61f995d6d1a76ebe959eb76f167bf81f289d,51c0e0565aca5167b6f3b67396f2c57a,52,4a8635fc50fd5535f94bbc4c8ec7a2da24319a2a4d2487b03132cf8e5c33b355,29.11,2026-06-03T16:07:46.395920+00:00,hmac-sha256
a46de5328f7c863e69bbda08222b61f995d6d1a76ebe959eb76f167bf81f289d,51c0e0565aca5167b6f3b67396f2c57a,53,3138bee78866e3fb7b9085e20e1fd37be2042ea8dc0345cba12c9b05ed8e6c4b,19.22,2026-06-03T16:07:46.395955+00:00,hmac-sha256
a46de5328f7c863e69bbda08222b61f995d6d1a76ebe959eb76f167bf81f289d,51c0e0565aca5167b6f3b67396f2c57a,54,37cd80326b914a702007ece22e5127a2b107bc11cfb915a12605fbc344d50dbf,21.8,2026-06-03T16:07:46.395991+00:00,hmac-sha256
a46de5328f7c863e69bbda08222b61f995d6d1a76ebe959eb76f167bf81f289d,51c0e0565aca5167b6f3b67396f2c57a,55,f246b075e825f1a95f4386b17b534540a915c355a33f76f7816f00955192717c,94.64,2026-06-03T16:07:46.396027+00:00,hmac-sha256
a46de5328f7c863e69bbda08222b61f995d6d1a76ebe959eb76f167bf81f289d,51c0e0565aca5167b6f3b67396f2c57a,56,aaf55fa6d8786660ee4d83865149e758d8d880ac511157af8ecd5282d78b62b1,66.78,2026-06-03T16:07:46.396063+00:00,hmac-sha256
a46de5328f7c863e69bbda08222b61f995d6d1a76ebe959eb76f167bf81f289d,51c0e0565aca5167b6f3b67396f2c57a,57,052b44fcc6c67641e3c8ab285b40c0bca19103e4d7140a7cb4210498cf89e95a,2.01,2026-06-03T16:07:46.396098+00:00,hmac-sha256
a46de5328f7c863e69bbda08222b61f995d6d1a76ebe959eb76f167bf81f289d,51c0e0565aca5167b6f3b67396f2c57a,58,3e63bc57dbd8ac6ebdc3128030b5ec6f95b4258c8fb8bafea16d078b0e0fcdb3,24.37,2026-06-03T16:07:46.396133+00:00,hmac-sha256
a46de5328f7c863e69bbda08222b61f995d6d1a76ebe959eb76f167bf81f289d,51c0e0565aca5167b6f3b67396f2c57a,59,8dac2390f3b5fa1ee118ce9d35519993d3854b85bedbdd213ff9dfce568e6e5f,55.34,2026-06-03T16:07:46.396170+00:00,hmac-sha256
a46de5328f7c863e69bbda08222b61f995d6d1a76ebe959eb76f167bf81f289d,51c0e0565aca5167b6f3b67396f2c57a,60,3eedb9979254f4739cac45f97f2ee262a7f96f7b31415a7b3cc2f276ecc4cd1a,24.58,2026-06-03T16:07:46.396207+00:00,hmac-sha256
a46de5328f7c863e69bbda08222b61f995d6d1a76ebe959eb76f167bf81f289d,51c0e0565aca5167b6f3b67396f2c57a,61,d9c5ffd00307c2e50949d83faa91710985e96309fd287960d929af5a691d5d64,85.07,2026-06-03T16:07:46.396242+00:00,hmac-sha256
a46de5328f7c863e69bbda08222b61f995d6d1a76ebe959eb76f167bf81f289d,51c0e0565aca5167b6f3b67396f2c57a,62,7e6fce0d53afd200bdf58cf95dcd8e1c7b0c60ed2e1554e2e40de2c26706ce2c,49.39,2026-06-03T16:07:46.396277+00:00,hmac-sha256
a46de5328f7c863e69bbda08222b61f995d6d1a76ebe959eb76f167bf81f289d,51c0e0565aca5167b6f3b67396f2c57a,63,9be0463bbc8a58d957e60b0cb88c84431f9abcff5abd99a4031623a70dfb2d37,60.89,2026-06-03T16:07:46.396313+00:00,hmac-sha256
a46de5328f7c863e69bbda08222b61f995d6d1a76ebe959eb76f167bf81f289d,51c0e0565aca5167b6f3b67396f2c57a,64,4bc9d882d606207eaf997fb41cf5c4ad52db593335803a063eeae18d8b777a08,29.6,2026-06-03T16:07:46.396350+00:00,hmac-sha256
a46de5328f7c863e69bbda08222b61f995d6d1a76ebe959eb76f167bf81f289d,51c0e0565aca5167b6f3b67396f2c57a,65,1ff3d56e1f3fdc1d74a493eed5f84a8d0b3b9437d641b8a99255fb7033a36dd5,12.48,2026-06-03T16:07:46.396386+00:00,hmac-sha256
a46de5328f7c863e69bbda08222b61f995d6d1a76ebe959eb76f167bf81f289d,51c0e0565aca5167b6f3b67396f2c57a,66,decf10ac5e3eada8cd2b15a81393ab59b0edaf47bec2bcf93a07d3db617ac8c8,87.04,2026-06-03T16:07:46.396421+00:00,hmac-sha256
a46de5328f7c863e69bbda08222b61f995d6d1a76ebe959eb76f167bf81f289d,51c0e0565aca5167b6f3b67396f2c57a,67,1f242294d920f95eb66982ad84c96cebc4d3753b832b7db24861f4d4aa56e630,12.16,2026-06-03T16:07:46.396456+00:00,hmac-sha256
a46de5328f7c863e69bbda08222b61f995d6d1a76ebe959eb76f167bf81f289d,51c0e0565aca5167b6f3b67396f2c57a,68,11d61ce42fa9d582f778cf09c4c8aba5ee97dbd40b4dda9d31a3755e708b3f21,6.96,2026-06-03T16:07:46.396493+00:00,hmac-sha256
a46de5328f7c863e69bbda08222b61f995d6d1a76ebe959eb76f167bf81f289d,51c0e0565aca5167b6f3b67396f2c57a,69,6279ebe03290b3cc9ea2076e667ea2853191124f759effec410207df80bec0c5,38.47,2026-06-03T16:07:46.396528+00:00,hmac-sha256
a46de5328f7c863e69bbda08222b61f995d6d1a76ebe959eb76f167bf81f289d,51c0e0565aca5167b6f3b67396f2c57a,70,dda39072b9c1e01acf14e149d226e3bc66cbaf336290caa4b2f399b508da2885,86.58,2026-06-03T16:07:46.396565+00:00,hmac-sha256
3df3c99f59ea8b5baa4f8098d0fe7819fa61c7f765cb557ab2c28fbd0ad64730,51c0e0565aca5167b6f3b67396f2c57a,1,0d308b926651c1427783e7802c5a6658269dcf914daa55786eca2c49979f2249,5.15,2026-06-03T16:07:46.396623+00:00,hmac-sha256
3df3c99f59ea8b5baa4f8098d0fe7819fa61c7f765cb557ab2c28fbd0ad64730,51c0e0565aca5167b6f3b67396f2c57a,2,1655140cd5dba160a8c3927e5deab51ed851ec591a7f95c490b273f5b4c12a4c,8.72,2026-06-03T16:07:46.396661+00:00,hmac-sha256
3df3c99f59ea8b5baa4f8098d0fe7819fa61c7f765cb557ab2c28fbd0ad64730,51c0e0565aca5167b6f3b67396f2c57a,3,ecfe3919a7b7a8406024ed07999cf4593cfa2cf75561e2c88e270ded8ed26a03,92.58,2026-06-03T16:07:46.396697+00:00,hmac-sha256
3df3c99f59ea8b5baa4f8098d0fe7819fa61c7f765cb557ab2c28fbd0ad64730,51c0e0565aca5167b6f3b67396f2c57a,4,e535617eb3a087b559c5685a788e7607c7fd1e36d492cd2bfc3b79801d68660d,89.54,2026-06-03T16:07:46.396733+00:00,hmac-sha256
3df3c99f59ea8b5baa4f8098d0fe7819fa61c7f765cb557ab2c28fbd0ad64730,51c0e0565aca5167b6f3b67396f2c57a,5,9e1ce2554245cda2d9a6d729c43f7107e163809f2698aaacb07d5eba3bee4dcb,61.76,2026-06-03T16:07:46.396772+00:00,hmac-sha256
3df3c99f59ea8b5baa4f8098d0fe7819fa61c7f765cb557ab2c28fbd0ad64730,51c0e0565aca5167b6f3b67396f2c57a,6,9cb08c886b613b9eb16fd47323565dd50bbb6e5a48793329dce3854aba258a4f,61.21,2026-06-03T16:07:46.396809+00:00,hmac-sha256
3df3c99f59ea8b5baa4f8098d0fe7819fa61c7f765cb557ab2c28fbd0ad64730,51c0e0565aca5167b6f3b67396f2c57a,7,62ca59ddd75ab3bf8de097d48fcf0ef7c6645ed8e3fddc906cffba487b96fd75,38.59,2026-06-03T16:07:46.396846+00:00,hmac-sha256
3df3c99f59ea8b5baa4f8098d0fe7819fa61c7f765cb557ab2c28fbd0ad64730,51c0e0565aca5167b6f3b67396f2c57a,8,ad2e1755ab49410a4fe32a0b59f80859a22ed6177fc1f7ab1b706dda77d05cf0,67.65,2026-06-03T16:07:46.396889+00:00,hmac-sha256
3df3c99f59ea8b5baa4f8098d0fe7819fa61c7f765cb557ab2c28fbd0ad64730,51c0e0565aca5167b6f3b67396f2c57a,9,1577dd7c29b0ab994d8ce50dae39531ac3b57a680fd3163dd1cf158fbbcba344,8.38,2026-06-03T16:07:46.396926+00:00,hmac-sha256
3df3c99f59ea8b5baa4f8098d0fe7819fa61c7f765cb557ab2c28fbd0ad64730,51c0e0565aca5167b6f3b67396f2c57a,10,d130e6ab4c3d9b3b0af52e8cb6218ca1728ce05a85567bb677f0b2e36a4fef22,81.72,2026-06-03T16:07:46.396962+00:00,hmac-sha256
3df3c99f59ea8b5baa4f8098d0fe7819fa61c7f765cb557ab2c28fbd0ad64730,51c0e0565aca5167b6f3b67396f2c57a,11,e098374dfd5b3090de5c434ed7693626967f7ce8512f55a25264579d688b89ae,87.74,2026-06-03T16:07:46.396998+00:00,hmac-sha256
3df3c99f59ea8b5baa4f8098d0fe7819fa61c7f765cb557ab2c28fbd0ad64730,51c0e0565aca5167b6f3b67396f2c57a,12,30ab2696de38c2950e069c976baf596f5baf3da3ef8c340d60b4cdc07be996c3,19.01,2026-06-03T16:07:46.397034+00:00,hmac-sha256
3df3c99f59ea8b5baa4f8098d0fe7819fa61c7f765cb557ab2c28fbd0ad64730,51c0e0565aca5167b6f3b67396f2c57a,13,b84967e2ebb7bb7fbe61f921a567109ac7dce5cb3e88b7b6c2c4a4ddc9de5580,71.99,2026-06-03T16:07:46.397070+00:00,hmac-sha256
3df3c99f59ea8b5baa4f8098d0fe7819fa61c7f765cb557ab2c28fbd0ad64730,51c0e0565aca5167b6f3b67396f2c57a,14,fde8a0538569b598dc3ed7abb53e459cd2098a25843726bad921a8a0b2f2b4a0,99.19,2026-06-03T16:07:46.397106+00:00,hmac-sha256
3df3c99f59ea8b5baa4f8098d0fe7819fa61c7f765cb557ab2c28fbd0ad64730,51c0e0565aca5167b6f3b67396f2c57a,15,2e591fc32a2e1f2c4bb8e36feb4dd5d012a372fbe37de4a7ce55d6cf6cf87763,18.1,2026-06-03T16:07:46.397141+00:00,hmac-sha256
3df3c99f59ea8b5baa4f8098d0fe7819fa61c7f765cb557ab2c28fbd0ad64730,51c0e0565aca5167b6f3b67396f2c57a,16,aea48f126b156d4a938510d09bd82e54311f2b6deda3f72cfb86a8f14917dbd6,68.22,2026-06-03T16:07:46.397178+00:00,hmac-sha256
3df3c99f59ea8b5baa4f8098d0fe7819fa61c7f765cb557ab2c28fbd0ad64730,51c0e0565aca5167b6f3b67396f2c57a,17,b394c65b82d2c25fb59b4f02ddc02e7da2f0968c8a662d8e53c0522f4279f4ad,70.15,2026-06-03T16:07:46.397217+00:00,hmac-sha256
3df3c99f59ea8b5baa4f8098d0fe7819fa61c7f765cb557ab2c28fbd0ad64730,51c0e0565aca5167b6f3b67396f2c57a,18,21819e9e2107910b03ed2a305bfb3df057f155ae904ed8e07c68dbaa193c4365,13.08,2026-06-03T16:07:46.397254+00:00,hmac-sha256
3df3c99f59ea8b5baa4f8098d0fe7819fa61c7f765cb557ab2c28fbd0ad64730,51c0e0565aca5167b6f3b67396f2c57a,19,d40b68725f264b02c9bcfce0bc4d5f3dff939785742814abe7a2707c9e336e3b,82.83,2026-06-03T16:07:46.397294+00:00,hmac-sha256
3df3c99f59ea8b5baa4f8098d0fe7819fa61c7f765cb557ab2c28fbd0ad64730,51c0e0565aca5167b6f3b67396f2c57a,20,4ec487be27b68bb43b141d8599dc227b75589e9b6bf218357888e140b5fab299,30.77,2026-06-03T16:07:46.397335+00:00,hmac-sha256
3df3c99f59ea8b5baa4f8098d0fe7819fa61c7f765cb557ab2c28fbd0ad64730,51c0e0565aca5167b6f3b67396f2c57a,21,37665deb8a6f2f428cadadb1a2b41a572edfbb141ccbe41317ba792d58f181fb,21.64,2026-06-03T16:07:46.397374+00:00,hmac-sha256
3df3c99f59ea8b5baa4f8098d0fe7819fa61c7f765cb557ab2c28fbd0ad64730,51c0e0565aca5167b6f3b67396f2c57a,22,e7076d1682e1d04454de8c24d7c19c4eb5c219943be902f5114374efbaace78b,90.25,2026-06-03T16:07:46.397415+00:00,hmac-sha256
3df3c99f59ea8b5baa4f8098d0fe7819fa61c7f765cb557ab2c28fbd0ad64730,51c0e0565aca5167b6f3b67396f2c57a,23,a6e3470114a911d34c3585cac360dcbb5629a2b9480634db6893539d693c1e0b,65.19,2026-06-03T16:07:46.397465+00:00,hmac-sha256
3df3c99f59ea8b5baa4f8098d0fe7819fa61c7f765cb557ab2c28fbd0ad64730,51c0e0565aca5167b6f3b67396f2c57a,24,a86480086af357a208c2acc6db40e2069bb8f238b69a427058785b3338209f81,65.78,2026-06-03T16:07:46.397500+00:00,hmac-sha256
3df3c99f59ea8b5baa4f8098d0fe7819fa61c7f765cb557ab2c28fbd0ad64730,51c0e0565aca5167b6f3b67396f2c57a,25,c603f2e3a2d773637166d38b702a867c69f8fd7e68fffcb28252d84308244106,77.35,2026-06-03T16:07:46.397535+00:00,hmac-sha256
3df3c99f59ea8b5baa4f8098d0fe7819fa61c7f765cb557ab2c28fbd0ad64730,51c0e0565aca5167b6f3b67396f2c57a,26,8ddfdc0233ac0eea4d82950c877b76719aa9be68922eb3bb014acfbfe63af0c4,55.42,2026-06-03T16:07:46.397584+00:00,hmac-sha256
3df3c99f59ea8b5baa4f8098d0fe7819fa61c7f765cb557ab2c28fbd0ad64730,51c0e0565aca5167b6f3b67396f2c57a,27,6d9e8d2493dda77e55b65df4c7f293cb643e6223af2050c933eb032f5bd3cdc8,42.82,2026-06-03T16:07:46.397622+00:00,hmac-sha256
3df3c99f59ea8b5baa4f8098d0fe7819fa61c7f765cb557ab2c28fbd0ad64730,51c0e0565aca5167b6f3b67396f2c57a,28,6096604c28263ed2e19f8cecdaf6a805ccb73534038c7edca8d2b4b476f3b87d,37.73,2026-06-03T16:07:46.397659+00:00,hmac-sha256
3df3c99f59ea8b5baa4f8098d0fe7819fa61c7f765cb557ab2c28fbd0ad64730,51c0e0565aca5167b6f3b67396f2c57a,29,cc56d93df8171ce90ee1fcb9b856f02129763a0bde99d61a48066562ef80f1fb,79.82,2026-06-03T16:07:46.397696+00:00,hmac-sha256
3df3c99f59ea8b5baa4f8098d0fe7819fa61c7f765cb557ab2c28fbd0ad64730,51c0e0565aca5167b6f3b67396f2c57a,30,cd81e46a2155589929fe1a0ef6be1b8e8bf562dc93d0ea90f8588c8fd3e5b1f2,80.28,2026-06-03T16:07:46.397733+00:00,hmac-sha256
3df3c99f59ea8b5baa4f8098d0fe7819fa61c7f765cb557ab2c28fbd0ad64730,51c0e0565aca5167b6f3b67396f2c57a,31,28df6d7b2afad2237781973b59e025d2dbc75e11e0fde14475c304303148e3e7,15.96,2026-06-03T16:07:46.397769+00:00,hmac-sha256
3df3c99f59ea8b5baa4f8098d0fe7819fa61c7f765cb557ab2c28fbd0ad64730,51c0e0565aca5167b6f3b67396f2c57a,32,0a28cd286c57328c235930181deabec6fa9dc19503890073d706417b1a25fd36,3.96,2026-06-03T16:07:46.397804+00:00,hmac-sha256
3df3c99f59ea8b5baa4f8098d0fe7819fa61c7f765cb557ab2c28fbd0ad64730,51c0e0565aca5167b6f3b67396f2c57a,33,336a8949310a417a8330454e1a7d5e474db20d7aa2c3406cbc122907dcd12a1a,20.08,2026-06-03T16:07:46.397840+00:00,hmac-sha256
3df3c99f59ea8b5baa4f8098d0fe7819fa61c7f765cb557ab2c28fbd0ad64730,51c0e0565aca5167b6f3b67396f2c57a,34,b7a9b58c5cc09e5fde3fcda55c80733a317f3c0e3b0976704fd2f665a4f6edbb,71.75,2026-06-03T16:07:46.397877+00:00,hmac-sha256
3df3c99f59ea8b5baa4f8098d0fe7819fa61c7f765cb557ab2c28fbd0ad64730,51c0e0565aca5167b6f3b67396f2c57a,35,248dbbd9ae7e57d885063a7db90acf85daa13993a36a8ba9ff5a73360fde33f4,14.28,2026-06-03T16:07:46.397913+00:00,hmac-sha256
3df3c99f59ea8b5baa4f8098d0fe7819fa61c7f765cb557ab2c28fbd0ad64730,51c0e0565aca5167b6f3b67396f2c57a,36,d7724f1b53589c449a93cbc080d2856554c2ecddda2e390ea5fc059144f1628a,84.16,2026-06-03T16:07:46.397951+00:00,hmac-sha256
3df3c99f59ea8b5baa4f8098d0fe7819fa61c7f765cb557ab2c28fbd0ad64730,51c0e0565aca5167b6f3b67396f2c57a,37,712376e22a9600c98228978f656c4da0f0e6e5c8c2a7d38b569ab46d30523610,44.19,2026-06-03T16:07:46.397987+00:00,hmac-sha256
3df3c99f59ea8b5baa4f8098d0fe7819fa61c7f765cb557ab2c28fbd0ad64730,51c0e0565aca5167b6f3b67396f2c57a,38,110e9620be94a5079b9e41aa2ac85ce07bdfe41179ac084450d1d8fe8214751e,6.66,2026-06-03T16:07:46.398023+00:00,hmac-sha256
3df3c99f59ea8b5baa4f8098d0fe7819fa61c7f765cb557ab2c28fbd0ad64730,51c0e0565aca5167b6f3b67396f2c57a,39,58dec31309d38886d0a92af188f515641102a1952be2a676775b18dd2927e558,34.71,2026-06-03T16:07:46.398061+00:00,hmac-sha256
3df3c99f59ea8b5baa4f8098d0fe7819fa61c7f765cb557ab2c28fbd0ad64730,51c0e0565aca5167b6f3b67396f2c57a,40,f9bb13834a46ba94597a05ad218a15c795c48264b6cd21664532bbe189dda240,97.56,2026-06-03T16:07:46.398097+00:00,hmac-sha256
3df3c99f59ea8b5baa4f8098d0fe7819fa61c7f765cb557ab2c28fbd0ad64730,51c0e0565aca5167b6f3b67396f2c57a,41,1b280fce1ba26d61d6cc64f62a1cb19ddd10619bb911867c90cda94c59a1a78b,10.6,2026-06-03T16:07:46.398132+00:00,hmac-sha256
3df3c99f59ea8b5baa4f8098d0fe7819fa61c7f765cb557ab2c28fbd0ad64730,51c0e0565aca5167b6f3b67396f2c57a,42,033d7ff9f22257b223a7b238b91d046c336469e1ba5a94499c36f61a62992c4b,1.26,2026-06-03T16:07:46.398168+00:00,hmac-sha256
3df3c99f59ea8b5baa4f8098d0fe7819fa61c7f765cb557ab2c28fbd0ad64730,51c0e0565aca5167b6f3b67396f2c57a,43,3025dd4b436851673bbcb708758a39956089100ed39ab884d75fe522bad62431,18.8,2026-06-03T16:07:46.398203+00:00,hmac-sha256
3df3c99f59ea8b5baa4f8098d0fe7819fa61c7f765cb557ab2c28fbd0ad64730,51c0e0565aca5167b6f3b67396f2c57a,44,8fa004dffdfdcf8496789c80eaf6977a1818d21a251da8904b3b6da50f92eaaf,56.1,2026-06-03T16:07:46.398239+00:00,hmac-sha256
3df3c99f59ea8b5baa4f8098d0fe7819fa61c7f765cb557ab2c28fbd0ad64730,51c0e0565aca5167b6f3b67396f2c57a,45,f64b441fc35fc894f484be8e520038a41ad30298db400ef0feaec55a81abdfcf,96.21,2026-06-03T16:07:46.398275+00:00,hmac-sha256
3df3c99f59ea8b5baa4f8098d0fe7819fa61c7f765cb557ab2c28fbd0ad64730,51c0e0565aca5167b6f3b67396f2c57a,46,cb911b44de66d4bae2f29ad17f34e01a455c002eb3e52b4041d5c0623668b8e1,79.52,2026-06-03T16:07:46.398312+00:00,hmac-sha256
3df3c99f59ea8b5baa4f8098d0fe7819fa61c7f765cb557ab2c28fbd0ad64730,51c0e0565aca5167b6f3b67396f2c57a,47,40b8dbdfc494579f895b37f0da398034f91c152e8ce841b97c0f25f200e07682,25.28,2026-06-03T16:07:46.398350+00:00,hmac-sha256
3df3c99f59ea8b5baa4f8098d0fe7819fa61c7f765cb557ab2c28fbd0ad64730,51c0e0565aca5167b6f3b67396f2c57a,48,f9126d9e93e78fee95898d3170f288d1b3117cb86e6c848f3dcaa772b1bb09ae,97.3,2026-06-03T16:07:46.398390+00:00,hmac-sha256
3df3c99f59ea8b5baa4f8098d0fe7819fa61c7f765cb557ab2c28fbd0ad64730,51c0e0565aca5167b6f3b67396f2c57a,49,42e78014b4adc70751be706f94711be96a367820ce4da99caa3fa3f9b5780bbb,26.13,2026-06-03T16:07:46.398431+00:00,hmac-sha256
3df3c99f59ea8b5baa4f8098d0fe7819fa61c7f765cb557ab2c28fbd0ad64730,51c0e0565aca5167b6f3b67396f2c57a,50,94b2a7d812225cee7d1e178c27c1acfe1e71d95ed71c1de47cad04bad64b27a6,58.09,2026-06-03T16:07:46.398471+00:00,hmac-sha256
3df3c99f59ea8b5baa4f8098d0fe7819fa61c7f765cb557ab2c28fbd0ad64730,51c0e0565aca5167b6f3b67396f2c57a,51,30cd3d6a7ed710a0d4f0c56a344f9dec3b71726b25e404346b488cf90b1ce8e4,19.06,2026-06-03T16:07:46.398508+00:00,hmac-sha256
3df3c99f59ea8b5baa4f8098d0fe7819fa61c7f765cb557ab2c28fbd0ad64730,51c0e0565aca5167b6f3b67396f2c57a,52,b86886861191407bcae8dc753a4a6ab9acd78499646559f6ee3018f43540c740,72.04,2026-06-03T16:07:46.398546+00:00,hmac-sha256
3df3c99f59ea8b5baa4f8098d0fe7819fa61c7f765cb557ab2c28fbd0ad64730,51c0e0565aca5167b6f3b67396f2c57a,53,224ca2c8ef24febd5ba7f0720be065c4b07140c9065a65de409084ce789c0ea9,13.39,2026-06-03T16:07:46.398583+00:00,hmac-sha256
3df3c99f59ea8b5baa4f8098d0fe7819fa61c7f765cb557ab2c28fbd0ad64730,51c0e0565aca5167b6f3b67396f2c57a,54,63a98f59b42acf3fbc85a9e1ef402f56d55df9a5d5c761caca16879902170756,38.93,2026-06-03T16:07:46.398618+00:00,hmac-sha256
3df3c99f59ea8b5baa4f8098d0fe7819fa61c7f765cb557ab2c28fbd0ad64730,51c0e0565aca5167b6f3b67396f2c57a,55,6cb58fd5c4f3d5789d4b1d89d97f6e8c843bacf66a2bb12b69c9ae090a905202,42.46,2026-06-03T16:07:46.398653+00:00,hmac-sha256
3df3c99f59ea8b5baa4f8098d0fe7819fa61c7f765cb557ab2c28fbd0ad64730,51c0e0565aca5167b6f3b67396f2c57a,56,6e84be8f8b1b7bd676664a9551eb256faebf4825e259ba380c21292725aa6f27,43.17,2026-06-03T16:07:46.398688+00:00,hmac-sha256
3df3c99f59ea8b5baa4f8098d0fe7819fa61c7f765cb557ab2c28fbd0ad64730,51c0e0565aca5167b6f3b67396f2c57a,57,cc00a3149315b5bea1244eb182294093599fba4d4b05c770b7a979b1a32d9203,79.69,2026-06-03T16:07:46.398724+00:00,hmac-sha256
3df3c99f59ea8b5baa4f8098d0fe7819fa61c7f765cb557ab2c28fbd0ad64730,51c0e0565aca5167b6f3b67396f2c57a,58,f7051fedf2da6883836e328d5d0a5636e8811d342b6c0f999b1599331d74aa6d,96.5,2026-06-03T16:07:46.398762+00:00,hmac-sha256
3df3c99f59ea8b5baa4f8098d0fe7819fa61c7f765cb557ab2c28fbd0ad64730,51c0e0565aca5167b6f3b67396f2c57a,59,ef1c68d633fecf75b545389fb2b225c91b42e2c823e8e1e4b050ebd5612db887,93.41,2026-06-03T16:07:46.398797+00:00,hmac-sha256
3df3c99f59ea8b5baa4f8098d0fe7819fa61c7f765cb557ab2c28fbd0ad64730,51c0e0565aca5167b6f3b67396f2c57a,60,3ca84a9e976cad6c531bc7646f9bedd665020e826caebddd0943bc3621742b34,23.69,2026-06-03T16:07:46.398833+00:00,hmac-sha256
3df3c99f59ea8b5baa4f8098d0fe7819fa61c7f765cb557ab2c28fbd0ad64730,51c0e0565aca5167b6f3b67396f2c57a,61,b8883f9ac114d69ebeb26840865b9bfeb098e16a13d0c274eae6eb5a391c73e4,72.09,2026-06-03T16:07:46.398869+00:00,hmac-sha256
3df3c99f59ea8b5baa4f8098d0fe7819fa61c7f765cb557ab2c28fbd0ad64730,51c0e0565aca5167b6f3b67396f2c57a,62,4398d972cc132951550f6616515f2abdc2ccaa6202fb98876d0d80d46237e738,26.4,2026-06-03T16:07:46.398905+00:00,hmac-sha256
3df3c99f59ea8b5baa4f8098d0fe7819fa61c7f765cb557ab2c28fbd0ad64730,51c0e0565aca5167b6f3b67396f2c57a,63,454e25e1322b979fe27dd93417bafd67f2a7811c209c49f8069e89c464860fcf,27.07,2026-06-03T16:07:46.398941+00:00,hmac-sha256
3df3c99f59ea8b5baa4f8098d0fe7819fa61c7f765cb557ab2c28fbd0ad64730,51c0e0565aca5167b6f3b67396f2c57a,64,708070c842a9f8a2e070899806c82e85f5826d6d0dd446ad57c2ccde2aa28dec,43.95,2026-06-03T16:07:46.398976+00:00,hmac-sha256
3df3c99f59ea8b5baa4f8098d0fe7819fa61c7f765cb557ab2c28fbd0ad64730,51c0e0565aca5167b6f3b67396f2c57a,65,546cf6db6c4614ccfd767b8eb12a70cbcd6ce1fafbd33ca901aaa6f733fe3cd5,32.98,2026-06-03T16:07:46.399011+00:00,hmac-sha256
3df3c99f59ea8b5baa4f8098d0fe7819fa61c7f765cb557ab2c28fbd0ad64730,51c0e0565aca5167b6f3b67396f2c57a,66,b42a48138bebf30631b9061029720f7aa5436522dd0df0c010d35e19fa284285,70.38,2026-06-03T16:07:46.399050+00:00,hmac-sha256
3df3c99f59ea8b5baa4f8098d0fe7819fa61c7f765cb557ab2c28fbd0ad64730,51c0e0565aca5167b6f3b67396f2c57a,67,b54b92ebf16055e1fbd2a590db2f42da77401439adc213121c4e7a20a139f75d,70.82,2026-06-03T16:07:46.399088+00:00,hmac-sha256
3df3c99f59ea8b5baa4f8098d0fe7819fa61c7f765cb557ab2c28fbd0ad64730,51c0e0565aca5167b6f3b67396f2c57a,68,f9e23623952116ec80e67a362912e4d63ec9fa3c80b5c4adf7648c4b4b208679,97.62,2026-06-03T16:07:46.399124+00:00,hmac-sha256
3df3c99f59ea8b5baa4f8098d0fe7819fa61c7f765cb557ab2c28fbd0ad64730,51c0e0565aca5167b6f3b67396f2c57a,69,2a2f3301b159a9133cc7da56381391a77cf211187da7e60ad365af5e4ec97214,16.47,2026-06-03T16:07:46.399159+00:00,hmac-sha256
3df3c99f59ea8b5baa4f8098d0fe7819fa61c7f765cb557ab2c28fbd0ad64730,51c0e0565aca5167b6f3b67396f2c57a,70,ac1ae3c16af949cc586580281bff74e9cfe1887c225973740d1f2a90dfb459e1,67.23,2026-06-03T16:07:46.399194+00:00,hmac-sha256
3c5db698c9c542a940fc873fe6facfc3d698b6ec7faba9836eaab6365cf19e89,51c0e0565aca5167b6f3b67396f2c57a,1,436f859ca99e6fa2a98d534628fb05d89a3543403c2b3333e2083d4953a2de34,26.34,2026-06-03T16:07:46.399251+00:00,hmac-sha256
3c5db698c9c542a940fc873fe6facfc3d698b6ec7faba9836eaab6365cf19e89,51c0e0565aca5167b6f3b67396f2c57a,2,6d532f352f7e93b6fa982affe62092c51b1d4037d2ddf235f30f60a773ab0fed,42.7,2026-06-03T16:07:46.399288+00:00,hmac-sha256
3c5db698c9c542a940fc873fe6facfc3d698b6ec7faba9836eaab6365cf19e89,51c0e0565aca5167b6f3b67396f2c57a,3,c7b627bbcfddb1b0540eff0e5975f8105fd7ede128f979dad1a2d672ec2b2c48,78.02,2026-06-03T16:07:46.399324+00:00,hmac-sha256
3c5db698c9c542a940fc873fe6facfc3d698b6ec7faba9836eaab6365cf19e89,51c0e0565aca5167b6f3b67396f2c57a,4,5a6bca20e598e0195553516a630e30f1db09ec1b55ea33c18341e6e49d5cea89,35.32,2026-06-03T16:07:46.399360+00:00,hmac-sha256
3c5db698c9c542a940fc873fe6facfc3d698b6ec7faba9836eaab6365cf19e89,51c0e0565aca5167b6f3b67396f2c57a,5,24514b385070d0b61e2c180415805681934cac10ebf733cc784e8d9ed352d2d4,14.18,2026-06-03T16:07:46.399398+00:00,hmac-sha256
3c5db698c9c542a940fc873fe6facfc3d698b6ec7faba9836eaab6365cf19e89,51c0e0565aca5167b6f3b67396f2c57a,6,dd6ce965263c51bf7318d4b6e7f8196d338ab53f05940ec67f9cdbd849fe5b0d,86.5,2026-06-03T16:07:46.399435+00:00,hmac-sha256
3c5db698c9c542a940fc873fe6facfc3d698b6ec7faba9836eaab6365cf19e89,51c0e0565aca5167b6f3b67396f2c57a,7,87ba4a9e65b541b252f7f425afd3ee365db458eb3233c9f3e2f9f8601f13ed41,53.02,2026-06-03T16:07:46.399471+00:00,hmac-sha256
3c5db698c9c542a940fc873fe6facfc3d698b6ec7faba9836eaab6365cf19e89,51c0e0565aca5167b6f3b67396f2c57a,8,ef8a39307717258ffe081b817776704fa45edad3ad87bc9a3ffbbeeb3555721d,93.57,2026-06-03T16:07:46.399509+00:00,hmac-sha256
3c5db698c9c542a940fc873fe6facfc3d698b6ec7faba9836eaab6365cf19e89,51c0e0565aca5167b6f3b67396f2c57a,9,459ba3002675532d102ecab2b21e8dfebab637043d103d6392fa1f6bac3313a2,27.19,2026-06-03T16:07:46.399549+00:00,hmac-sha256
3c5db698c9c542a940fc873fe6facfc3d698b6ec7faba9836eaab6365cf19e89,51c0e0565aca5167b6f3b67396f2c57a,10,2b1390d35b42fa69abf1ae5a5836e8d3c7e1af3ad33ce626a792c16eec8b977b,16.82,2026-06-03T16:07:46.399589+00:00,hmac-sha256
3c5db698c9c542a940fc873fe6facfc3d698b6ec7faba9836eaab6365cf19e89,51c0e0565aca5167b6f3b67396f2c57a,11,1fcce274996d0638053cbf519df0fb1166d9aca3e5e6975202a352b9fa9707c7,12.42,2026-06-03T16:07:46.399625+00:00,hmac-sha256
3c5db698c9c542a940fc873fe6facfc3d698b6ec7faba9836eaab6365cf19e89,51c0e0565aca5167b6f3b67396f2c57a,12,b8e34e76d264e5a37c74f417a90d6218b609d990a0d4aed9e830f692374dba0c,72.22,2026-06-03T16:07:46.399662+00:00,hmac-sha256
3c5db698c9c542a940fc873fe6facfc3d698b6ec7faba9836eaab6365cf19e89,51c0e0565aca5167b6f3b67396f2c57a,13,ed7af2420ef6fcef9560ed3288ed23c486b1ce2ecf0c7796069b687962650548,92.77,2026-06-03T16:07:46.399697+00:00,hmac-sha256
3c5db698c9c542a940fc873fe6facfc3d698b6ec7faba9836eaab6365cf19e89,51c0e0565aca5167b6f3b67396f2c57a,14,35bf776ba3c39e99a8d34518632d54119687185d37f377e67469724613878489,20.99,2026-06-03T16:07:46.399737+00:00,hmac-sha256
3c5db698c9c542a940fc873fe6facfc3d698b6ec7faba9836eaab6365cf19e89,51c0e0565aca5167b6f3b67396f2c57a,15,13e47c163129157d4a7dda1ccac2deba06786351ab59e506be9631209aedf2e9,7.77,2026-06-03T16:07:46.399776+00:00,hmac-sha256
3c5db698c9c542a940fc873fe6facfc3d698b6ec7faba9836eaab6365cf19e89,51c0e0565aca5167b6f3b67396f2c57a,16,e2292404d407ef4bbe5427204fb8ab8011709a20fde89eca38022e2c4c1f7806,88.35,2026-06-03T16:07:46.399811+00:00,hmac-sha256
3c5db698c9c542a940fc873fe6facfc3d698b6ec7faba9836eaab6365cf19e89,51c0e0565aca5167b6f3b67396f2c57a,17,4be87558184b8fdc95ec6129edd59651c1489deb197eac634ffa7d1136d34fe1,29.65,2026-06-03T16:07:46.399846+00:00,hmac-sha256
3c5db698c9c542a940fc873fe6facfc3d698b6ec7faba9836eaab6365cf19e89,51c0e0565aca5167b6f3b67396f2c57a,18,21e2dd2cd0dc1ee553189eaae3d9f804bafdbea94c932aad93c121e4cb02615e,13.23,2026-06-03T16:07:46.399881+00:00,hmac-sha256
3c5db698c9c542a940fc873fe6facfc3d698b6ec7faba9836eaab6365cf19e89,51c0e0565aca5167b6f3b67396f2c57a,19,024def012886f8061597952694d25eff5355fd75c33474285225dc407d8c6f7f,0.9,2026-06-03T16:07:46.399917+00:00,hmac-sha256
3c5db698c9c542a940fc873fe6facfc3d698b6ec7faba9836eaab6365cf19e89,51c0e0565aca5167b6f3b67396f2c57a,20,ed84073940863652acf53bbf3739527994c54cf694b8f6f6944c8699f35639eb,92.78,2026-06-03T16:07:46.399952+00:00,hmac-sha256
3c5db698c9c542a940fc873fe6facfc3d698b6ec7faba9836eaab6365cf19e89,51c0e0565aca5167b6f3b67396f2c57a,21,f81d4cf0b20935b9dd35d09e59743ff5b28d2dc5a0727381ab18d0ecef2bd310,96.92,2026-06-03T16:07:46.399988+00:00,hmac-sha256
3c5db698c9c542a940fc873fe6facfc3d698b6ec7faba9836eaab6365cf19e89,51c0e0565aca5167b6f3b67396f2c57a,22,f2c2cd449b19247f6c6decbad7b347aa03c2dab4568cc021dc12eb8f111f0168,94.83,2026-06-03T16:07:46.400024+00:00,hmac-sha256
3c5db698c9c542a940fc873fe6facfc3d698b6ec7faba9836eaab6365cf19e89,51c0e0565aca5167b6f3b67396f2c57a,23,2bde6bb2af6c6c92509b0a422c05475e054913e72c93331877377ce3202eb92a,17.13,2026-06-03T16:07:46.400059+00:00,hmac-sha256
3c5db698c9c542a940fc873fe6facfc3d698b6ec7faba9836eaab6365cf19e89,51c0e0565aca5167b6f3b67396f2c57a,24,3bf0550ef88646f7b787130ac166c6fb5735d06cc873ca6c80d1e077cd5382a2,23.41,2026-06-03T16:07:46.400095+00:00,hmac-sha256
3c5db698c9c542a940fc873fe6facfc3d698b6ec7faba9836eaab6365cf19e89,51c0e0565aca5167b6f3b67396f2c57a,25,492a7907829bdbb3180a31f092d717af046703a91c7f4b47a4e3edb84c72d8b6,28.58,2026-06-03T16:07:46.400138+00:00,hmac-sha256
3c5db698c9c542a940fc873fe6facfc3d698b6ec7faba9836eaab6365cf19e89,51c0e0565aca5167b6f3b67396f2c57a,26,696edc38ea7c5100bb663be4cbefbd038adaf84ae64bc8c939809223c9ef1a8f,41.18,2026-06-03T16:07:46.400173+00:00,hmac-sha256
3c5db698c9c542a940fc873fe6facfc3d698b6ec7faba9836eaab6365cf19e89,51c0e0565aca5167b6f3b67396f2c57a,27,afd06c32085a9f5010580aa10e7dc6bb9feaf9d1dfa2546e09e99a58b48a94dd,68.68,2026-06-03T16:07:46.400212+00:00,hmac-sha256
3c5db698c9c542a940fc873fe6facfc3d698b6ec7faba9836eaab6365cf19e89,51c0e0565aca5167b6f3b67396f2c57a,28,edd01f9e8fdacf10619256e3fe61482f5ad0a9cf60ae34f41fa21c46fc66b8b4,92.9,2026-06-03T16:07:46.400248+00:00,hmac-sha256
3c5db698c9c542a940fc873fe6facfc3d698b6ec7faba9836eaab6365cf19e89,51c0e0565aca5167b6f3b67396f2c57a,29,56eacf76d8366c796f63c66c032668576a389a3a6b406ca24f076375b7a972ee,33.95,2026-06-03T16:07:46.400285+00:00,hmac-sha256
3c5db698c9c542a940fc873fe6facfc3d698b6ec7faba9836eaab6365cf19e89,51c0e0565aca5167b6f3b67396f2c57a,30,37a892b95a6761b35b32f66c4c5962c8ee7c298c433b9a256148212b67ef8369,21.74,2026-06-03T16:07:46.400324+00:00,hmac-sha256
3c5db698c9c542a940fc873fe6facfc3d698b6ec7faba9836eaab6365cf19e89,51c0e0565aca5167b6f3b67396f2c57a,31,baedb575c457d83e05e15d9ea7a7235563b0084c9dd3f1c664a4bb4e346f4396,73.02,2026-06-03T16:07:46.400361+00:00,hmac-sha256
3c5db698c9c542a940fc873fe6facfc3d698b6ec7faba9836eaab6365cf19e89,51c0e0565aca5167b6f3b67396f2c57a,32,d8b967b719333adc891f5711415d3f2d4ad2667eed60a6112b8fc4a43a99dce6,84.66,2026-06-03T16:07:46.400399+00:00,hmac-sha256
3c5db698c9c542a940fc873fe6facfc3d698b6ec7faba9836eaab6365cf19e89,51c0e0565aca5167b6f3b67396f2c57a,33,0405195742cbb10f1bf754415c7e336fc03f4269c40e3bb5bc36f970c20c74a4,1.57,2026-06-03T16:07:46.400435+00:00,hmac-sha256
3c5db698c9c542a940fc873fe6facfc3d698b6ec7faba9836eaab6365cf19e89,51c0e0565aca5167b6f3b67396f2c57a,34,9ec9dd3a0b3ced73a6f66ffdc540ecee58e0e5a1623cfcf1992cba30192a8412,62.03,2026-06-03T16:07:46.400551+00:00,hmac-sha256
3c5db698c9c542a940fc873fe6facfc3d698b6ec7faba9836eaab6365cf19e89,51c0e0565aca5167b6f3b67396f2c57a,35,64bd199a3616c31d86fd11f13ffb2e4a276e2aa54ce4e95ad6b732389b434ab7,39.35,2026-06-03T16:07:46.400593+00:00,hmac-sha256
3c5db698c9c542a940fc873fe6facfc3d698b6ec7faba9836eaab6365cf19e89,51c0e0565aca5167b6f3b67396f2c57a,36,eb0f756bb42a76e286ff4bba6824a8acfd78b8a826be601b2416f63cab9916ee,91.82,2026-06-03T16:07:46.400629+00:00,hmac-sha256
3c5db698c9c542a940fc873fe6facfc3d698b6ec7faba9836eaab6365cf19e89,51c0e0565aca5167b6f3b67396f2c57a,37,1f534e19a4b53b27716bfdb1be5f149b1cb290d6ec87d814b32d504da11f4982,12.23,2026-06-03T16:07:46.400666+00:00,hmac-sha256
3c5db698c9c542a940fc873fe6facfc3d698b6ec7faba9836eaab6365cf19e89,51c0e0565aca5167b6f3b67396f2c57a,38,3156193322a38e69575cab05aaadec1340c856a90200a0f8ff7b04273c4abac8,19.27,2026-06-03T16:07:46.400701+00:00,hmac-sha256
3c5db698c9c542a940fc873fe6facfc3d698b6ec7faba9836eaab6365cf19e89,51c0e0565aca5167b6f3b67396f2c57a,39,a55ad283646a011969b0fb60c0e12b85210bbadf85300ffd261714bc4115d645,64.59,2026-06-03T16:07:46.400737+00:00,hmac-sha256
3c5db698c9c542a940fc873fe6facfc3d698b6ec7faba9836eaab6365cf19e89,51c0e0565aca5167b6f3b67396f2c57a,40,c6b58eba12545733d5304b70ba92102bc8c133a455a2e82bde2db9fa5fa04560,77.62,2026-06-03T16:07:46.400773+00:00,hmac-sha256
3c5db698c9c542a940fc873fe6facfc3d698b6ec7faba9836eaab6365cf19e89,51c0e0565aca5167b6f3b67396f2c57a,41,b60393da8c71fcf6cc2d9964d0937f3bec0acc20876020dcc3cbd5aaaa02100c,71.1,2026-06-03T16:07:46.400808+00:00,hmac-sha256
3c5db698c9c542a940fc873fe6facfc3d698b6ec7faba9836eaab6365cf19e89,51c0e0565aca5167b6f3b67396f2c57a,42,14da4020d133931d9ff2a8c05c980951675b3d33b6c4529777cf79267862e333,8.14,2026-06-03T16:07:46.400846+00:00,hmac-sha256
3c5db698c9c542a940fc873fe6facfc3d698b6ec7faba9836eaab6365cf19e89,51c0e0565aca5167b6f3b67396f2c57a,43,e50559f77260fec1e56b21e033ba27ccada459c73badea6a81d00c6b17133302,89.47,2026-06-03T16:07:46.400882+00:00,hmac-sha256
3c5db698c9c542a940fc873fe6facfc3d698b6ec7faba9836eaab6365cf19e89,51c0e0565aca5167b6f3b67396f2c57a,44,1ba7a6aa198e071053727fdc96a99d4c0b99375e9109bd1ea0afaf0520d7023b,10.8,2026-06-03T16:07:46.400917+00:00,hmac-sha256
3c5db698c9c542a940fc873fe6facfc3d698b6ec7faba9836eaab6365cf19e89,51c0e0565aca5167b6f3b67396f2c57a,45,bbdfd59deac04cb0fc7631426887800d0a1837538d711480546bbeb4aeae6232,73.39,2026-06-03T16:07:46.400952+00:00,hmac-sha256
3c5db698c9c542a940fc873fe6facfc3d698b6ec7faba9836eaab6365cf19e89,51c0e0565aca5167b6f3b67396f2c57a,46,1d54f2416e2efe0a809b1d039aeb8709b93959e545a590d0452b669602a2e4e9,11.45,2026-06-03T16:07:46.400987+00:00,hmac-sha256
3c5db698c9c542a940fc873fe6facfc3d698b6ec7faba9836eaab6365cf19e89,51c0e0565aca5167b6f3b67396f2c57a,47,ba136cd243a9ce566ac725d8351ca3461f4b0f75b8218eabfc3c64cfcde31531,72.69,2026-06-03T16:07:46.401024+00:00,hmac-sha256
3c5db698c9c542a940fc873fe6facfc3d698b6ec7faba9836eaab6365cf19e89,51c0e0565aca5167b6f3b67396f2c57a,48,bfc19ed5cf605e36ff2f460a3ab4f6ebe59f8bda31e3fc5b09723742040b3a2c,74.91,2026-06-03T16:07:46.401060+00:00,hmac-sha256
3c5db698c9c542a940fc873fe6facfc3d698b6ec7faba9836eaab6365cf19e89,51c0e0565aca5167b6f3b67396f2c57a,49,64b5f5d2ec2b84d324d0ecf5574033d5ec1cddd4db89f1883ef632c78072ff62,39.34,2026-06-03T16:07:46.401095+00:00,hmac-sha256
3c5db698c9c542a940fc873fe6facfc3d698b6ec7faba9836eaab6365cf19e89,51c0e0565aca5167b6f3b67396f2c57a,50,a22b7747127676d2387b63f94f063cd38c4f20f0ba46c9b0f6bfbae276ec45c6,63.35,2026-06-03T16:07:46.401133+00:00,hmac-sha256
3c5db698c9c542a940fc873fe6facfc3d698b6ec7faba9836eaab6365cf19e89,51c0e0565aca5167b6f3b67396f2c57a,51,c939bc1e38d8672317d947b76e79a583e303122fcd18727ddc157f3419110ca6,78.61,2026-06-03T16:07:46.401171+00:00,hmac-sha256
3c5db698c9c542a940fc873fe6facfc3d698b6ec7faba9836eaab6365cf19e89,51c0e0565aca5167b6f3b67396f2c57a,52,fb43159f3969094f0a894170a908d05e95e30cd00c3d4243a229b7fc1c546b56,98.15,2026-06-03T16:07:46.401216+00:00,hmac-sha256
3c5db698c9c542a940fc873fe6facfc3d698b6ec7faba9836eaab6365cf19e89,51c0e0565aca5167b6f3b67396f2c57a,53,5b7de815e6dcfa4f606fcd948e9f589a3f937523be31dc3edc714e49c45213f6,35.74,2026-06-03T16:07:46.401334+00:00,hmac-sha256
3c5db698c9c542a940fc873fe6facfc3d698b6ec7faba9836eaab6365cf19e89,51c0e0565aca5167b6f3b67396f2c57a,54,311455229554488418e280045558c4b1e93c27f12c5d6bb68653b616b5dcdc17,19.17,2026-06-03T16:07:46.401392+00:00,hmac-sha256
3c5db698c9c542a940fc873fe6facfc3d698b6ec7faba9836eaab6365cf19e89,51c0e0565aca5167b6f3b67396f2c57a,55,8731c2a00812d83ac4d2dee590405adcf0f7f25880172f9cd431ce56c0ccd058,52.81,2026-06-03T16:07:46.401432+00:00,hmac-sha256
3c5db698c9c542a940fc873fe6facfc3d698b6ec7faba9836eaab6365cf19e89,51c0e0565aca5167b6f3b67396f2c57a,56,4c185f06d0ed1e71132a4c0c6f2fa7634ca1c3c346e69f26ab9a3c8fe9a1b309,29.72,2026-06-03T16:07:46.401468+00:00,hmac-sha256
3c5db698c9c542a940fc873fe6facfc3d698b6ec7faba9836eaab6365cf19e89,51c0e0565aca5167b6f3b67396f2c57a,57,7a2b63cd05c09c5e313d9c70ef9e579ebf9a652aad2c9c3d401b02c214b03640,47.72,2026-06-03T16:07:46.401505+00:00,hmac-sha256
3c5db698c9c542a940fc873fe6facfc3d698b6ec7faba9836eaab6365cf19e89,51c0e0565aca5167b6f3b67396f2c57a,58,8f86283c414cfcfdfdbf5bc240df891de93aaf82f92933ab5190cdb8324d4d3c,56.06,2026-06-03T16:07:46.401541+00:00,hmac-sha256
3c5db698c9c542a940fc873fe6facfc3d698b6ec7faba9836eaab6365cf19e89,51c0e0565aca5167b6f3b67396f2c57a,59,f6d565c91e3a4bbbe0e8f3f025a53b46b702623bfbfe8b8913bc4ae10ea8bd03,96.42,2026-06-03T16:07:46.401587+00:00,hmac-sha256
3c5db698c9c542a940fc873fe6facfc3d698b6ec7faba9836eaab6365cf19e89,51c0e0565aca5167b6f3b67396f2c57a,60,4ff8069e1c3de93649e3b2cb04cd780b289fbe38c7ecaa6239092d10c42674e2,31.24,2026-06-03T16:07:46.401623+00:00,hmac-sha256
3c5db698c9c542a940fc873fe6facfc3d698b6ec7faba9836eaab6365cf19e89,51c0e0565aca5167b6f3b67396f2c57a,61,71de785f28755db124bb5f9093b5e7a5c1f06bacf9eeb12c99fafcd75317f403,44.48,2026-06-03T16:07:46.401660+00:00,hmac-sha256
3c5db698c9c542a940fc873fe6facfc3d698b6ec7faba9836eaab6365cf19e89,51c0e0565aca5167b6f3b67396f2c57a,62,db0dcac5806421d4a8c9e00ca91ccee48dbb108e6d62f16ccd4035f4c0211f15,85.57,2026-06-03T16:07:46.401698+00:00,hmac-sha256
3c5db698c9c542a940fc873fe6facfc3d698b6ec7faba9836eaab6365cf19e89,51c0e0565aca5167b6f3b67396f2c57a,63,ad8aaf78d9f0942cebde196d7e4fccd098a80ba4cb27fa016a411c25fc9a918a,67.79,2026-06-03T16:07:46.401734+00:00,hmac-sha256
3c5db698c9c542a940fc873fe6facfc3d698b6ec7faba9836eaab6365cf19e89,51c0e0565aca5167b6f3b67396f2c57a,64,a47aeb6c76d55da76b01bb620e496d85ccd4f61314537a413811db7d6e6a94d9,64.25,2026-06-03T16:07:46.401776+00:00,hmac-sha256
3c5db698c9c542a940fc873fe6facfc3d698b6ec7faba9836eaab6365cf19e89,51c0e0565aca5167b6f3b67396f2c57a,65,f441d0ac7f9050a6559b8fc4938df806360f845d9f6996d204799d97df935d8a,95.42,2026-06-03T16:07:46.401811+00:00,hmac-sha256
3c5db698c9c542a940fc873fe6facfc3d698b6ec7faba9836eaab6365cf19e89,51c0e0565aca5167b6f3b67396f2c57a,66,fe0258d200d4d862a5b1e28465d75826f4adf9faf884a0cd5823d4f19af42ced,99.23,2026-06-03T16:07:46.401849+00:00,hmac-sha256
3c5db698c9c542a940fc873fe6facfc3d698b6ec7faba9836eaab6365cf19e89,51c0e0565aca5167b6f3b67396f2c57a,67,89f66634201859c4a2e91795bf347f77e90424db42ee1d5a2d9808f6f497de1a,53.89,2026-06-03T16:07:46.401887+00:00,hmac-sha256
3c5db698c9c542a940fc873fe6facfc3d698b6ec7faba9836eaab6365cf19e89,51c0e0565aca5167b6f3b67396f2c57a,68,c1ccf9f9fb78691b7c40b9ff299d86e0a1caa5dad2008eb5932fc2b88df6a186,75.71,2026-06-03T16:07:46.401924+00:00,hmac-sha256
3c5db698c9c542a940fc873fe6facfc3d698b6ec7faba9836eaab6365cf19e89,51c0e0565aca5167b6f3b67396f2c57a,69,04d63501ece30510fd0f808489f5c819e9edc7e9541e9ed1d8296d393c1d41b1,1.88,2026-06-03T16:07:46.401959+00:00,hmac-sha256
3c5db698c9c542a940fc873fe6facfc3d698b6ec7faba9836eaab6365cf19e89,51c0e0565aca5167b6f3b67396f2c57a,70,587d77647b08f5d25e9957ec1bb512c870eafd3355ad7b56a5cd440208b8128f,34.56,2026-06-03T16:07:46.401996+00:00,hmac-sha256
b386ecfe0164621b35fcce2ed9b76df840a68f610853593f5e8401ee05159352,51c0e0565aca5167b6f3b67396f2c57a,1,a8e2554fb65e743efc3411da0d2a8c1d796a7dc3cc6459a9b8a0a1593ae820bc,65.97,2026-06-03T16:07:46.402052+00:00,hmac-sha256
b386ecfe0164621b35fcce2ed9b76df840a68f610853593f5e8401ee05159352,51c0e0565aca5167b6f3b67396f2c57a,2,8287ddcd75ef39808bc1011cea9ee41aab80770cca1359c8a49730a793bd0ae0,50.99,2026-06-03T16:07:46.402093+00:00,hmac-sha256
b386ecfe0164621b35fcce2ed9b76df840a68f610853593f5e8401ee05159352,51c0e0565aca5167b6f3b67396f2c57a,3,0a0912c020f63713cf79db56681c94ecfc19ae6a23e94668f415da2aa04d15dc,3.92,2026-06-03T16:07:46.402131+00:00,hmac-sha256
b386ecfe0164621b35fcce2ed9b76df840a68f610853593f5e8401ee05159352,51c0e0565aca5167b6f3b67396f2c57a,4,5ae4235db9f94f45ddb731375efcecfd1ceec95a17371047b3822900c7db3453,35.5,2026-06-03T16:07:46.402169+00:00,hmac-sha256
b386ecfe0164621b35fcce2ed9b76df840a68f610853593f5e8401ee05159352,51c0e0565aca5167b6f3b67396f2c57a,5,aa68f20287e43239ef4909c52788cc11c0059289c358b01eafb324682eb042ed,66.57,2026-06-03T16:07:46.402206+00:00,hmac-sha256
b386ecfe0164621b35fcce2ed9b76df840a68f610853593f5e8401ee05159352,51c0e0565aca5167b6f3b67396f2c57a,6,76937b0247c4df606cd8de15811e0fb0eec3e46f15b594231a124019bafce864,46.32,2026-06-03T16:07:46.402242+00:00,hmac-sha256
b386ecfe0164621b35fcce2ed9b76df840a68f610853593f5e8401ee05159352,51c0e0565aca5167b6f3b67396f2c57a,7,f7f24ab9ebfe90fd270a062911107f7ae20893d3459d990d0a3475f7c97daabe,96.86,2026-06-03T16:07:46.402277+00:00,hmac-sha256
b386ecfe0164621b35fcce2ed9b76df840a68f610853593f5e8401ee05159352,51c0e0565aca5167b6f3b67396f2c57a,8,07b52f647d8966da37c9e6f2f5565402e08df8232e78d4a783a6404d85262a6e,3.01,2026-06-03T16:07:46.402313+00:00,hmac-sha256
b386ecfe0164621b35fcce2ed9b76df840a68f610853593f5e8401ee05159352,51c0e0565aca5167b6f3b67396f2c57a,9,f45f3a10644d3fcf99036e011e0d08f5099a165ecc2ce723ea3cbd5d8df4abbf,95.46,2026-06-03T16:07:46.402350+00:00,hmac-sha256
b386ecfe0164621b35fcce2ed9b76df840a68f610853593f5e8401ee05159352,51c0e0565aca5167b6f3b67396f2c57a,10,8a20527d9b1f783532519c208179baf731cd8bfb061e604ae18e73fcd9a7a5d1,53.96,2026-06-03T16:07:46.402386+00:00,hmac-sha256
b386ecfe0164621b35fcce2ed9b76df840a68f610853593f5e8401ee05159352,51c0e0565aca5167b6f3b67396f2c57a,11,c3a073b02b9585d6c39fc4766cd1b568ab2cd3cc064bdd2389c1e51948e9867b,76.42,2026-06-03T16:07:46.402424+00:00,hmac-sha256
b386ecfe0164621b35fcce2ed9b76df840a68f610853593f5e8401ee05159352,51c0e0565aca5167b6f3b67396f2c57a,12,892d22c506fe936ea916f79e0ec98ce0c4ee343e8508011c7d831236d5189184,53.58,2026-06-03T16:07:46.402459+00:00,hmac-sha256
b386ecfe0164621b35fcce2ed9b76df840a68f610853593f5e8401ee05159352,51c0e0565aca5167b6f3b67396f2c57a,13,0dfa7a71e52e4e52f7a8e318ec642bf0abbd5298fec0af9a5049437524ba120a,5.46,2026-06-03T16:07:46.402495+00:00,hmac-sha256
b386ecfe0164621b35fcce2ed9b76df840a68f610853593f5e8401ee05159352,51c0e0565aca5167b6f3b67396f2c57a,14,6b47afbadb9fce96c552ff90a3fe260500a0b64f977baff5b57f94f199edd8f1,41.91,2026-06-03T16:07:46.402530+00:00,hmac-sha256
b386ecfe0164621b35fcce2ed9b76df840a68f610853593f5e8401ee05159352,51c0e0565aca5167b6f3b67396f2c57a,15,b1e703dda98d847e41c5374ccb2ca26b7284d2cc9390f004abcd4567d40e9127,69.5,2026-06-03T16:07:46.402565+00:00,hmac-sha256
b386ecfe0164621b35fcce2ed9b76df840a68f610853593f5e8401ee05159352,51c0e0565aca5167b6f3b67396f2c57a,16,e146e14e82bf1f68933764b59614cc79dec98141c1c0ed08cfebff227bf50532,88.0,2026-06-03T16:07:46.402608+00:00,hmac-sha256
b386ecfe0164621b35fcce2ed9b76df840a68f610853593f5e8401ee05159352,51c0e0565aca5167b6f3b67396f2c57a,17,00525a7eab9ce4698af0bcd2309b02dc9b9cb6cc0d9ce901a5a6c320fe6a645e,0.12,2026-06-03T16:07:46.402644+00:00,hmac-sha256
b386ecfe0164621b35fcce2ed9b76df840a68f610853593f5e8401ee05159352,51c0e0565aca5167b6f3b67396f2c57a,18,32b9192b7d9d6368ad18ed01619c40cdab142249a4e32c4ea908055c299044e7,19.81,2026-06-03T16:07:46.402683+00:00,hmac-sha256
b386ecfe0164621b35fcce2ed9b76df840a68f610853593f5e8401ee05159352,51c0e0565aca5167b6f3b67396f2c57a,19,a1a935a8973662599fb13f2ccc0cad4cc7079d0a4ec3c6bfc9201d02104a66bf,63.15,2026-06-03T16:07:46.402720+00:00,hmac-sha256
b386ecfe0164621b35fcce2ed9b76df840a68f610853593f5e8401ee05159352,51c0e0565aca5167b6f3b67396f2c57a,20,8b552ef840419a1260ae8018de9a8b8a31546ae2cbd935a24b28a5b67ccd58b2,54.43,2026-06-03T16:07:46.402756+00:00,hmac-sha256
